file,frameIndex,x,y,w,h
change_000,0,0,0,16,16
change_001,0,16,0,16,16
change_002,0,32,0,16,16
change_003,0,48,0,16,16
change_004,0,64,0,16,16
change_005,0,80,0,16,16
change_006,0,96,0,16,16
change_007,0,112,0,16,16
change_008,0,0,16,16,16
change_009,0,16,16,16,16
change_010,0,32,16,16,16
change_011,0,48,16,16,16
change_012,0,64,16,16,16
change_013,0,80,16,16,16
change_014,0,96,16,16,16
change_015,0,112,16,16,16
change_016,0,0,32,16,16
change_017,0,16,32,16,16
change_018,0,32,32,16,16
change_019,0,48,32,16,16
change_020,0,64,32,16,16
change_021,0,80,32,16,16
change_022,0,96,32,16,16
change_023,0,112,32,16,16
change_024,0,0,48,16,16
change_025,0,16,48,16,16
change_026,0,32,48,16,16
change_027,0,48,48,16,16
change_028,0,64,48,16,16
change_029,0,80,48,16,16
change_030,0,96,48,16,16
change_031,0,112,48,16,16
change_032,0,0,64,16,16
change_033,0,16,64,16,16
change_034,0,32,64,16,16
change_035,0,48,64,16,16
change_036,0,64,64,16,16
change_037,0,80,64,16,16
change_038,0,96,64,16,16
change_039,0,112,64,16,16
change_040,0,0,80,16,16
change_041,0,16,80,16,16
change_042,0,32,80,16,16
change_043,0,48,80,16,16
change_044,0,64,80,16,16
change_045,0,80,80,16,16
change_046,0,96,80,16,16
change_047,0,112,80,16,16
change_048,0,0,96,16,16
change_049,0,16,96,16,16
change_050,0,32,96,16,16
change_051,0,48,96,16,16
change_052,0,64,96,16,16
change_053,0,80,96,16,16
change_054,0,96,96,16,16
change_055,0,112,96,16,16
change_056,0,0,112,16,16
change_057,0,16,112,16,16
change_058,0,32,112,16,16
change_059,0,48,112,16,16
change_060,0,64,112,16,16
change_061,0,80,112,16,16
change_062,0,96,112,16,16
change_063,0,112,112,16,16
change_064,0,0,128,16,16
change_065,0,16,128,16,16
change_066,0,32,128,16,16
change_067,0,48,128,16,16
change_068,0,64,128,16,16
change_069,0,80,128,16,16
change_070,0,96,128,16,16
change_071,0,112,128,16,16
change_072,0,0,144,16,16
change_073,0,16,144,16,16
change_074,0,32,144,16,16
change_075,0,48,144,16,16
change_076,0,64,144,16,16
change_077,0,80,144,16,16
change_078,0,96,144,16,16
change_079,0,112,144,16,16
change_080,0,0,160,16,16
change_081,0,16,160,16,16
change_082,0,32,160,16,16
change_083,0,48,160,16,16
change_084,0,64,160,16,16
change_085,0,80,160,16,16
change_086,0,96,160,16,16
change_087,0,112,160,16,16
change_088,0,0,176,16,16
change_089,0,16,176,16,16
change_090,0,32,176,16,16
change_091,0,48,176,16,16
change_092,0,64,176,16,16
change_093,0,80,176,16,16
change_094,0,96,176,16,16
change_095,0,112,176,16,16
change_096,0,0,192,16,16
change_097,0,16,192,16,16
change_098,0,32,192,16,16
change_099,0,48,192,16,16
change_100,0,64,192,16,16
change_101,0,80,192,16,16
change_102,0,96,192,16,16
change_103,0,112,192,16,16
change_104,0,0,208,16,16
change_105,0,16,208,16,16
change_106,0,32,208,16,16
change_107,0,48,208,16,16
change_108,0,64,208,16,16
change_109,0,80,208,16,16
change_110,0,96,208,16,16
change_111,0,112,208,16,16
change_112,0,0,224,16,16
change_113,0,16,224,16,16
change_114,0,32,224,16,16
change_115,0,48,224,16,16
change_116,0,64,224,16,16
change_117,0,80,224,16,16
change_118,0,96,224,16,16
change_119,0,112,224,16,16
change_120,0,0,240,16,16
change_121,0,16,240,16,16
change_122,0,32,240,16,16
change_123,0,48,240,16,16
change_124,0,64,240,16,16
change_125,0,80,240,16,16
change_126,0,96,240,16,16
change_127,0,112,240,16,16
change_128,0,0,256,16,16
change_129,0,16,256,16,16
change_130,0,32,256,16,16
change_131,0,48,256,16,16
change_132,0,64,256,16,16
change_133,0,80,256,16,16
change_134,0,96,256,16,16
change_135,0,112,256,16,16
change_136,0,0,272,16,16
change_137,0,16,272,16,16
change_138,0,32,272,16,16
change_139,0,48,272,16,16
change_140,0,64,272,16,16
change_141,0,80,272,16,16
change_142,0,96,272,16,16
change_143,0,112,272,16,16
change_144,0,0,288,16,16
change_145,0,16,288,16,16
change_146,0,32,288,16,16
change_147,0,48,288,16,16
change_148,0,64,288,16,16
change_149,0,80,288,16,16
change_150,0,96,288,16,16
change_151,0,112,288,16,16
change_152,0,0,304,16,16
change_153,0,16,304,16,16
change_154,0,32,304,16,16
change_155,0,48,304,16,16
change_156,0,64,304,16,16
change_157,0,80,304,16,16
change_158,0,96,304,16,16
change_159,0,112,304,16,16
change_160,0,0,320,16,16
change_161,0,16,320,16,16
change_162,0,32,320,16,16
change_163,0,48,320,16,16
change_164,0,64,320,16,16
change_165,0,80,320,16,16
change_166,0,96,320,16,16
change_167,0,112,320,16,16
change_168,0,0,336,16,16
change_169,0,16,336,16,16
change_170,0,32,336,16,16
change_171,0,48,336,16,16
change_172,0,64,336,16,16
change_173,0,80,336,16,16
change_174,0,96,336,16,16
change_175,0,112,336,16,16
change_176,0,0,352,16,16
change_177,0,16,352,16,16
change_178,0,32,352,16,16
change_179,0,48,352,16,16
change_180,0,64,352,16,16
change_181,0,80,352,16,16
change_182,0,96,352,16,16
change_183,0,112,352,16,16
change_184,0,0,368,16,16
change_185,0,16,368,16,16
change_186,0,32,368,16,16
change_187,0,48,368,16,16
change_188,0,64,368,16,16
change_189,0,80,368,16,16
change_190,0,96,368,16,16
change_191,0,112,368,16,16
change_192,0,0,384,16,16
change_193,0,16,384,16,16
change_194,0,32,384,16,16
change_195,0,48,384,16,16
change_196,0,64,384,16,16
change_197,0,80,384,16,16
change_198,0,96,384,16,16
change_199,0,112,384,16,16
change_200,0,0,400,16,16
change_201,0,16,400,16,16
change_202,0,32,400,16,16
change_203,0,48,400,16,16
change_204,0,64,400,16,16
change_205,0,80,400,16,16
change_206,0,96,400,16,16
change_207,0,112,400,16,16
change_208,0,0,416,16,16
change_209,0,16,416,16,16
change_210,0,32,416,16,16
change_211,0,48,416,16,16
change_212,0,64,416,16,16
change_213,0,80,416,16,16
change_214,0,96,416,16,16
change_215,0,112,416,16,16
change_216,0,0,432,16,16
change_217,0,16,432,16,16
change_218,0,32,432,16,16
change_219,0,48,432,16,16
change_220,0,64,432,16,16
change_221,0,80,432,16,16
change_222,0,96,432,16,16
change_223,0,112,432,16,16
change_224,0,0,448,16,16
change_225,0,16,448,16,16
change_226,0,32,448,16,16
change_227,0,48,448,16,16
change_228,0,64,448,16,16
change_229,0,80,448,16,16
change_230,0,96,448,16,16
change_231,0,112,448,16,16
change_232,0,0,464,16,16
change_233,0,16,464,16,16
change_234,0,32,464,16,16
change_235,0,48,464,16,16
change_236,0,64,464,16,16
change_237,0,80,464,16,16
change_238,0,96,464,16,16
change_239,0,112,464,16,16
change_240,0,0,480,16,16
change_241,0,16,480,16,16
change_242,0,32,480,16,16
change_243,0,48,480,16,16
change_244,0,64,480,16,16
change_245,0,80,480,16,16
change_246,0,96,480,16,16
change_247,0,112,480,16,16
change_248,0,0,496,16,16
change_249,0,16,496,16,16
change_250,0,32,496,16,16
change_251,0,48,496,16,16
change_252,0,64,496,16,16
change_253,0,80,496,16,16
change_254,0,96,496,16,16
change_255,0,112,496,16,16
change_256,0,0,512,16,16
change_257,0,16,512,16,16
change_258,0,32,512,16,16
change_259,0,48,512,16,16
change_260,0,64,512,16,16
change_261,0,80,512,16,16
change_262,0,96,512,16,16
change_263,0,112,512,16,16
change_264,0,0,528,16,16
change_265,0,16,528,16,16
change_266,0,32,528,16,16
change_267,0,48,528,16,16
change_268,0,64,528,16,16
change_269,0,80,528,16,16
change_270,0,96,528,16,16
change_271,0,112,528,16,16
change_272,0,0,544,16,16
change_273,0,16,544,16,16
change_274,0,32,544,16,16
change_275,0,48,544,16,16
change_276,0,64,544,16,16
change_277,0,80,544,16,16
change_278,0,96,544,16,16
change_279,0,112,544,16,16
change_280,0,0,560,16,16
change_281,0,16,560,16,16
change_282,0,32,560,16,16
change_283,0,48,560,16,16
change_284,0,64,560,16,16
change_285,0,80,560,16,16
change_286,0,96,560,16,16
change_287,0,112,560,16,16
change_288,0,0,576,16,16
change_289,0,16,576,16,16
change_290,0,32,576,16,16
change_291,0,48,576,16,16
change_292,0,64,576,16,16
change_293,0,80,576,16,16
change_294,0,96,576,16,16
change_295,0,112,576,16,16
change_296,0,0,592,16,16
change_297,0,16,592,16,16
change_298,0,32,592,16,16
change_299,0,48,592,16,16
change_300,0,64,592,16,16
change_301,0,80,592,16,16
change_302,0,96,592,16,16
change_303,0,112,592,16,16
change_304,0,0,608,16,16
change_305,0,16,608,16,16
change_306,0,32,608,16,16
change_307,0,48,608,16,16
change_308,0,64,608,16,16
change_309,0,80,608,16,16
change_310,0,96,608,16,16
change_311,0,112,608,16,16
change_312,0,0,624,16,16
change_313,0,16,624,16,16
change_314,0,32,624,16,16
change_315,0,48,624,16,16
change_316,0,64,624,16,16
change_317,0,80,624,16,16
change_318,0,96,624,16,16
change_319,0,112,624,16,16
change_320,0,0,640,16,16
change_321,0,16,640,16,16
change_322,0,32,640,16,16
change_323,0,48,640,16,16
change_324,0,64,640,16,16
change_325,0,80,640,16,16
change_326,0,96,640,16,16
change_327,0,112,640,16,16
change_328,0,0,656,16,16
change_329,0,16,656,16,16
change_330,0,32,656,16,16
change_331,0,48,656,16,16
change_332,0,64,656,16,16
change_333,0,80,656,16,16
change_334,0,96,656,16,16
change_335,0,112,656,16,16
change_336,0,0,672,16,16
change_337,0,16,672,16,16
change_338,0,32,672,16,16
change_339,0,48,672,16,16
change_340,0,64,672,16,16
change_341,0,80,672,16,16
change_342,0,96,672,16,16
change_343,0,112,672,16,16
change_344,0,0,688,16,16
change_345,0,16,688,16,16
change_346,0,32,688,16,16
change_347,0,48,688,16,16
change_348,0,64,688,16,16
change_349,0,80,688,16,16
change_350,0,96,688,16,16
change_351,0,112,688,16,16
change_352,0,0,704,16,16
change_353,0,16,704,16,16
change_354,0,32,704,16,16
change_355,0,48,704,16,16
change_356,0,64,704,16,16
change_357,0,80,704,16,16
change_358,0,96,704,16,16
change_359,0,112,704,16,16
change_360,0,0,720,16,16
change_361,0,16,720,16,16
change_362,0,32,720,16,16
change_363,0,48,720,16,16
change_364,0,64,720,16,16
change_365,0,80,720,16,16
change_366,0,96,720,16,16
change_367,0,112,720,16,16
change_368,0,0,736,16,16
change_369,0,16,736,16,16
change_370,0,32,736,16,16
change_371,0,48,736,16,16
change_372,0,64,736,16,16
change_373,0,80,736,16,16
change_374,0,96,736,16,16
change_375,0,112,736,16,16
change_376,0,0,752,16,16
change_377,0,16,752,16,16
change_378,0,32,752,16,16
change_379,0,48,752,16,16
change_380,0,64,752,16,16
change_381,0,80,752,16,16
change_382,0,96,752,16,16
change_383,0,112,752,16,16
change_384,0,0,768,16,16
change_385,0,16,768,16,16
change_386,0,32,768,16,16
change_387,0,48,768,16,16
change_388,0,64,768,16,16
change_389,0,80,768,16,16
change_390,0,96,768,16,16
change_391,0,112,768,16,16
change_392,0,0,784,16,16
change_393,0,16,784,16,16
change_394,0,32,784,16,16
change_395,0,48,784,16,16
change_396,0,64,784,16,16
change_397,0,80,784,16,16
change_398,0,96,784,16,16
change_399,0,112,784,16,16
change_400,0,0,800,16,16
change_401,0,16,800,16,16
change_402,0,32,800,16,16
change_403,0,48,800,16,16
change_404,0,64,800,16,16
change_405,0,80,800,16,16
change_406,0,96,800,16,16
change_407,0,112,800,16,16
change_408,0,0,816,16,16
change_409,0,16,816,16,16
change_410,0,32,816,16,16
change_411,0,48,816,16,16
change_412,0,64,816,16,16
change_413,0,80,816,16,16
change_414,0,96,816,16,16
change_415,0,112,816,16,16
change_416,0,0,832,16,16
change_417,0,16,832,16,16
change_418,0,32,832,16,16
change_419,0,48,832,16,16
change_420,0,64,832,16,16
change_421,0,80,832,16,16
change_422,0,96,832,16,16
change_423,0,112,832,16,16
change_424,0,0,848,16,16
change_425,0,16,848,16,16
change_426,0,32,848,16,16
change_427,0,48,848,16,16
change_428,0,64,848,16,16
change_429,0,80,848,16,16
change_430,0,96,848,16,16
change_431,0,112,848,16,16
change_432,0,0,864,16,16
change_433,0,16,864,16,16
change_434,0,32,864,16,16
change_435,0,48,864,16,16
change_436,0,64,864,16,16
change_437,0,80,864,16,16
change_438,0,96,864,16,16
change_439,0,112,864,16,16
change_440,0,0,880,16,16
change_441,0,16,880,16,16
change_442,0,32,880,16,16
change_443,0,48,880,16,16
change_444,0,64,880,16,16
change_445,0,80,880,16,16
change_446,0,96,880,16,16
change_447,0,112,880,16,16
change_448,0,0,896,16,16
change_449,0,16,896,16,16
change_450,0,32,896,16,16
change_451,0,48,896,16,16
change_452,0,64,896,16,16
change_453,0,80,896,16,16
change_454,0,96,896,16,16
change_455,0,112,896,16,16
change_456,0,0,912,16,16
change_457,0,16,912,16,16
change_458,0,32,912,16,16
change_459,0,48,912,16,16
change_460,0,64,912,16,16
change_461,0,80,912,16,16
change_462,0,96,912,16,16
change_463,0,112,912,16,16
change_464,0,0,928,16,16
change_465,0,16,928,16,16
change_466,0,32,928,16,16
change_467,0,48,928,16,16
change_468,0,64,928,16,16
change_469,0,80,928,16,16
change_470,0,96,928,16,16
change_471,0,112,928,16,16
change_472,0,0,944,16,16
change_473,0,16,944,16,16
change_474,0,32,944,16,16
change_475,0,48,944,16,16
change_476,0,64,944,16,16
change_477,0,80,944,16,16
change_478,0,96,944,16,16
change_479,0,112,944,16,16
change_480,0,0,960,16,16
change_481,0,16,960,16,16
change_482,0,32,960,16,16
change_483,0,48,960,16,16
change_484,0,64,960,16,16
change_485,0,80,960,16,16
change_486,0,96,960,16,16
change_487,0,112,960,16,16
change_488,0,0,976,16,16
change_489,0,16,976,16,16
change_490,0,32,976,16,16
change_491,0,48,976,16,16
change_492,0,64,976,16,16
change_493,0,80,976,16,16
change_494,0,96,976,16,16
change_495,0,112,976,16,16
change_496,0,0,992,16,16
change_497,0,16,992,16,16
change_498,0,32,992,16,16
change_499,0,48,992,16,16
change_500,0,64,992,16,16
change_501,0,80,992,16,16
change_502,0,96,992,16,16
change_503,0,112,992,16,16
change_504,0,0,1008,16,16
change_505,0,16,1008,16,16
change_506,0,32,1008,16,16
change_507,0,48,1008,16,16
change_508,0,64,1008,16,16
change_509,0,80,1008,16,16
change_510,0,96,1008,16,16
change_511,0,112,1008,16,16
