core/src/java/pd/items/Crystalnucleus.java,consum,prefix:stones
core/src/java/pd/items/summon/CallCoconut.java,consum,prefix:foods
core/src/java/pd/items/misc/RewardPaper.java,specific,prefix:documents
core/src/java/pd/items/ChallengeBook.java,specific,prefix:documents
core/src/java/pd/items/AdamantRing.java,equipment,prefix:rings
core/src/java/pd/items/misc/DemoScroll.java,specific,prefix:documents
core/src/java/pd/items/AdamantArmor.java,equipment,prefix:armor
core/src/java/pd/items/TenguKey.java,specific,prefix:keys
core/src/java/pd/items/misc/GunOfSoldier.java,equipment,prefix:weapons
core/src/java/pd/items/KnowledgeBook.java,specific,prefix:documents
core/src/java/pd/items/misc/FishBone.java,consum,prefix:foods
core/src/java/pd/items/Weightstone.java,consum,prefix:stones
core/src/java/pd/items/misc/GhostGirlRose.java,equipment,prefix:artifacts
core/src/java/pd/items/misc/AutoPotion.java,consum,prefix:potions
core/src/java/pd/items/misc/NeedPaper.java,specific,prefix:documents
core/src/java/pd/items/misc/UndeadBook.java,specific,prefix:documents
core/src/java/pd/items/misc/GrassBook.java,specific,prefix:documents
core/src/java/pd/items/CrystalVial.java,consum,prefix:stones
core/src/java/pd/items/AdamantWand.java,equipment,prefix:wands
core/src/java/pd/items/SacrificeBook.java,specific,prefix:documents
