id,alias
HORN_OF_PLENTY#0,ARTIFACT_HORN1
HORN_OF_PLENTY#1,ARTIFACT_HORN2
HORN_OF_PLENTY#2,ARTIFACT_HORN3
HORN_OF_PLENTY#3,ARTIFACT_HORN4
CHALICE_OF_BLOOD#0,ARTIFACT_CHALICE1
CHALICE_OF_BLOOD#1,ARTIFACT_CHALICE2
CHALICE_OF_BLOOD#2,ARTIFACT_CHALICE3
SANDALS_OF_NATURE#0,ARTIFACT_SANDALS
SANDALS_OF_NATURE#1,ARTIFACT_SHOES
SANDALS_OF_NATURE#2,ARTIFACT_BOOTS
SANDALS_OF_NATURE#3,ARTIFACT_GREAVES
DRIED_ROSE#0,ARTIFACT_ROSE1
DRIED_ROSE#1,ARTIFACT_ROSE2
DRIED_ROSE#2,ARTIFACT_ROSE3
summon_ele#0,SUMMON_ELE
summon_ele#1,SUMMON_ELE_FIRE
summon_ele#2,SUMMON_ELE_FROST
summon_ele#3,SUMMON_ELE_SHOCK
summon_ele#4,SUMMON_ELE_CHAOS
