file,class,oldTopDir,group,decidedBy
core/src/java/pd/items/medicine/Hardpill.java,Hardpill,medicine,consum,inherit:Pill
core/src/java/pd/items/wands/WandOfFirebolt.java,WandOfFirebolt,wands,equipment,image:EquipmentWandBasicWandDict
core/src/java/pd/items/weapon/ranges/AlloyBowS.java,AlloyBowS,weapon,(stay),none
core/src/java/pd/items/armor/ClassArmor.java,ClassArmor,armor,(stay),none
core/src/java/pd/items/stones/InventoryStone.java,InventoryStone,stones,(stay),none
core/src/java/pd/items/artifacts/CloakOfShadows.java,CloakOfShadows,artifacts,(stay),none
core/src/java/pd/items/weapon/rockcode/Mlaser.java,Mlaser,weapon,(stay),none
core/src/java/pd/items/weapon/melee/fusion/Trumpet.java,Trumpet,weapon,equipment,image:EquipmentEquipWeaponBasicWeaponDict
core/src/java/pd/items/armor/glyphs/Flow.java,Flow,armor,(stay),none
core/src/java/pd/items/scrolls/ScrollOfUpgrade.java,ScrollOfUpgrade,scrolls,(stay),none
core/src/java/pd/items/weapon/Weapon.java,Weapon,weapon,(stay),none
core/src/java/pd/items/weapon/missiles/darts/DisplacingDart.java,DisplacingDart,weapon,consum,image:ConsumThrowsDict
core/src/java/pd/items/weapon/melee/MagesStaff.java,MagesStaff,weapon,(stay),none
core/src/java/pd/items/misc/SkillOfDef.java,SkillOfDef,misc,(stay),none
core/src/java/pd/items/summon/ActiveMrDestructo.java,ActiveMrDestructo,summon,(stay),none
core/src/java/pd/items/sellitem/SheepFur.java,SheepFur,sellitem,(stay),none
core/src/java/pd/items/weapon/rockcode/Obubble.java,Obubble,weapon,(stay),none
core/src/java/pd/items/wands/WandOfLightning.java,WandOfLightning,wands,equipment,image:EquipmentWandBasicWandDict
core/src/java/pd/items/SpsAlchemyRecipes.java,SpsAlchemyRecipes,SpsAlchemyRecipes.java,(stay),none
core/src/java/pd/items/armor/normalarmor/ScaleArmor.java,ScaleArmor,armor,(stay),none
core/src/java/pd/items/journalpages/Sokoban1.java,Sokoban1,journalpages,(stay),none
core/src/java/pd/items/bombs/SpsFireBomb.java,SpsFireBomb,bombs,equipment,image:EquipmentEquipWeaponBombDict
core/src/java/pd/items/artifacts/LloydsBeacon.java,LloydsBeacon,artifacts,consum,image:ConsumUsefulUsefulDict
core/src/java/pd/items/armor/normalarmor/StyrofoamArmor.java,StyrofoamArmor,armor,(stay),none
core/src/java/pd/items/AdamantArmor.java,AdamantArmor,AdamantArmor.java,(stay),none
core/src/java/pd/items/rings/fusion/RingOfKnowledge.java,RingOfKnowledge,rings,equipment,inherit:Ring
core/src/java/pd/items/spells/CurseInfusion.java,CurseInfusion,spells,consum,image:ConsumScrollAmuletCrystalDict
core/src/java/pd/items/food/completefood/Gel.java,Gel,food,(stay),none
core/src/java/pd/items/challengelists/PrisonChallenge.java,PrisonChallenge,challengelists,specific,image:SpecificTaskDict
core/src/java/pd/items/food/meatfood/EarthMeat.java,EarthMeat,food,consum,image:ConsumFoodFoodDict
core/src/java/pd/items/weapon/missiles/darts/BlindingDart.java,BlindingDart,weapon,consum,image:ConsumThrowsDict
core/src/java/pd/items/food/fruit/Cloudberry.java,Cloudberry,food,consum,image:ConsumFoodFoodDict
core/src/java/pd/items/armor/curses/Multiplicity.java,Multiplicity,armor,(stay),none
core/src/java/pd/items/spells/UnstableSpell.java,UnstableSpell,spells,consum,image:ConsumScrollAmuletCrystalDict
core/src/java/pd/items/weapon/SpsRangedWeapon.java,SpsRangedWeapon,weapon,(stay),none
core/src/java/pd/items/food/completefood/FoodFans.java,FoodFans,food,(stay),none
core/src/java/pd/items/scrolls/exotic/ScrollOfDivination.java,ScrollOfDivination,scrolls,(stay),none
core/src/java/pd/items/armor/glyphs/Energyglyph.java,Energyglyph,armor,(stay),none
core/src/java/pd/items/weapon/missiles/meleethrow/MiniMoai.java,MiniMoai,weapon,(stay),none
core/src/java/pd/items/CurseBlood.java,CurseBlood,CurseBlood.java,(stay),none
core/src/java/pd/items/weapon/spammo/SpAmmo.java,SpAmmo,weapon,consum,image:ConsumUsefulUsefulDict
core/src/java/pd/items/weapon/missiles/buildblock/LegacyBuildBlock.java,LegacyBuildBlock,weapon,(stay),none
core/src/java/pd/items/Elevator.java,Elevator,Elevator.java,equipment,image:EquipmentNonEquipDict
core/src/java/pd/items/weapon/missiles/arrows/RiceBall.java,RiceBall,weapon,consum,image:ConsumThrowsDict
core/src/java/pd/items/weapon/melee/start/PixelTorch.java,PixelTorch,weapon,(stay),none
core/src/java/pd/items/weapon/ranges/StoneBowR.java,StoneBowR,weapon,(stay),none
core/src/java/pd/items/challengelists/ChallengePageDrops.java,ChallengePageDrops,challengelists,(stay),none
core/src/java/pd/items/weapon/melee/normalweapon/Nunchakus.java,Nunchakus,weapon,(stay),none
core/src/java/pd/items/weapon/enchantments/EnchantmentShock2.java,EnchantmentShock2,weapon,(stay),none
core/src/java/pd/items/trinkets/EyeOfNewt.java,EyeOfNewt,trinkets,equipment,image:EquipmentNonEquipDict
core/src/java/pd/items/stones/StoneOfBlink.java,StoneOfBlink,stones,consum,image:ConsumScrollAmuletAmuletDict
core/src/java/pd/items/AdamantWand.java,AdamantWand,AdamantWand.java,(stay),none
core/src/java/pd/items/weapon/melee/fusion/Nunchaku.java,Nunchaku,weapon,equipment,image:EquipmentEquipWeaponBasicWeaponDict
core/src/java/pd/items/food/completefood/Sishimi.java,Sishimi,food,consum,image:ConsumFoodFoodDict
core/src/java/pd/items/weapon/melee/normalweapon/Handaxe.java,HandAxe,weapon,(stay),none
core/src/java/pd/items/weapon/enchantments/Eldritch.java,Eldritch,weapon,(stay),none
core/src/java/pd/items/artifacts/AlchemistsToolkit.java,AlchemistsToolkit,artifacts,(stay),none
core/src/java/pd/items/quest/EscapeCrystal.java,EscapeCrystal,quest,consum,image:ConsumGoodsMaterialsMaterialsDict
core/src/java/pd/items/food/completefood/CompleteFood.java,CompleteFood,food,(stay),none
core/src/java/pd/items/eggs/randomone/RandomEgg.java,RandomEgg,eggs,(stay),none
core/src/java/pd/items/armor/glyphs/Obfuscation.java,Obfuscation,armor,(stay),none
core/src/java/pd/items/stones/StoneOfShock.java,StoneOfShock,stones,consum,image:ConsumScrollAmuletAmuletDict
core/src/java/pd/items/food/completefood/YearFood.java,YearFood,food,(stay),none
core/src/java/pd/items/weapon/missiles/throwing/TossWeapon.java,TossWeapon,weapon,(stay),none
core/src/java/pd/items/weapon/enchantments/EnchantmentDark.java,EnchantmentDark,weapon,(stay),none
core/src/java/pd/items/armor/normalarmor/MachineArmor.java,MachineArmor,armor,(stay),none
core/src/java/pd/items/SpecialCoin.java,SpecialCoin,SpecialCoin.java,(stay),none
core/src/java/pd/items/misc/JumpA.java,JumpA,misc,equipment,image:EquipmentNonEquipDict
core/src/java/pd/items/eggs/randomone/RandomEgg1.java,RandomEgg1,eggs,(stay),none
core/src/java/pd/items/nornstone/BlueNornStone.java,BlueNornStone,nornstone,(stay),none
core/src/java/pd/items/weapon/curses/Annoying.java,Annoying,weapon,(stay),none
core/src/java/pd/items/misc/GunOfSoldier.java,GunOfSoldier,misc,(stay),none
core/src/java/pd/items/potions/elixirs/ElixirOfToxicEssence.java,ElixirOfToxicEssence,potions,consum,image:ConsumPotionSeedBasicPotionDict
core/src/java/pd/items/weapon/melee/Flail.java,Flail,weapon,equipment,image:EquipmentEquipWeaponBasicWeaponDict
core/src/java/pd/items/weapon/missiles/ManyKnive.java,ManyKnive,weapon,equipment,image:EquipmentEquipWeaponUniqueWeaponDict
core/src/java/pd/items/food/AflyFood.java,AflyFood,food,consum,image:ConsumFoodFoodDict
core/src/java/pd/items/armor/normalarmor/DiscArmor.java,DiscArmor,armor,(stay),none
core/src/java/pd/items/weapon/enchantments/EnchantmentFire2.java,EnchantmentFire2,weapon,(stay),none
core/src/java/pd/items/eggs/ChocoboEgg.java,ChocoboEgg,eggs,consum,image:ConsumSummorDict
core/src/java/pd/items/SacrificeBook.java,SacrificeBook,SacrificeBook.java,(stay),none
core/src/java/pd/items/weapon/melee/start/DiamondPickaxe.java,DiamondPickaxe,weapon,(stay),none
core/src/java/pd/items/EmptyBody.java,EmptyBody,EmptyBody.java,(stay),none
core/src/java/pd/items/misc/JumpH.java,JumpH,misc,equipment,image:EquipmentNonEquipDict
core/src/java/pd/items/potions/PotionOfExperience.java,PotionOfExperience,potions,consum,inherit:Potion
core/src/java/pd/items/weapon/missiles/arrows/CharmFruit.java,CharmFruit,weapon,(stay),none
core/src/java/pd/items/quest/ChallengeJournal.java,ChallengeJournal,quest,(stay),none
core/src/java/pd/items/quest/VaultBeacon.java,VaultBeacon,quest,consum,image:ConsumScrollAmuletCrystalDict
core/src/java/pd/items/weapon/melee/special/RunicBlade.java,RunicBlade,weapon,(stay),none
core/src/java/pd/items/misc/FourClover.java,FourClover,misc,equipment,inherit:Ring
core/src/java/pd/items/misc/SkillOfAtk.java,SkillOfAtk,misc,(stay),none
core/src/java/pd/items/potions/exotic/PotionOfDragonsBreath.java,PotionOfDragonsBreath,potions,consum,inherit:ExoticPotion
core/src/java/pd/items/weapon/missiles/meleethrow/DragonBoat.java,DragonBoat,weapon,(stay),none
core/src/java/pd/items/weapon/missiles/arrows/GlassFruit.java,GlassFruit,weapon,consum,image:ConsumPotionSeedSeedDict
core/src/java/pd/items/weapon/missiles/MegaCannon.java,MegaCannon,weapon,(stay),none
core/src/java/pd/items/keys/SpsSkeletonKey.java,SpsSkeletonKey,keys,specific,image:SpecificKeyDict
core/src/java/pd/items/trinkets/FerretTuft.java,FerretTuft,trinkets,equipment,image:EquipmentNonEquipDict
core/src/java/pd/items/potions/brews/Brew.java,Brew,potions,consum,inherit:Potion
core/src/java/pd/items/stones/StoneOfDetectMagic.java,StoneOfDetectMagic,stones,consum,image:ConsumScrollAmuletAmuletDict
core/src/java/pd/items/misc/AutoPotion.java,AutoPotion,misc,equipment,inherit:Ring
core/src/java/pd/items/weapon/missiles/ThrowingHammer.java,ThrowingHammer,weapon,consum,image:ConsumThrowsDict
core/src/java/pd/items/skills/HuntressSkill.java,HuntressSkill,skills,(stay),none
core/src/java/pd/items/weapon/missiles/Javelin.java,Javelin,weapon,consum,image:ConsumThrowsDict
core/src/java/pd/items/potions/PotionOfParalyticGas.java,PotionOfParalyticGas,potions,consum,inherit:Potion
core/src/java/pd/items/Weightstone.java,Weightstone,Weightstone.java,(stay),none
core/src/java/pd/items/weapon/melee/normalweapon/MageBook.java,MageBook,weapon,(stay),none
core/src/java/pd/items/weapon/melee/normalweapon/WoodenStaff.java,WoodenStaff,weapon,(stay),none
core/src/java/pd/items/armor/normalarmor/CDArmor.java,CDArmor,armor,(stay),none
core/src/java/pd/items/armor/specialarmor/FollowerArmor.java,FollowerArmor,armor,(stay),none
core/src/java/pd/items/stones/StoneOfIntuition.java,StoneOfIntuition,stones,consum,image:ConsumScrollAmuletAmuletDict
core/src/java/pd/items/summon/ChinaMech.java,ChinaMech,summon,(stay),none
core/src/java/pd/items/artifacts/HornOfPlenty.java,HornOfPlenty,artifacts,equipment,image:EquipmentJewelleryArtifactDict
core/src/java/pd/items/reward/CaveReward.java,CaveReward,reward,(stay),none
core/src/java/pd/items/weapon/melee/RoundShield.java,RoundShield,weapon,equipment,image:EquipmentEquipWeaponBasicWeaponDict
core/src/java/pd/items/medicine/Foamedbeverage.java,Foamedbeverage,medicine,consum,inherit:Pill
core/src/java/pd/items/food/completefood/Herbmeat.java,Herbmeat,food,(stay),none
core/src/java/pd/items/food/StewedMeat.java,StewedMeat,food,consum,image:ConsumFoodFoodDict
core/src/java/pd/items/nornstone/YellowNornStone.java,YellowNornStone,nornstone,(stay),none
core/src/java/pd/items/scrolls/ScrollOfLullaby.java,ScrollOfLullaby,scrolls,(stay),none
core/src/java/pd/items/potions/exotic/PotionOfEarthenArmor.java,PotionOfEarthenArmor,potions,consum,inherit:ExoticPotion
core/src/java/pd/items/weapon/melee/normalweapon/Glaive.java,Glaive,weapon,(stay),none
core/src/java/pd/items/armor/glyphs/Fireglyph.java,Fireglyph,armor,(stay),none
core/src/java/pd/items/weapon/missiles/darts/TippedDart.java,TippedDart,weapon,(stay),none
core/src/java/pd/items/rings/Ring.java,Ring,rings,equipment,image:EquipmentJewelleryRingDict
core/src/java/pd/items/misc/AttackShield.java,AttackShield,misc,(stay),none
core/src/java/pd/items/medicine/Musicpill.java,Musicpill,medicine,consum,inherit:Pill
core/src/java/pd/items/eggs/VelociroosterEgg.java,VelociroosterEgg,eggs,consum,image:ConsumSummorDict
core/src/java/pd/items/trinkets/PetrifiedSeed.java,PetrifiedSeed,trinkets,equipment,image:EquipmentNonEquipDict
core/src/java/pd/items/quest/MetalShard.java,MetalShard,quest,consum,image:ConsumGoodsMaterialsMaterialsDict
core/src/java/pd/items/PocketBall.java,PocketBall,PocketBall.java,(stay),none
core/src/java/pd/items/weapon/melee/normalweapon/Scimitar.java,Scimitar,weapon,(stay),none
core/src/java/pd/items/weapon/missiles/HeavyBoomerang.java,HeavyBoomerang,weapon,consum,image:ConsumThrowsDict
core/src/java/pd/items/eggs/DogpetEgg.java,DogpetEgg,eggs,consum,image:ConsumSummorDict
core/src/java/pd/items/food/meatfood/FireMeat.java,FireMeat,food,consum,image:ConsumFoodFoodDict
core/src/java/pd/items/weapon/melee/special/ErrorW.java,ErrorW,weapon,(stay),none
core/src/java/pd/items/quest/PetCompendium.java,PetCompendium,quest,equipment,image:EquipmentJewelleryArtifactDict
core/src/java/pd/items/weapon/enchantments/Blazing.java,Blazing,weapon,(stay),none
core/src/java/pd/items/weapon/melee/relic/LokisFlail.java,LokisFlail,weapon,(stay),none
core/src/java/pd/items/sellitem/UncleDumbbell.java,UncleDumbbell,sellitem,consum,image:ConsumGoodsMaterialsGoodsDict
core/src/java/pd/items/misc/MechPocket.java,MechPocket,misc,(stay),none
core/src/java/pd/items/eggs/DwarfBoyEgg.java,DwarfBoyEgg,eggs,consum,image:ConsumSummorDict
core/src/java/pd/items/eggs/randomone/RandomEgg9.java,RandomEgg9,eggs,(stay),none
core/src/java/pd/items/bags/ScrollHolder.java,ScrollHolder,bags,equipment,image:EquipmentBagsDict
core/src/java/pd/items/weapon/missiles/meleethrow/HugeShuriken.java,HugeShuriken,weapon,(stay),none
core/src/java/pd/items/weapon/guns/ToyGun.java,ToyGun,weapon,(stay),none
core/src/java/pd/items/weapon/melee/StoneCross.java,StoneCross,weapon,(stay),none
core/src/java/pd/items/bombs/RegrowthBomb.java,RegrowthBomb,bombs,equipment,image:EquipmentEquipWeaponBombDict
core/src/java/pd/items/misc/BigBattery.java,BigBattery,misc,(stay),none
core/src/java/pd/items/weapon/ranges/RangePan.java,RangePan,weapon,(stay),none
core/src/java/pd/items/weapon/melee/special/WraithBreath.java,WraithBreath,weapon,(stay),none
core/src/java/pd/items/medicine/Shootpill.java,Shootpill,medicine,consum,inherit:Pill
core/src/java/pd/items/eggs/randomone/RandomDefEgg.java,RandomDefEgg,eggs,(stay),none
core/src/java/pd/items/eggs/GoldDragonEgg.java,GoldDragonEgg,eggs,consum,image:ConsumSummorDict
core/src/java/pd/items/weapon/melee/normalweapon/BattleAxe.java,BattleAxe,weapon,(stay),none
core/src/java/pd/items/armor/glyphs/Entanglement.java,Entanglement,armor,(stay),none
core/src/java/pd/items/trinkets/MimicTooth.java,MimicTooth,trinkets,equipment,image:EquipmentNonEquipDict
core/src/java/pd/items/potions/exotic/PotionOfMastery.java,PotionOfMastery,potions,consum,inherit:ExoticPotion
core/src/java/pd/items/sellitem/Simple360.java,Simple360,sellitem,(stay),none
core/src/java/pd/items/scrolls/ScrollOfRegrowth.java,ScrollOfRegrowth,scrolls,(stay),none
core/src/java/pd/items/TransmutationBall.java,TransmutationBall,TransmutationBall.java,(stay),none
core/src/java/pd/items/scrolls/exotic/ScrollOfDread.java,ScrollOfDread,scrolls,(stay),none
core/src/java/pd/items/artifacts/AlienBag.java,AlienBag,artifacts,equipment,image:EquipmentJewelleryArtifactDict
core/src/java/pd/items/medicine/Greaterpill.java,Greaterpill,medicine,consum,inherit:Pill
core/src/java/pd/items/food/SupplyRation.java,SupplyRation,food,(stay),none
core/src/java/pd/items/food/meatfood/DarkMeat.java,DarkMeat,food,consum,image:ConsumFoodFoodDict
core/src/java/pd/items/sellitem/LingHeart.java,LingHeart,sellitem,equipment,image:EquipmentJewelleryArtifactDict
core/src/java/pd/items/weapon/melee/normalweapon/Club.java,Club,weapon,(stay),none
core/src/java/pd/items/weapon/enchantments/SpsEnchantment.java,SpsEnchantment,weapon,(stay),none
core/src/java/pd/items/weapon/melee/normalweapon/Dagger.java,Dagger,weapon,(stay),none
core/src/java/pd/items/wands/WandOfBlackMeow.java,WandOfBlackMeow,wands,(stay),none
core/src/java/pd/items/rings/fusion/RingOfMagic.java,RingOfMagic,rings,equipment,inherit:Ring
core/src/java/pd/items/trinkets/DimensionalSundial.java,DimensionalSundial,trinkets,equipment,image:EquipmentNonEquipDict
core/src/java/pd/items/weapon/missiles/darts/CleansingDart.java,CleansingDart,weapon,consum,image:ConsumThrowsDict
core/src/java/pd/items/remains/BrokenHilt.java,BrokenHilt,remains,consum,image:ConsumUsefulCorpseRelicsDict
core/src/java/pd/items/eggs/KodoraEgg.java,KodoraEgg,eggs,consum,image:ConsumSummorDict
core/src/java/pd/items/artifacts/EtherealChains.java,EtherealChains,artifacts,(stay),none
core/src/java/pd/items/medicine/LingPotion.java,LingPotion,medicine,consum,inherit:Pill
core/src/java/pd/items/potions/elixirs/ElixirOfDragonsBlood.java,ElixirOfDragonsBlood,potions,consum,image:ConsumPotionSeedBasicPotionDict
core/src/java/pd/items/weapon/melee/normalweapon/Dualknive.java,Dualknive,weapon,(stay),none
core/src/java/pd/items/weapon/missiles/throwing/EscapeKnive.java,EscapeKnive,weapon,(stay),none
core/src/java/pd/items/weapon/rockcode/RockCode.java,RockCode,weapon,(stay),none
core/src/java/pd/items/summon/FairyCard.java,FairyCard,summon,consum,image:ConsumSummorDict
core/src/java/pd/items/rings/RingOfHaste.java,RingOfHaste,rings,equipment,inherit:Ring
core/src/java/pd/items/potions/PotionOfFrost.java,PotionOfFrost,potions,consum,inherit:Potion
core/src/java/pd/items/weapon/melee/Longsword.java,Longsword,weapon,equipment,image:EquipmentEquipWeaponBasicWeaponDict
core/src/java/pd/items/weapon/missiles/arrows/Arrows.java,Arrows,weapon,(stay),none
core/src/java/pd/items/armor/glyphs/Iceglyph.java,Iceglyph,armor,(stay),none
core/src/java/pd/items/food/meatfood/IceMeat.java,IceMeat,food,consum,image:ConsumFoodFoodDict
core/src/java/pd/items/journal/GuidePage.java,GuidePage,journal,specific,image:SpecificPagesDict
core/src/java/pd/items/scrolls/Scroll.java,Scroll,scrolls,(stay),none
core/src/java/pd/items/potions/PotionOfHaste.java,PotionOfHaste,potions,consum,inherit:Potion
core/src/java/pd/items/potions/PotionOfShield.java,PotionOfShield,potions,consum,inherit:SpsPotion
core/src/java/pd/items/Gold.java,Gold,Gold.java,specific,image:SpecificCurrencyDict
core/src/java/pd/items/misc/SeriousPunch.java,SeriousPunch,misc,equipment,image:EquipmentNonEquipDict
core/src/java/pd/items/armor/glyphs/Potential.java,Potential,armor,(stay),none
core/src/java/pd/items/food/FishCracker.java,FishCracker,food,(stay),none
core/src/java/pd/items/wands/DamageWand.java,DamageWand,wands,(stay),none
core/src/java/pd/items/wands/WandOfCorruption.java,WandOfCorruption,wands,equipment,image:EquipmentWandBasicWandDict
core/src/java/pd/items/eggs/randomone/RandomEgg7.java,RandomEgg7,eggs,(stay),none
core/src/java/pd/items/wands/WandOfCharm.java,WandOfCharm,wands,(stay),none
core/src/java/pd/items/Generator.java,Generator,Generator.java,(stay),none
core/src/java/pd/items/wands/WandOfMagicMissile.java,WandOfMagicMissile,wands,equipment,image:EquipmentWandBasicWandDict
core/src/java/pd/items/weapon/enchantments/EnchantmentShock.java,EnchantmentShock,weapon,(stay),none
core/src/java/pd/items/weapon/melee/fusion/WarDrum.java,WarDrum,weapon,equipment,image:EquipmentEquipWeaponBasicWeaponDict
core/src/java/pd/items/LevelDown.java,LevelDown,LevelDown.java,specific,image:SpecificTaskDict
core/src/java/pd/items/weapon/melee/relic/JupitersWraith.java,JupitersWraith,weapon,(stay),none
core/src/java/pd/items/weapon/melee/special/TenguSword.java,TenguSword,weapon,specific,image:SpecificTaskDict
core/src/java/pd/items/SaveYourLife.java,SaveYourLife,SaveYourLife.java,equipment,image:EquipmentNonEquipDict
core/src/java/pd/items/armor/curses/Bulk.java,Bulk,armor,(stay),none
core/src/java/pd/items/armor/normalarmor/BaseArmor.java,BaseArmor,armor,(stay),none
core/src/java/pd/items/eggs/LeryFireEgg.java,LeryFireEgg,eggs,consum,image:ConsumSummorDict
core/src/java/pd/items/misc/DanceLion.java,DanceLion,misc,(stay),none
core/src/java/pd/items/spells/TelekineticGrab.java,TelekineticGrab,spells,consum,image:ConsumScrollAmuletCrystalDict
core/src/java/pd/items/PocketBallFull.java,PocketBallFull,PocketBallFull.java,(stay),none
core/src/java/pd/items/medicine/RealgarWine.java,RealgarWine,medicine,consum,inherit:Pill
core/src/java/pd/items/Garbage.java,Garbage,Garbage.java,(stay),none
core/src/java/pd/items/journalpages/Sokoban3.java,Sokoban3,journalpages,(stay),none
core/src/java/pd/items/misc/MKbox.java,MKbox,misc,(stay),none
core/src/java/pd/items/food/completefood/FruitCandy.java,FruitCandy,food,consum,image:ConsumFoodFoodDict
core/src/java/pd/items/potions/brews/ShockingBrew.java,ShockingBrew,potions,consum,image:ConsumPotionSeedBasicPotionDict
core/src/java/pd/items/food/staplefood/NormalRation.java,NormalRation,food,(stay),none
core/src/java/pd/items/sellitem/CrossPhoto.java,CrossPhoto,sellitem,(stay),none
core/src/java/pd/items/VioletDewdrop.java,VioletDewdrop,VioletDewdrop.java,ground,image:GroundFunctionalFallingDict
core/src/java/pd/items/TreasureMap.java,TreasureMap,TreasureMap.java,(stay),none
core/src/java/pd/items/wands/WandOfFreeze.java,WandOfFreeze,wands,(stay),none
core/src/java/pd/items/scrolls/exotic/ScrollOfPrismaticImage.java,ScrollOfPrismaticImage,scrolls,(stay),none
core/src/java/pd/items/artifacts/TimeOclock.java,TimeOclock,artifacts,ground,image:GroundFunctionalFallingDict
core/src/java/pd/items/eggs/randomone/RandomEgg10.java,RandomEgg10,eggs,(stay),none
core/src/java/pd/items/wands/WandOfAcid.java,WandOfAcid,wands,equipment,image:EquipmentWandBasicWandDict
core/src/java/pd/items/armor/normalarmor/CeramicsArmor.java,CeramicsArmor,armor,(stay),none
core/src/java/pd/items/weapon/melee/start/EleKatana.java,EleKatana,weapon,(stay),none
core/src/java/pd/items/food/SmallRation.java,SmallRation,food,(stay),none
core/src/java/pd/items/artifacts/ChaliceOfBlood.java,ChaliceOfBlood,artifacts,equipment,image:EquipmentJewelleryArtifactDict
core/src/java/pd/items/TriforceOfPower.java,TriforceOfPower,TriforceOfPower.java,specific,inherit:TriforcePiece
core/src/java/pd/items/weapon/missiles/Shuriken.java,Shuriken,weapon,consum,image:ConsumThrowsDict
core/src/java/pd/items/weapon/guns/GunA.java,GunA,weapon,equipment,image:EquipmentEquipWeaponBasicWeaponDict
core/src/java/pd/items/spells/Spell.java,Spell,spells,(stay),none
core/src/java/pd/items/weapon/melee/fusion/FusionWeapon.java,FusionWeapon,weapon,(stay),none
core/src/java/pd/items/misc/Ankhshield.java,Ankhshield,misc,(stay),none
core/src/java/pd/items/bombs/StormBomb.java,StormBomb,bombs,equipment,inherit:Bomb
core/src/java/pd/items/armor/ClericArmor.java,ClericArmor,armor,(stay),none
core/src/java/pd/items/wands/WandOfFlock.java,WandOfFlock,wands,(stay),none
core/src/java/pd/items/food/completefood/Chocolate.java,Chocolate,food,consum,image:ConsumFoodFoodDict
core/src/java/pd/items/weapon/missiles/throwing/LynnDoll.java,LynnDoll,weapon,(stay),none
core/src/java/pd/items/artifacts/FlyChains.java,FlyChains,artifacts,(stay),none
core/src/java/pd/items/scrolls/exotic/ScrollOfPsionicBlast.java,ScrollOfPsionicBlast,scrolls,(stay),none
core/src/java/pd/items/weapon/missiles/meleethrow/Tamahawk.java,Tamahawk,weapon,(stay),none
core/src/java/pd/items/eggs/randomone/RandomEgg3.java,RandomEgg3,eggs,(stay),none
core/src/java/pd/items/wands/WandOf13.java,WandOf13,wands,(stay),none
core/src/java/pd/items/YellowDewdrop.java,YellowDewdrop,YellowDewdrop.java,ground,image:GroundFunctionalFallingDict
core/src/java/pd/items/potions/elixirs/ElixirOfHoneyedHealing.java,ElixirOfHoneyedHealing,potions,consum,inherit:Elixir
core/src/java/pd/items/armor/normalarmor/RubberArmor.java,RubberArmor,armor,(stay),none
core/src/java/pd/items/ArcaneResin.java,ArcaneResin,ArcaneResin.java,consum,image:ConsumScrollAmuletScrollDict
core/src/java/pd/items/wands/WandOfFireblast.java,WandOfFireblast,wands,equipment,image:EquipmentWandBasicWandDict
core/src/java/pd/items/weapon/ranges/PVCBowN.java,PVCBowN,weapon,(stay),none
core/src/java/pd/items/scrolls/ScrollOfIdentify.java,ScrollOfIdentify,scrolls,(stay),none
core/src/java/pd/items/Palantir.java,Palantir,Palantir.java,(stay),none
core/src/java/pd/items/challengelists/PowerChallenge.java,PowerChallenge,challengelists,specific,image:SpecificTaskDict
core/src/java/pd/items/food/fruit/Blackberry.java,Blackberry,food,consum,image:ConsumFoodFoodDict
core/src/java/pd/items/challengelists/ChallengeList.java,ChallengeList,challengelists,(stay),none
core/src/java/pd/items/weapon/rockcode/Alink.java,Alink,weapon,(stay),none
core/src/java/pd/items/weapon/rockcode/Lbox.java,Lbox,weapon,(stay),none
core/src/java/pd/items/eggs/randomone/RandomPetEgg.java,RandomPetEgg,eggs,(stay),none
core/src/java/pd/items/PuddingCup.java,PuddingCup,PuddingCup.java,(stay),none
core/src/java/pd/items/artifacts/Artifact.java,Artifact,artifacts,(stay),none
core/src/java/pd/items/armor/glyphs/SpsGlyph.java,SpsGlyph,armor,(stay),none
core/src/java/pd/items/weapon/rockcode/Dpotion.java,Dpotion,weapon,(stay),none
core/src/java/pd/items/armor/glyphs/AntiMagic.java,AntiMagic,armor,(stay),none
core/src/java/pd/items/weapon/missiles/arrows/ToxicFruit.java,ToxicFruit,weapon,(stay),none
core/src/java/pd/items/wands/WandOfWarding.java,WandOfWarding,wands,equipment,image:EquipmentWandBasicWandDict
core/src/java/pd/items/weapon/melee/special/FireCracker.java,FireCracker,weapon,equipment,image:EquipmentEquipWeaponBasicWeaponDict
core/src/java/pd/items/eggs/EasterEgg.java,EasterEgg,eggs,consum,image:ConsumSummorDict
core/src/java/pd/items/food/vegetable/DreamLeaf.java,DreamLeaf,food,consum,image:ConsumPotionSeedSeedDict
core/src/java/pd/items/Item.java,Item,Item.java,(stay),none
core/src/java/pd/items/weapon/rockcode/Zshield.java,Zshield,weapon,(stay),none
core/src/java/pd/items/food/vegetable/Vegetable.java,Vegetable,food,(stay),none
core/src/java/pd/items/eggs/DaturaEgg.java,DaturaEgg,eggs,consum,image:ConsumSummorDict
core/src/java/pd/items/armor/normalarmor/MailArmor.java,MailArmor,armor,(stay),none
core/src/java/pd/items/eggs/randomone/RandomEgg12.java,RandomEgg12,eggs,(stay),none
core/src/java/pd/items/medicine/DeathCap.java,DeathCap,medicine,consum,inherit:Pill
core/src/java/pd/items/eggs/ButterflypetEgg.java,ButterflypetEgg,eggs,(stay),none
core/src/java/pd/items/sellitem/JumperDancer.java,JumperDancer,sellitem,(stay),none
core/src/java/pd/items/weapon/ranges/StoneBowS.java,StoneBowS,weapon,(stay),none
core/src/java/pd/items/food/completefood/ZongZi.java,ZongZi,food,consum,image:ConsumFoodFoodDict
core/src/java/pd/items/KnowledgeBook.java,KnowledgeBook,KnowledgeBook.java,(stay),none
core/src/java/pd/items/trinkets/ChaoticCenser.java,ChaoticCenser,trinkets,equipment,image:EquipmentNonEquipDict
core/src/java/pd/items/food/meatfood/MeatFood.java,MeatFood,food,consum,image:ConsumFoodFoodDict
core/src/java/pd/items/challengelists/CityChallenge.java,CityChallenge,challengelists,(stay),none
core/src/java/pd/items/potions/brews/BlizzardBrew.java,BlizzardBrew,potions,consum,image:ConsumPotionSeedBasicPotionDict
core/src/java/pd/items/weapon/missiles/meleethrow/Tree.java,Tree,weapon,(stay),none
core/src/java/pd/items/food/GoldenNut.java,GoldenNut,food,(stay),none
core/src/java/pd/items/weapon/spammo/StarAmmo.java,StarAmmo,weapon,consum,inherit:SpAmmo
core/src/java/pd/items/weapon/curses/Pressurized.java,Pressurized,weapon,(stay),none
core/src/java/pd/items/eggs/randomone/RandomColEgg.java,RandomColEgg,eggs,(stay),none
core/src/java/pd/items/wands/WandOfTest.java,WandOfTest,wands,(stay),none
core/src/java/pd/items/weapon/melee/MeleeWeapon.java,MeleeWeapon,weapon,(stay),none
core/src/java/pd/items/weapon/melee/WarScythe.java,WarScythe,weapon,equipment,image:EquipmentEquipWeaponBasicWeaponDict
core/src/java/pd/items/food/completefood/FishPetFood.java,FishPetFood,food,consum,inherit:PetFood
core/src/java/pd/items/scrolls/ScrollOfDummy.java,ScrollOfDummy,scrolls,(stay),none
core/src/java/pd/items/armor/specialarmor/RenBArmor.java,RenBArmor,armor,(stay),none
core/src/java/pd/items/potions/exotic/PotionOfCorrosiveGas.java,PotionOfCorrosiveGas,potions,consum,inherit:ExoticPotion
core/src/java/pd/items/eggs/RandomEasterEgg.java,RandomEasterEgg,eggs,(stay),none
core/src/java/pd/items/eggs/GreenDragonEgg.java,GreenDragonEgg,eggs,consum,image:ConsumSummorDict
core/src/java/pd/items/scrolls/exotic/ScrollOfMetamorphosis.java,ScrollOfMetamorphosis,scrolls,(stay),none
core/src/java/pd/items/bombs/DungeonBomb.java,DungeonBomb,bombs,equipment,image:EquipmentEquipWeaponBombDict
core/src/java/pd/items/spells/BeaconOfReturning.java,BeaconOfReturning,spells,consum,image:ConsumScrollAmuletCrystalDict
core/src/java/pd/items/food/completefood/Meatroll.java,Meatroll,food,(stay),none
core/src/java/pd/items/weapon/guns/GunE.java,GunE,weapon,equipment,image:EquipmentEquipWeaponBasicWeaponDict
core/src/java/pd/items/bombs/Noisemaker.java,Noisemaker,bombs,equipment,image:EquipmentEquipWeaponBombDict
core/src/java/pd/items/weapon/melee/Dirk.java,Dirk,weapon,equipment,image:EquipmentEquipWeaponBasicWeaponDict
core/src/java/pd/items/weapon/missiles/throwing/MindArrow.java,MindArrow,weapon,(stay),none
core/src/java/pd/items/CapturedPetEgg.java,CapturedPetEgg,CapturedPetEgg.java,(stay),none
core/src/java/pd/items/Torch.java,Torch,Torch.java,consum,image:ConsumUsefulUsefulDict
core/src/java/pd/items/potions/brews/AquaBrew.java,AquaBrew,potions,consum,image:ConsumPotionSeedBasicPotionDict
core/src/java/pd/items/potions/brews/UnstableBrew.java,UnstableBrew,potions,consum,image:ConsumPotionSeedBasicPotionDict
core/src/java/pd/items/armor/glyphs/Changeglyph.java,Changeglyph,armor,(stay),none
core/src/java/pd/items/weapon/guns/GunWeapon.java,GunWeapon,weapon,(stay),none
core/src/java/pd/items/eggs/FlyEgg.java,FlyEgg,eggs,consum,image:ConsumSummorDict
core/src/java/pd/items/weapon/missiles/darts/HealingDart.java,HealingDart,weapon,consum,image:ConsumThrowsDict
core/src/java/pd/items/DolyaSlate.java,DolyaSlate,DolyaSlate.java,specific,image:SpecificTaskDict
core/src/java/pd/items/keys/GoldenKey.java,GoldenKey,keys,specific,image:SpecificKeyDict
core/src/java/pd/items/stones/StoneOfEnchantment.java,StoneOfEnchantment,stones,consum,image:ConsumScrollAmuletAmuletDict
core/src/java/pd/items/potions/PotionOfMending.java,PotionOfMending,potions,consum,inherit:SpsPotion
core/src/java/pd/items/weapon/spammo/ThornAmmo.java,ThornAmmo,weapon,consum,inherit:SpAmmo
core/src/java/pd/items/food/completefood/Mediummeat.java,Mediummeat,food,(stay),none
core/src/java/pd/items/MitBottle.java,MitBottle,MitBottle.java,(stay),none
core/src/java/pd/items/potions/PotionOfMixing.java,PotionOfMixing,potions,consum,inherit:SpsPotion
core/src/java/pd/items/bags/ShoppingCart.java,ShoppingCart,bags,equipment,image:EquipmentBagsDict
core/src/java/pd/items/food/completefood/Icecream.java,Icecream,food,consum,image:ConsumFoodFoodDict
core/src/java/pd/items/quest/AdventureJournal.java,AdventureJournal,quest,specific,image:SpecificPagesDict
core/src/java/pd/items/quest/GooBlob.java,GooBlob,quest,consum,image:ConsumGoodsMaterialsMaterialsDict
core/src/java/pd/items/sellitem/HunterLens.java,HunterLens,sellitem,ground,image:GroundFunctionalFallingDict
core/src/java/pd/items/misc/LeaderFlag.java,LeaderFlag,misc,(stay),none
core/src/java/pd/items/food/fruit/Moonberry.java,Moonberry,food,consum,image:ConsumFoodFoodDict
core/src/java/pd/items/weapon/melee/fusion/WindBottle.java,WindBottle,weapon,equipment,image:EquipmentWandBasicWandDict
core/src/java/pd/items/wands/WandOfFrost.java,WandOfFrost,wands,equipment,image:EquipmentWandBasicWandDict
core/src/java/pd/items/weapon/missiles/arrows/SpsFruit.java,SpsFruit,weapon,(stay),none
core/src/java/pd/items/wands/WandOfTCloud.java,WandOfTCloud,wands,equipment,image:EquipmentWandBasicWandDict
core/src/java/pd/items/KindOfWeapon.java,KindOfWeapon,KindOfWeapon.java,(stay),none
core/src/java/pd/items/armor/glyphs/Crystalglyph.java,Crystalglyph,armor,(stay),none
core/src/java/pd/items/armor/curses/Overgrowth.java,Overgrowth,armor,(stay),none
core/src/java/pd/items/eggs/SnakeEgg.java,SnakeEgg,eggs,consum,image:ConsumSummorDict
core/src/java/pd/items/eggs/BlueDragonEgg.java,BlueDragonEgg,eggs,consum,image:ConsumSummorDict
core/src/java/pd/items/weapon/missiles/ThrowingStone.java,ThrowingStone,weapon,consum,image:ConsumThrowsDict
core/src/java/pd/items/eggs/CocoCatEgg.java,CocoCatEgg,eggs,(stay),none
core/src/java/pd/items/weapon/spammo/DreamAmmo.java,DreamAmmo,weapon,consum,inherit:SpAmmo
core/src/java/pd/items/weapon/missiles/buildblock/WallBlock.java,WallBlock,weapon,(stay),none
core/src/java/pd/items/medicine/Powerpill.java,Powerpill,medicine,consum,inherit:Pill
core/src/java/pd/items/UpgradeBlob.java,UpgradeBlob,UpgradeBlob.java,(stay),none
core/src/java/pd/items/armor/glyphs/Swiftness.java,Swiftness,armor,(stay),none
core/src/java/pd/items/artifacts/fusion/NoomlinCrown.java,NoomlinCrown,artifacts,(stay),none
core/src/java/pd/items/medicine/Pill.java,Pill,medicine,consum,image:ConsumPotionSeedBasicPotionDict
core/src/java/pd/items/weapon/missiles/darts/IncendiaryDart.java,IncendiaryDart,weapon,consum,image:ConsumThrowsDict
core/src/java/pd/items/rings/RingOfTenacity.java,RingOfTenacity,rings,equipment,inherit:Ring
core/src/java/pd/items/weapon/spammo/GoldAmmo.java,GoldAmmo,weapon,consum,inherit:SpAmmo
core/src/java/pd/items/armor/normalarmor/StoneArmor.java,StoneArmor,armor,(stay),none
core/src/java/pd/items/wands/CannonOfMage.java,CannonOfMage,wands,equipment,image:EquipmentWandUniqueWandDict
core/src/java/pd/items/weapon/melee/start/HolyMace.java,HolyMace,weapon,(stay),none
core/src/java/pd/items/trinkets/ParchmentScrap.java,ParchmentScrap,trinkets,equipment,image:EquipmentNonEquipDict
core/src/java/pd/items/sellitem/BrokenHammer.java,BrokenHammer,sellitem,(stay),none
core/src/java/pd/items/weapon/missiles/darts/PoisonDart.java,PoisonDart,weapon,consum,image:ConsumThrowsDict
core/src/java/pd/items/potions/exotic/PotionOfDivineInspiration.java,PotionOfDivineInspiration,potions,consum,inherit:ExoticPotion
core/src/java/pd/items/weapon/melee/normalweapon/FightGloves.java,FightGloves,weapon,(stay),none
core/src/java/pd/items/bags/HeartOfScarecrow.java,HeartOfScarecrow,bags,equipment,image:EquipmentBagsDict
core/src/java/pd/items/weapon/missiles/throwing/HoneyArrow.java,HoneyArrow,weapon,consum,image:ConsumThrowsDict
core/src/java/pd/items/weapon/missiles/arrows/HealFruit.java,HealFruit,weapon,(stay),none
core/src/java/pd/items/skills/AsceticSkill.java,AsceticSkill,skills,consum,image:ConsumScrollAmuletAmuletDict
core/src/java/pd/items/OrbOfZot.java,OrbOfZot,OrbOfZot.java,(stay),none
core/src/java/pd/items/stones/StoneOfClairvoyance.java,StoneOfClairvoyance,stones,consum,image:ConsumScrollAmuletAmuletDict
core/src/java/pd/items/food/completefood/PerfectFood.java,PerfectFood,food,(stay),none
core/src/java/pd/items/remains/RemainsItem.java,RemainsItem,remains,(stay),none
core/src/java/pd/items/quest/DarkGold.java,DarkGold,quest,specific,image:SpecificTaskDict
core/src/java/pd/items/artifacts/GlassTotem.java,GlassTotem,artifacts,equipment,image:EquipmentJewelleryArtifactDict
core/src/java/pd/items/medicine/MendingTonic.java,MendingTonic,medicine,consum,image:ConsumPotionSeedBasicPotionDict
core/src/java/pd/items/potions/PotionOfMight.java,PotionOfMight,potions,consum,inherit:SpsPotion
core/src/java/pd/items/bombs/HugeBomb.java,HugeBomb,bombs,equipment,inherit:Bomb
core/src/java/pd/items/trinkets/Trinket.java,Trinket,trinkets,(stay),none
core/src/java/pd/items/weapon/melee/HandLight.java,HandLight,weapon,(stay),none
core/src/java/pd/items/weapon/missiles/darts/ChillingDart.java,ChillingDart,weapon,consum,image:ConsumThrowsDict
core/src/java/pd/items/potions/exotic/PotionOfCleansing.java,PotionOfCleansing,potions,consum,inherit:ExoticPotion
core/src/java/pd/items/challengelists/IceChallenge.java,IceChallenge,challengelists,(stay),none
core/src/java/pd/items/food/fusion/Nut.java,Nut,food,(stay),none
core/src/java/pd/items/weapon/enchantments/EnchantmentIce.java,EnchantmentIce,weapon,(stay),none
core/src/java/pd/items/potions/exotic/PotionOfSnapFreeze.java,PotionOfSnapFreeze,potions,consum,inherit:ExoticPotion
core/src/java/pd/items/weapon/missiles/arrows/FireFruit.java,FireFruit,weapon,(stay),none
core/src/java/pd/items/quest/DwarfToken.java,DwarfToken,quest,specific,image:SpecificTaskDict
core/src/java/pd/items/wands/WandOfSwamp.java,WandOfSwamp,wands,equipment,image:EquipmentWandBasicWandDict
core/src/java/pd/items/weapon/melee/Crossbow.java,Crossbow,weapon,equipment,image:EquipmentEquipWeaponBasicWeaponDict
core/src/java/pd/items/trinkets/ExoticCrystals.java,ExoticCrystals,trinkets,equipment,image:EquipmentNonEquipDict
core/src/java/pd/items/rings/RingOfSharpshooting.java,RingOfSharpshooting,rings,equipment,inherit:Ring
core/src/java/pd/items/sellitem/Mirror2.java,Mirror2,sellitem,(stay),none
core/src/java/pd/items/weapon/rockcode/Nshuriken.java,Nshuriken,weapon,(stay),none
core/src/java/pd/items/scrolls/exotic/ScrollOfEnchantment.java,ScrollOfEnchantment,scrolls,(stay),none
core/src/java/pd/items/bags/ArrowCollecter.java,ArrowCollecter,bags,equipment,image:EquipmentBagsDict
core/src/java/pd/items/skills/FollowerSkill.java,FollowerSkill,skills,(stay),none
core/src/java/pd/items/potions/PotionOfHealing.java,PotionOfHealing,potions,consum,inherit:Potion
core/src/java/pd/items/medicine/JackOLantern.java,JackOLantern,medicine,consum,inherit:Pill
core/src/java/pd/items/food/completefood/Vegetablesoup.java,Vegetablesoup,food,consum,image:ConsumFoodFoodDict
core/src/java/pd/items/wands/WandOfBlastWave.java,WandOfBlastWave,wands,equipment,image:EquipmentWandBasicWandDict
core/src/java/pd/items/TriforceOfWisdom.java,TriforceOfWisdom,TriforceOfWisdom.java,specific,inherit:TriforcePiece
core/src/java/pd/items/potions/elixirs/ElixirOfFeatherFall.java,ElixirOfFeatherFall,potions,consum,image:ConsumPotionSeedBasicPotionDict
core/src/java/pd/items/bags/SeedPouch.java,SeedPouch,bags,equipment,image:EquipmentBagsDict
core/src/java/pd/items/bombs/LightBomb.java,LightBomb,bombs,equipment,inherit:Bomb
core/src/java/pd/items/artifacts/DriedRose.java,DriedRose,artifacts,equipment,image:EquipmentJewelleryArtifactDict
core/src/java/pd/items/keys/GoldenSkeletonKey.java,GoldenSkeletonKey,keys,(stay),none
core/src/java/pd/items/weapon/enchantments/Corrupting.java,Corrupting,weapon,(stay),none
core/src/java/pd/items/eggs/YearPetEgg.java,YearPetEgg,eggs,(stay),none
core/src/java/pd/items/Heap.java,Heap,Heap.java,(stay),none
core/src/java/pd/items/skills/ClassSkill.java,ClassSkill,skills,(stay),none
core/src/java/pd/items/weapon/guns/GunD.java,GunD,weapon,equipment,image:EquipmentEquipWeaponBasicWeaponDict
core/src/java/pd/items/Crystalnucleus.java,Crystalnucleus,Crystalnucleus.java,(stay),none
core/src/java/pd/items/food/completefood/PetFood.java,PetFood,food,consum,image:ConsumUsefulUsefulDict
core/src/java/pd/items/armor/glyphs/Revivalglyph.java,Revivalglyph,armor,(stay),none
core/src/java/pd/items/armor/specialarmor/TestArmor.java,TestArmor,armor,(stay),none
core/src/java/pd/items/TenguKey.java,TenguKey,TenguKey.java,(stay),none
core/src/java/pd/items/AdamantWeapon.java,AdamantWeapon,AdamantWeapon.java,consum,image:ConsumGoodsMaterialsMaterialsDict
core/src/java/pd/items/journal/Guidebook.java,Guidebook,journal,consum,image:ConsumUsefulProcessEnhanceDict
core/src/java/pd/items/food/meatfood/Meat.java,Meat,food,consum,image:ConsumFoodFoodDict
core/src/java/pd/items/remains/BrokenStaff.java,BrokenStaff,remains,consum,image:ConsumUsefulCorpseRelicsDict
core/src/java/pd/items/weapon/missiles/Trident.java,Trident,weapon,consum,image:ConsumThrowsDict
core/src/java/pd/items/scrolls/ScrollOfTransmutation.java,ScrollOfTransmutation,scrolls,(stay),none
core/src/java/pd/items/BrokenSeal.java,BrokenSeal,BrokenSeal.java,(stay),none
core/src/java/pd/items/LiquidMetal.java,LiquidMetal,LiquidMetal.java,consum,image:ConsumPotionSeedBasicPotionDict
core/src/java/pd/items/weapon/spammo/BattleAmmo.java,BattleAmmo,weapon,consum,inherit:SpAmmo
core/src/java/pd/items/medicine/MagicPill.java,MagicPill,medicine,consum,inherit:Pill
core/src/java/pd/items/food/SpsFoodRecipes.java,SpsFoodRecipes,food,(stay),none
core/src/java/pd/items/weapon/missiles/darts/ParalyticDart.java,ParalyticDart,weapon,consum,image:ConsumThrowsDict
core/src/java/pd/items/weapon/missiles/buildblock/DoorBlock.java,DoorBlock,weapon,consum,image:ConsumThrowsDict
core/src/java/pd/items/wands/WandOfLivingEarth.java,WandOfLivingEarth,wands,equipment,image:EquipmentWandBasicWandDict
core/src/java/pd/items/eggs/PigpetEgg.java,PigpetEgg,eggs,consum,image:ConsumSummorDict
core/src/java/pd/items/scrolls/exotic/ScrollOfForesight.java,ScrollOfForesight,scrolls,(stay),none
core/src/java/pd/items/weapon/spammo/DewAmmo.java,DewAmmo,weapon,consum,inherit:SpAmmo
core/src/java/pd/items/armor/glyphs/Earthglyph.java,Earthglyph,armor,(stay),none
core/src/java/pd/items/eggs/randomone/RandomAtkEgg.java,RandomAtkEgg,eggs,(stay),none
core/src/java/pd/items/Triforce.java,Triforce,Triforce.java,specific,image:SpecificTaskDict
core/src/java/pd/items/skills/WarriorSkill.java,WarriorSkill,skills,(stay),none
core/src/java/pd/items/bombs/IceBomb.java,IceBomb,bombs,equipment,inherit:Bomb
core/src/java/pd/items/weapon/melee/normalweapon/Whip.java,Whip,weapon,(stay),none
core/src/java/pd/items/food/PhantomMeat.java,PhantomMeat,food,consum,image:ConsumFoodFoodDict
core/src/java/pd/items/misc/NmHealBag.java,NmHealBag,misc,(stay),none
core/src/java/pd/items/weapon/ranges/AlloyBowN.java,AlloyBowN,weapon,(stay),none
core/src/java/pd/items/summon/Mobile.java,Mobile,summon,(stay),none
core/src/java/pd/items/weapon/melee/fusion/Harp.java,Harp,weapon,(stay),none
core/src/java/pd/items/quest/GnollClothes.java,GnollClothes,quest,specific,image:SpecificTaskDict
core/src/java/pd/items/potions/PotionOfInvisibility.java,PotionOfInvisibility,potions,consum,inherit:Potion
core/src/java/pd/items/wands/WandOfDisintegration.java,WandOfDisintegration,wands,(stay),none
core/src/java/pd/items/weapon/melee/fusion/Flute.java,Flute,weapon,equipment,image:EquipmentWandBasicWandDict
core/src/java/pd/items/weapon/missiles/Bolas.java,Bolas,weapon,consum,image:ConsumThrowsDict
core/src/java/pd/items/weapon/melee/Greataxe.java,Greataxe,weapon,equipment,image:EquipmentEquipWeaponBasicWeaponDict
core/src/java/pd/items/spells/SummonElemental.java,SummonElemental,spells,consum,image:ConsumScrollAmuletCrystalDict
core/src/java/pd/items/weapon/melee/fusion/RitualBlade.java,RitualBlade,weapon,equipment,image:EquipmentEquipWeaponBasicWeaponDict
core/src/java/pd/items/weapon/rockcode/Bmech.java,Bmech,weapon,(stay),none
core/src/java/pd/items/misc/PPC.java,PPC,misc,(stay),none
core/src/java/pd/items/potions/exotic/PotionOfStamina.java,PotionOfStamina,potions,consum,inherit:ExoticPotion
core/src/java/pd/items/Towel.java,Towel,Towel.java,equipment,image:EquipmentEquipArmorUniqueArmorDict
core/src/java/pd/items/weapon/enchantments/EnchantmentEnergy2.java,EnchantmentEnergy2,weapon,(stay),none
core/src/java/pd/items/skills/MageSkill.java,MageSkill,skills,(stay),none
core/src/java/pd/items/UpgradeEatBall.java,UpgradeEatBall,UpgradeEatBall.java,(stay),none
core/src/java/pd/items/armor/curses/Corrosion.java,Corrosion,armor,(stay),none
core/src/java/pd/items/food/completefood/Honeymeat.java,Honeymeat,food,(stay),none
core/src/java/pd/items/weapon/enchantments/Elastic.java,Elastic,weapon,(stay),none
core/src/java/pd/items/weapon/spammo/MossAmmo.java,MossAmmo,weapon,consum,inherit:SpAmmo
core/src/java/pd/items/potions/exotic/PotionOfShielding.java,PotionOfShielding,potions,consum,inherit:ExoticPotion
core/src/java/pd/items/eggs/FrogpetEgg.java,FrogpetEgg,eggs,consum,image:ConsumSummorDict
core/src/java/pd/items/food/completefood/MoonCake.java,MoonCake,food,consum,image:ConsumFoodFoodDict
core/src/java/pd/items/GreenDewdrop.java,GreenDewdrop,GreenDewdrop.java,ground,image:GroundFunctionalFallingDict
core/src/java/pd/items/eggs/StarKidEgg.java,StarKidEgg,eggs,consum,image:ConsumSummorDict
core/src/java/pd/items/food/completefood/Ricefood.java,Ricefood,food,consum,image:ConsumFoodFoodDict
core/src/java/pd/items/potions/PotionOfOverHealing.java,PotionOfOverHealing,potions,consum,inherit:SpsPotion
core/src/java/pd/items/weapon/enchantments/Lucky.java,Lucky,weapon,(stay),none
core/src/java/pd/items/misc/GnollMark.java,GnollMark,misc,(stay),none
core/src/java/pd/items/food/completefood/Porksoup.java,Porksoup,food,(stay),none
core/src/java/pd/items/eggs/GentleCrabEgg.java,GentleCrabEgg,eggs,consum,image:ConsumSummorDict
core/src/java/pd/items/weapon/enchantments/EnchantmentDark2.java,EnchantmentDark2,weapon,(stay),none
core/src/java/pd/items/artifacts/TimekeepersHourglass.java,TimekeepersHourglass,artifacts,ground,image:GroundFunctionalFallingDict
core/src/java/pd/items/weapon/missiles/ShootGun.java,ShootGun,weapon,(stay),none
core/src/java/pd/items/food/completefood/Kebab.java,Kebab,food,consum,image:ConsumFoodFoodDict
core/src/java/pd/items/Waterskin.java,Waterskin,Waterskin.java,(stay),none
core/src/java/pd/items/weapon/missiles/throwing/Boomerang.java,Boomerang,weapon,consum,image:ConsumThrowsDict
core/src/java/pd/items/weapon/melee/Cudgel.java,Cudgel,weapon,(stay),none
core/src/java/pd/items/weapon/ranges/MetalBowN.java,MetalBowN,weapon,(stay),none
core/src/java/pd/items/weapon/enchantments/Chilling.java,Chilling,weapon,(stay),none
core/src/java/pd/items/weapon/enchantments/Blocking.java,Blocking,weapon,(stay),none
core/src/java/pd/items/food/completefood/Vegetablekebab.java,Vegetablekebab,food,consum,image:ConsumFoodFoodDict
core/src/java/pd/items/medicine/Timepill2.java,Timepill2,medicine,ground,image:GroundFunctionalFallingDict
core/src/java/pd/items/food/staplefood/StapleFood.java,StapleFood,food,(stay),none
core/src/java/pd/items/weapon/missiles/arrows/BlindFruit.java,BlindFruit,weapon,(stay),none
core/src/java/pd/items/wands/WandOfCorrosion.java,WandOfCorrosion,wands,(stay),none
core/src/java/pd/items/weapon/curses/Friendly.java,Friendly,weapon,(stay),none
core/src/java/pd/items/trinkets/VialOfBlood.java,VialOfBlood,trinkets,equipment,image:EquipmentNonEquipDict
core/src/java/pd/items/bags/WandHolster.java,WandHolster,bags,equipment,image:EquipmentBagsDict
core/src/java/pd/items/weapon/missiles/TaurcenBow.java,TaurcenBow,weapon,equipment,image:EquipmentEquipWeaponUniqueWeaponDict
core/src/java/pd/items/weapon/spammo/RotAmmo.java,RotAmmo,weapon,consum,inherit:SpAmmo
core/src/java/pd/items/brewed/Brewed.java,Brewed,brewed,consum,image:ConsumFoodFoodDict
core/src/java/pd/items/armor/curses/Metabolism.java,Metabolism,armor,(stay),none
core/src/java/pd/items/quest/CorpseDust.java,CorpseDust,quest,consum,image:ConsumThrowsDict
core/src/java/pd/items/artifacts/RobotDMT.java,RobotDMT,artifacts,(stay),none
core/src/java/pd/items/food/Berry.java,Berry,food,(stay),none
core/src/java/pd/items/weapon/melee/block/GoblinShield.java,GoblinShield,weapon,(stay),none
core/src/java/pd/items/weapon/missiles/MissileWeapon.java,MissileWeapon,weapon,(stay),none
core/src/java/pd/items/Flag.java,Flag,Flag.java,(stay),none
core/src/java/pd/items/misc/AttackShoes.java,AttackShoes,misc,equipment,image:EquipmentNonEquipDict
core/src/java/pd/items/armor/specialarmor/HuntressArmor.java,HuntressArmor,armor,(stay),none
core/src/java/pd/items/weapon/missiles/darts/ShockingDart.java,ShockingDart,weapon,consum,image:ConsumThrowsDict
core/src/java/pd/items/misc/JumpP.java,JumpP,misc,equipment,image:EquipmentNonEquipDict
core/src/java/pd/items/misc/DemoScroll.java,DemoScroll,misc,(stay),none
core/src/java/pd/items/nornstone/PurpleNornStone.java,PurpleNornStone,nornstone,(stay),none
core/src/java/pd/items/skills/PerformerSkill.java,PerformerSkill,skills,equipment,image:EquipmentJewelleryArtifactDict
core/src/java/pd/items/misc/JumpM.java,JumpM,misc,equipment,image:EquipmentNonEquipDict
core/src/java/pd/items/potions/PotionOfPurity.java,PotionOfPurity,potions,consum,inherit:Potion
core/src/java/pd/items/StrBottle.java,StrBottle,StrBottle.java,(stay),none
core/src/java/pd/items/weapon/melee/special/SpsSpecialMeleeWeapon.java,SpsSpecialMeleeWeapon,weapon,(stay),none
core/src/java/pd/items/armor/normalarmor/NormalArmor.java,NormalArmor,armor,(stay),none
core/src/java/pd/items/weapon/ranges/MetalBowR.java,MetalBowR,weapon,(stay),none
core/src/java/pd/items/weapon/enchantments/EnchantmentFire.java,EnchantmentFire,weapon,(stay),none
core/src/java/pd/items/Honeypot.java,Honeypot,Honeypot.java,consum,image:ConsumUsefulUsefulDict
core/src/java/pd/items/weapon/missiles/arrows/ShockFruit.java,ShockFruit,weapon,(stay),none
core/src/java/pd/items/quest/Mushroom.java,Mushroom,quest,(stay),none
core/src/java/pd/items/weapon/missiles/meleethrow/Brick.java,Brick,weapon,(stay),none
core/src/java/pd/items/wands/WandOfShatteredFireblast.java,WandOfShatteredFireblast,wands,equipment,image:EquipmentWandBasicWandDict
core/src/java/pd/items/eggs/HaroEgg.java,HaroEgg,eggs,(stay),none
core/src/java/pd/items/spells/MagicalInfusion.java,MagicalInfusion,spells,consum,image:ConsumScrollAmuletCrystalDict
core/src/java/pd/items/keys/CrystalKey.java,CrystalKey,keys,specific,image:SpecificKeyDict
core/src/java/pd/items/food/staplefood/OverpricedRation.java,OverpricedRation,food,(stay),none
core/src/java/pd/items/summon/SpsSummonItem.java,SpsSummonItem,summon,(stay),none
core/src/java/pd/items/rings/RingOfForce.java,RingOfForce,rings,equipment,inherit:Ring
core/src/java/pd/items/challengelists/SewerChallenge.java,SewerChallenge,challengelists,specific,image:SpecificTaskDict
core/src/java/pd/items/armor/normalarmor/ClothArmor.java,ClothArmor,armor,(stay),none
core/src/java/pd/items/food/meatfood/FunnyFood.java,FunnyFood,food,consum,inherit:MeatFood
core/src/java/pd/items/ConchShell.java,ConchShell,ConchShell.java,(stay),none
core/src/java/pd/items/weapon/melee/Sai.java,Sai,weapon,equipment,image:EquipmentEquipWeaponBasicWeaponDict
core/src/java/pd/items/weapon/melee/Katana.java,Katana,weapon,(stay),none
core/src/java/pd/items/weapon/melee/block/SpKnuckles.java,SpKnuckles,weapon,(stay),none
core/src/java/pd/items/weapon/enchantments/LokisPoison.java,LokisPoison,weapon,(stay),none
core/src/java/pd/items/weapon/enchantments/CromLuck.java,CromLuck,weapon,(stay),none
core/src/java/pd/items/weapon/guns/GunB.java,GunB,weapon,equipment,image:EquipmentEquipWeaponBasicWeaponDict
core/src/java/pd/items/GoldBag.java,GoldBag,GoldBag.java,(stay),none
core/src/java/pd/items/weapon/melee/normalweapon/NormalMeleeWeapon.java,NormalMeleeWeapon,weapon,(stay),none
core/src/java/pd/items/quest/CeremonialCandle.java,CeremonialCandle,quest,specific,image:SpecificTaskDict
core/src/java/pd/items/weapon/curses/Wondrous.java,Wondrous,weapon,(stay),none
core/src/java/pd/items/misc/JumpF.java,JumpF,misc,equipment,image:EquipmentNonEquipDict
core/src/java/pd/items/food/completefood/Fruitsalad.java,Fruitsalad,food,(stay),none
core/src/java/pd/items/medicine/Earthstar.java,Earthstar,medicine,consum,inherit:Pill
core/src/java/pd/items/misc/CursePhone.java,CursePhone,misc,(stay),none
core/src/java/pd/items/eggs/BugDragonEGG.java,BugDragonEGG,eggs,consum,image:ConsumSummorDict
core/src/java/pd/items/weapon/melee/Greatshield.java,Greatshield,weapon,equipment,image:EquipmentEquipWeaponBasicWeaponDict
core/src/java/pd/items/eggs/MonkeyEgg.java,MonkeyEgg,eggs,consum,image:ConsumSummorDict
core/src/java/pd/items/medicine/TimePill.java,TimePill,medicine,ground,image:GroundFunctionalFallingDict
core/src/java/pd/items/misc/SkillBook.java,SkillBook,misc,(stay),none
core/src/java/pd/items/weapon/missiles/arrows/RootFruit.java,RootFruit,weapon,(stay),none
core/src/java/pd/items/LostBackpack.java,LostBackpack,LostBackpack.java,equipment,image:EquipmentBagsDict
core/src/java/pd/items/armor/glyphs/Affection.java,Affection,armor,(stay),none
core/src/java/pd/items/misc/FishBone.java,FishBone,misc,(stay),none
core/src/java/pd/items/stones/StoneOfFear.java,StoneOfFear,stones,consum,image:ConsumScrollAmuletAmuletDict
core/src/java/pd/items/weapon/melee/normalweapon/ShortSword.java,Shortsword,weapon,(stay),none
core/src/java/pd/items/weapon/missiles/darts/RotDart.java,RotDart,weapon,consum,image:ConsumThrowsDict
core/src/java/pd/items/bombs/ArcaneBomb.java,ArcaneBomb,bombs,equipment,image:EquipmentEquipWeaponBombDict
core/src/java/pd/items/challengelists/CaveChallenge.java,CaveChallenge,challengelists,specific,image:SpecificTaskDict
core/src/java/pd/items/armor/glyphs/Thorns.java,Thorns,armor,(stay),none
core/src/java/pd/items/food/meatfood/ShockMeat.java,ShockMeat,food,consum,image:ConsumFoodFoodDict
core/src/java/pd/items/sellitem/NouthSouth.java,NouthSouth,sellitem,(stay),none
core/src/java/pd/items/weapon/melee/MirrorDoll.java,MirrorDoll,weapon,(stay),none
core/src/java/pd/items/food/completefood/Vegetableroll.java,Vegetableroll,food,(stay),none
core/src/java/pd/items/bombs/DangerousBomb.java,DangerousBomb,bombs,equipment,inherit:Bomb
core/src/java/pd/items/scrolls/exotic/ExoticScroll.java,ExoticScroll,scrolls,(stay),none
core/src/java/pd/items/misc/JumpR.java,JumpR,misc,equipment,image:EquipmentNonEquipDict
core/src/java/pd/items/weapon/melee/relic/SpsRelicWeapon.java,SpsRelicWeapon,weapon,(stay),none
core/src/java/pd/items/weapon/melee/Spork.java,Spork,weapon,(stay),none
core/src/java/pd/items/SpsBossKey.java,SpsBossKey,SpsBossKey.java,(stay),none
core/src/java/pd/items/weapon/missiles/throwing/BottleFire.java,BottleFire,weapon,(stay),none
core/src/java/pd/items/weapon/melee/Quarterstaff.java,Quarterstaff,weapon,equipment,image:EquipmentEquipWeaponBasicWeaponDict
core/src/java/pd/items/eggs/FoxHelperEgg.java,FoxHelperEgg,eggs,consum,image:ConsumSummorDict
core/src/java/pd/items/weapon/enchantments/Crystal.java,Crystal,weapon,(stay),none
core/src/java/pd/items/reward/CityReward.java,CityReward,reward,(stay),none
core/src/java/pd/items/journal/RegionLorePage.java,RegionLorePage,journal,specific,image:SpecificPagesDict
core/src/java/pd/items/food/FrozenCarpaccio.java,FrozenCarpaccio,food,(stay),none
core/src/java/pd/items/weapon/spammo/SunAmmo.java,SunAmmo,weapon,consum,inherit:SpAmmo
core/src/java/pd/items/weapon/missiles/fusion/RocketMissile.java,RocketMissile,weapon,consum,inherit:Javelin
core/src/java/pd/items/eggs/randomone/RandomEgg4.java,RandomEgg4,eggs,(stay),none
core/src/java/pd/items/potions/elixirs/ElixirOfMight.java,ElixirOfMight,potions,consum,image:ConsumPotionSeedBasicPotionDict
core/src/java/pd/items/sellitem/SellMushroom.java,SellMushroom,sellitem,consum,inherit:Pill
core/src/java/pd/items/stones/StoneOfDeepSleep.java,StoneOfDeepSleep,stones,consum,image:ConsumScrollAmuletAmuletDict
core/src/java/pd/items/potions/elixirs/ElixirOfIcyTouch.java,ElixirOfIcyTouch,potions,consum,image:ConsumPotionSeedBasicPotionDict
core/src/java/pd/items/misc/RockManJumpshoes.java,RockManJumpshoes,misc,(stay),none
core/src/java/pd/items/AdamantRing.java,AdamantRing,AdamantRing.java,(stay),none
core/src/java/pd/items/misc/RewardPaper.java,RewardPaper,misc,(stay),none
core/src/java/pd/items/misc/RangeBag.java,RangeBag,misc,(stay),none
core/src/java/pd/items/skills/RogueSkill.java,RogueSkill,skills,(stay),none
core/src/java/pd/items/misc/UndeadBook.java,UndeadBook,misc,(stay),none
core/src/java/pd/items/weapon/missiles/ThrowingClub.java,ThrowingClub,weapon,consum,image:ConsumThrowsDict
core/src/java/pd/items/weapon/spammo/SandAmmo.java,SandAmmo,weapon,consum,inherit:SpAmmo
core/src/java/pd/items/potions/brews/InfernalBrew.java,InfernalBrew,potions,consum,image:ConsumPotionSeedBasicPotionDict
core/src/java/pd/items/sellitem/HummingTool.java,HummingTool,sellitem,(stay),none
core/src/java/pd/items/weapon/melee/Sickle.java,Sickle,weapon,equipment,image:EquipmentEquipWeaponBasicWeaponDict
core/src/java/pd/items/quest/ImpStatue.java,ImpStatue,quest,consum,image:ConsumGoodsMaterialsMaterialsDict
core/src/java/pd/items/armor/normalarmor/VestArmor.java,VestArmor,armor,(stay),none
core/src/java/pd/items/bags/PotionBandolier.java,PotionBandolier,bags,equipment,image:EquipmentBagsDict
core/src/java/pd/items/bombs/FishingBomb.java,FishingBomb,bombs,equipment,inherit:Bomb
core/src/java/pd/items/weapon/missiles/throwing/EmpBola.java,EmpBola,weapon,(stay),none
core/src/java/pd/items/food/completefood/Frenchfries.java,Frenchfries,food,consum,image:ConsumFoodFoodDict
core/src/java/pd/items/weapon/missiles/ThrowingSpear.java,ThrowingSpear,weapon,consum,image:ConsumThrowsDict
core/src/java/pd/items/food/Food.java,Food,food,(stay),none
core/src/java/pd/items/armor/normalarmor/PlateArmor.java,PlateArmor,armor,(stay),none
core/src/java/pd/items/food/completefood/Chickennugget.java,Chickennugget,food,consum,image:ConsumFoodFoodDict
core/src/java/pd/items/food/vegetable/NutVegetable.java,NutVegetable,food,consum,image:ConsumPotionSeedSeedDict
core/src/java/pd/items/misc/BShovel.java,BShovel,misc,(stay),none
core/src/java/pd/items/rings/RingOfElements.java,RingOfElements,rings,equipment,inherit:Ring
core/src/java/pd/items/scrolls/exotic/ScrollOfChallenge.java,ScrollOfChallenge,scrolls,(stay),none
core/src/java/pd/items/sellitem/Apk931.java,Apk931,sellitem,(stay),none
core/src/java/pd/items/rings/RingOfFuror.java,RingOfFuror,rings,equipment,inherit:Ring
core/src/java/pd/items/Playericon.java,Playericon,Playericon.java,(stay),none
core/src/java/pd/items/wands/WandOfError.java,WandOfError,wands,(stay),none
core/src/java/pd/items/journalpages/Town.java,Town,journalpages,(stay),none
core/src/java/pd/items/weapon/rockcode/Sweb.java,Sweb,weapon,(stay),none
core/src/java/pd/items/weapon/melee/special/KeyWeapon.java,KeyWeapon,weapon,(stay),none
core/src/java/pd/items/weapon/enchantments/Shocking.java,Shocking,weapon,(stay),none
core/src/java/pd/items/rings/RingOfArcana.java,RingOfArcana,rings,equipment,inherit:Ring
core/src/java/pd/items/armor/glyphs/Lightglyph.java,Lightglyph,armor,(stay),none
core/src/java/pd/items/eggs/RibbonRatEgg.java,RibbonRatEgg,eggs,consum,image:ConsumSummorDict
core/src/java/pd/items/food/MysteryMeat.java,MysteryMeat,food,consum,image:ConsumFoodFoodDict
core/src/java/pd/items/weapon/melee/relic/AresSword.java,AresSword,weapon,(stay),none
core/src/java/pd/items/weapon/missiles/ThrowingKnife.java,ThrowingKnife,weapon,consum,image:ConsumThrowsDict
core/src/java/pd/items/weapon/melee/Sword.java,Sword,weapon,equipment,image:EquipmentEquipWeaponBasicWeaponDict
core/src/java/pd/items/rings/RingOfEnergy.java,RingOfEnergy,rings,equipment,inherit:Ring
core/src/java/pd/items/eggs/randomone/RandomEgg5.java,RandomEgg5,eggs,(stay),none
core/src/java/pd/items/weapon/missiles/arrows/IceFruit.java,IceFruit,weapon,(stay),none
core/src/java/pd/items/scrolls/InventoryScroll.java,InventoryScroll,scrolls,(stay),none
core/src/java/pd/items/weapon/curses/Sacrificial.java,Sacrificial,weapon,(stay),none
core/src/java/pd/items/wands/WandOfPrismaticLight.java,WandOfPrismaticLight,wands,(stay),none
core/src/java/pd/items/ArmorKit.java,ArmorKit,ArmorKit.java,consum,image:ConsumUsefulProcessEnhanceDict
core/src/java/pd/items/potions/PotionOfStrength.java,PotionOfStrength,potions,consum,inherit:Potion
core/src/java/pd/items/armor/glyphs/Repulsion.java,Repulsion,armor,(stay),none
core/src/java/pd/items/sellitem/ApostleBox.java,ApostleBox,sellitem,(stay),none
core/src/java/pd/items/KindofMisc.java,KindofMisc,KindofMisc.java,(stay),none
core/src/java/pd/items/ColoredDewdrop.java,ColoredDewdrop,ColoredDewdrop.java,ground,inherit:Dewdrop
core/src/java/pd/items/weapon/melee/normalweapon/Rapier.java,Rapier,weapon,(stay),none
core/src/java/pd/items/weapon/melee/start/BeastKnive.java,BeastKnive,weapon,(stay),none
core/src/java/pd/items/TestCloak.java,TestCloak,TestCloak.java,(stay),none
core/src/java/pd/items/food/meatfood/LightMeat.java,LightMeat,food,consum,image:ConsumFoodFoodDict
core/src/java/pd/items/artifacts/TalismanOfForesight.java,TalismanOfForesight,artifacts,(stay),none
core/src/java/pd/items/rings/RingOfAccuracy.java,RingOfAccuracy,rings,equipment,inherit:Ring
core/src/java/pd/items/trinkets/TrapMechanism.java,TrapMechanism,trinkets,equipment,image:EquipmentNonEquipDict
core/src/java/pd/items/weapon/ranges/WoodenBowN.java,WoodenBowN,weapon,(stay),none
core/src/java/pd/items/artifacts/Pylon.java,Pylon,artifacts,equipment,image:EquipmentJewelleryArtifactDict
core/src/java/pd/items/armor/specialarmor/PerformerArmor.java,PerformerArmor,armor,(stay),none
core/src/java/pd/items/food/completefood/Hamburger.java,Hamburger,food,consum,image:ConsumFoodFoodDict
core/src/java/pd/items/weapon/enchantments/EnchantmentLight2.java,EnchantmentLight2,weapon,(stay),none
core/src/java/pd/items/armor/curses/AntiEntropy.java,AntiEntropy,armor,(stay),none
core/src/java/pd/items/misc/Shovel.java,Shovel,misc,equipment,image:EquipmentNonEquipDict
core/src/java/pd/items/weapon/missiles/buildblock/StoneBlock.java,StoneBlock,weapon,(stay),none
core/src/java/pd/items/weapon/missiles/darts/AdrenalineDart.java,AdrenalineDart,weapon,consum,image:ConsumThrowsDict
core/src/java/pd/items/artifacts/fusion/EyeOfSkadi.java,EyeOfSkadi,artifacts,equipment,image:EquipmentJewelleryArtifactDict
core/src/java/pd/items/weapon/enchantments/Projecting.java,Projecting,weapon,(stay),none
core/src/java/pd/items/eggs/randomone/RandomEgg11.java,RandomEgg11,eggs,(stay),none
core/src/java/pd/items/bombs/ShrapnelBomb.java,ShrapnelBomb,bombs,equipment,image:EquipmentEquipWeaponBombDict
core/src/java/pd/items/weapon/missiles/throwing/MoneyBook.java,MoneyBook,weapon,(stay),none
core/src/java/pd/items/armor/normalarmor/ErrorArmor.java,ErrorArmor,armor,(stay),none
core/src/java/pd/items/remains/BowFragment.java,BowFragment,remains,consum,image:ConsumUsefulCorpseRelicsDict
core/src/java/pd/items/weapon/melee/start/BunnySpanner.java,BunnySpanner,weapon,(stay),none
core/src/java/pd/items/food/completefood/Honeyrice.java,Honeyrice,food,consum,image:ConsumFoodFoodDict
core/src/java/pd/items/spells/Recycle.java,Recycle,spells,consum,image:ConsumScrollAmuletCrystalDict
core/src/java/pd/items/medicine/PixieParasol.java,PixieParasol,medicine,consum,inherit:Pill
core/src/java/pd/items/weapon/rockcode/Trush.java,Trush,weapon,(stay),none
core/src/java/pd/items/UnBlessAnkh.java,UnBlessAnkh,UnBlessAnkh.java,(stay),none
core/src/java/pd/items/bombs/EarthBomb.java,EarthBomb,bombs,equipment,inherit:Bomb
core/src/java/pd/items/misc/GhostGirlRose.java,GhostGirlRose,misc,(stay),none
core/src/java/pd/items/food/completefood/HoneyGel.java,HoneyGel,food,(stay),none
core/src/java/pd/items/journalpages/Sokoban2.java,Sokoban2,journalpages,(stay),none
core/src/java/pd/items/misc/JumpS.java,JumpS,misc,equipment,image:EquipmentNonEquipDict
core/src/java/pd/items/potions/exotic/PotionOfStormClouds.java,PotionOfStormClouds,potions,consum,inherit:ExoticPotion
core/src/java/pd/items/weapon/spammo/FireAmmo.java,FireAmmo,weapon,consum,inherit:SpAmmo
core/src/java/pd/items/weapon/melee/normalweapon/TrickSand.java,TrickSand,weapon,(stay),none
core/src/java/pd/items/journalpages/JournalPage.java,JournalPage,journalpages,(stay),none
core/src/java/pd/items/armor/glyphs/Darkglyph.java,Darkglyph,armor,(stay),none
core/src/java/pd/items/weapon/curses/Polarized.java,Polarized,weapon,(stay),none
core/src/java/pd/items/armor/normalarmor/LeatherArmor.java,LeatherArmor,armor,(stay),none
core/src/java/pd/items/potions/PotionOfLevitation.java,PotionOfLevitation,potions,consum,inherit:Potion
core/src/java/pd/items/weapon/missiles/Kunai.java,Kunai,weapon,consum,image:ConsumThrowsDict
core/src/java/pd/items/StoneOre.java,StoneOre,StoneOre.java,specific,image:SpecificTaskDict
core/src/java/pd/items/food/Blandfruit.java,Blandfruit,food,consum,image:ConsumFoodFoodDict
core/src/java/pd/items/eggs/ShadowDragonEgg.java,ShadowDragonEgg,eggs,(stay),none
core/src/java/pd/items/armor/normalarmor/ProtectiveclothingArmor.java,ProtectiveclothingArmor,armor,(stay),none
core/src/java/pd/items/armor/glyphs/Testglyph.java,Testglyph,armor,(stay),none
core/src/java/pd/items/potions/PotionOfMindVision.java,PotionOfMindVision,potions,consum,inherit:Potion
core/src/java/pd/items/armor/DuelistArmor.java,DuelistArmor,armor,equipment,image:EquipmentEquipArmorBasicArmorDict
core/src/java/pd/items/weapon/missiles/buildblock/BuildBlock.java,BuildBlock,weapon,(stay),none
core/src/java/pd/items/weapon/missiles/fusion/TempestBoomerang.java,TempestBoomerang,weapon,consum,inherit:HeavyBoomerang
core/src/java/pd/items/armor/glyphs/AdaptGlyph.java,AdaptGlyph,armor,(stay),none
core/src/java/pd/items/weapon/melee/special/PaperFan.java,PaperFan,weapon,(stay),none
core/src/java/pd/items/weapon/melee/normalweapon/Knuckles.java,Knuckles,weapon,(stay),none
core/src/java/pd/items/stones/Runestone.java,Runestone,stones,(stay),none
core/src/java/pd/items/weapon/missiles/buildblock/WoodenBlock.java,WoodenBlock,weapon,(stay),none
core/src/java/pd/items/food/completefood/HoneyWater.java,HoneyWater,food,(stay),none
core/src/java/pd/items/weapon/enchantments/Kinetic.java,Kinetic,weapon,(stay),none
core/src/java/pd/items/weapon/melee/special/AFlySock.java,AFlySock,weapon,(stay),none
core/src/java/pd/items/trinkets/CrackedSpyglass.java,CrackedSpyglass,trinkets,equipment,image:EquipmentNonEquipDict
core/src/java/pd/items/weapon/enchantments/Blooming.java,Blooming,weapon,(stay),none
core/src/java/pd/items/misc/PPC2.java,PPC2,misc,(stay),none
core/src/java/pd/items/weapon/ranges/PVCBowS.java,PVCBowS,weapon,(stay),none
core/src/java/pd/items/food/BugMeat.java,BugMeat,food,(stay),none
core/src/java/pd/items/misc/JumpW.java,JumpW,misc,equipment,image:EquipmentNonEquipDict
core/src/java/pd/items/reward/SewerReward.java,SewerReward,reward,(stay),none
core/src/java/pd/items/journal/DocumentPage.java,DocumentPage,journal,consum,image:ConsumUsefulProcessEnhanceDict
core/src/java/pd/items/challengelists/WisdomChallenge.java,WisdomChallenge,challengelists,specific,image:SpecificTaskDict
core/src/java/pd/items/weapon/melee/relic/CromCruachAxe.java,CromCruachAxe,weapon,(stay),none
core/src/java/pd/items/weapon/ranges/PVCBowR.java,PVCBowR,weapon,(stay),none
core/src/java/pd/items/weapon/enchantments/EnchantmentEarth2.java,EnchantmentEarth2,weapon,(stay),none
core/src/java/pd/items/weapon/melee/normalweapon/Halberd.java,Halberd,weapon,(stay),none
core/src/java/pd/items/weapon/missiles/MoneyPack.java,MoneyPack,weapon,equipment,image:EquipmentEquipWeaponBasicWeaponDict
core/src/java/pd/items/weapon/enchantments/Vampiric.java,Vampiric,weapon,(stay),none
core/src/java/pd/items/food/fruit/Durian.java,Durian,food,consum,image:ConsumPotionSeedSeedDict
core/src/java/pd/items/armor/glyphs/Viscosity.java,Viscosity,armor,(stay),none
core/src/java/pd/items/remains/CloakScrap.java,CloakScrap,remains,consum,image:ConsumUsefulCorpseRelicsDict
core/src/java/pd/items/weapon/melee/CurseBox.java,CurseBox,weapon,(stay),none
core/src/java/pd/items/nornstone/OrangeNornStone.java,OrangeNornStone,nornstone,(stay),none
core/src/java/pd/items/sellitem/SellPermit.java,SellPermit,sellitem,(stay),none
core/src/java/pd/items/keys/IronKey.java,IronKey,keys,specific,image:SpecificKeyDict
core/src/java/pd/items/DewVial.java,DewVial,DewVial.java,(stay),none
core/src/java/pd/items/weapon/curses/Displacing.java,Displacing,weapon,(stay),none
core/src/java/pd/items/scrolls/ScrollOfRetribution.java,ScrollOfRetribution,scrolls,(stay),none
core/src/java/pd/items/potions/exotic/PotionOfMagicalSight.java,PotionOfMagicalSight,potions,consum,inherit:ExoticPotion
core/src/java/pd/items/rings/RingOfEvasion.java,RingOfEvasion,rings,equipment,inherit:Ring
core/src/java/pd/items/Badge.java,Badge,Badge.java,(stay),none
core/src/java/pd/items/food/completefood/NutCake.java,NutCake,food,consum,image:ConsumFoodFoodDict
core/src/java/pd/items/AncientCoin.java,AncientCoin,AncientCoin.java,(stay),none
core/src/java/pd/items/journal/AlchemyPage.java,AlchemyPage,journal,specific,image:SpecificPagesDict
core/src/java/pd/items/Dewdrop.java,Dewdrop,Dewdrop.java,ground,image:GroundFunctionalFallingDict
core/src/java/pd/items/weapon/enchantments/Unstable.java,Unstable,weapon,(stay),none
core/src/java/pd/items/food/Honey.java,Honey,food,(stay),none
core/src/java/pd/items/potions/SpsPotion.java,SpsPotion,potions,consum,inherit:Potion
core/src/java/pd/items/wands/CursedWand.java,CursedWand,wands,(stay),none
core/src/java/pd/items/weapon/melee/special/NinjaFan.java,NinjaFan,weapon,(stay),none
core/src/java/pd/items/food/fruit/Strawberry.java,Strawberry,food,consum,image:ConsumFoodFoodDict
core/src/java/pd/items/armor/normalarmor/MultiplelayerArmor.java,MultiplelayerArmor,armor,(stay),none
core/src/java/pd/items/artifacts/HolyTome.java,HolyTome,artifacts,(stay),none
core/src/java/pd/items/weapon/missiles/buildblock/PlantPotBlock.java,PlantPotBlock,weapon,(stay),none
core/src/java/pd/items/eggs/VioletDragonEgg.java,VioletDragonEgg,eggs,consum,image:ConsumSummorDict
core/src/java/pd/items/keys/WornKey.java,WornKey,keys,specific,image:SpecificKeyDict
core/src/java/pd/items/ExpOre.java,ExpOre,ExpOre.java,specific,image:SpecificTaskDict
core/src/java/pd/items/weapon/melee/special/HookHam.java,HookHam,weapon,(stay),none
core/src/java/pd/items/misc/LuckyBadge.java,LuckyBadge,misc,equipment,image:EquipmentJewelleryArtifactDict
core/src/java/pd/items/weapon/spammo/HeavyAmmo.java,HeavyAmmo,weapon,consum,inherit:SpAmmo
core/src/java/pd/items/armor/glyphs/Electricityglyph.java,Electricityglyph,armor,(stay),none
core/src/java/pd/items/food/vegetable/HealGrass.java,HealGrass,food,(stay),none
core/src/java/pd/items/bombs/HolyBomb.java,HolyBomb,bombs,equipment,image:EquipmentEquipWeaponBombDict
core/src/java/pd/items/weapon/ranges/StoneBowN.java,StoneBowN,weapon,(stay),none
core/src/java/pd/items/potions/Potion.java,Potion,potions,consum,image:ConsumPotionSeedBasicPotionDict
core/src/java/pd/items/quest/MapFragment.java,MapFragment,quest,specific,image:SpecificPagesDict
core/src/java/pd/items/food/SmallMeat.java,SmallMeat,food,(stay),none
core/src/java/pd/items/weapon/missiles/arrows/MagicHand.java,MagicHand,weapon,consum,image:ConsumThrowsDict
core/src/java/pd/items/spells/PhaseShift.java,PhaseShift,spells,consum,image:ConsumScrollAmuletCrystalDict
core/src/java/pd/items/misc/FaithSign.java,FaithSign,misc,(stay),none
core/src/java/pd/items/weapon/curses/Dazzling.java,Dazzling,weapon,(stay),none
core/src/java/pd/items/PowerHand.java,PowerHand,PowerHand.java,specific,image:SpecificTaskDict
core/src/java/pd/items/bombs/Firebomb.java,Firebomb,bombs,equipment,image:EquipmentEquipWeaponBombDict
core/src/java/pd/items/reward/ChallengeReward.java,ChallengeReward,reward,(stay),none
core/src/java/pd/items/journalpages/SafeSpotPage.java,SafeSpotPage,journalpages,(stay),none
core/src/java/pd/items/weapon/melee/Mace.java,Mace,weapon,equipment,image:EquipmentEquipWeaponBasicWeaponDict
core/src/java/pd/items/weapon/missiles/darts/Dart.java,Dart,weapon,(stay),none
core/src/java/pd/items/nornstone/NornStone.java,NornStone,nornstone,(stay),none
core/src/java/pd/items/bags/Bag.java,Bag,bags,(stay),none
core/src/java/pd/items/weapon/melee/special/Pumpkin.java,Pumpkin,weapon,(stay),none
core/src/java/pd/items/bombs/MiniBomb.java,MiniBomb,bombs,equipment,image:EquipmentEquipWeaponBombDict
core/src/java/pd/items/armor/glyphs/Stone.java,Stone,armor,(stay),none
core/src/java/pd/items/weapon/rockcode/Ichain.java,Ichain,weapon,(stay),none
core/src/java/pd/items/food/fruit/Fruit.java,Fruit,food,(stay),none
core/src/java/pd/items/misc/GrassBook.java,GrassBook,misc,(stay),none
core/src/java/pd/items/eggs/BlueGirlEgg.java,BlueGirlEgg,eggs,consum,image:ConsumSummorDict
core/src/java/pd/items/weapon/melee/special/SJRBMusic.java,SJRBMusic,weapon,(stay),none
core/src/java/pd/items/journalpages/Sokoban4.java,Sokoban4,journalpages,(stay),none
core/src/java/pd/items/eggs/randomone/RandomMonthEgg.java,RandomMonthEgg,eggs,(stay),none
core/src/java/pd/items/ChaosPack.java,ChaosPack,ChaosPack.java,equipment,image:EquipmentNonEquipDict
core/src/java/pd/items/UpgradeBlobViolet.java,UpgradeBlobViolet,UpgradeBlobViolet.java,(stay),none
core/src/java/pd/items/weapon/melee/special/Goei.java,Goei,weapon,(stay),none
core/src/java/pd/items/nornstone/GreenNornStone.java,GreenNornStone,nornstone,(stay),none
core/src/java/pd/items/PotKey.java,PotKey,PotKey.java,specific,image:SpecificTaskDict
core/src/java/pd/items/weapon/missiles/ForceCube.java,ForceCube,weapon,consum,image:ConsumThrowsDict
core/src/java/pd/items/summon/CallCoconut.java,CallCoconut,summon,(stay),none
core/src/java/pd/items/food/staplefood/Pasty.java,Pasty,food,(stay),none
core/src/java/pd/items/eggs/StoneEgg.java,StoneEgg,eggs,consum,image:ConsumSummorDict
core/src/java/pd/items/bombs/FrostBomb.java,FrostBomb,bombs,equipment,image:EquipmentEquipWeaponBombDict
core/src/java/pd/items/weapon/curses/Explosive.java,Explosive,weapon,(stay),none
core/src/java/pd/items/potions/PotionOfToxicGas.java,PotionOfToxicGas,potions,consum,inherit:Potion
core/src/java/pd/items/misc/MissileShield.java,MissileShield,misc,(stay),none
core/src/java/pd/items/weapon/missiles/ElfBow.java,ElfBow,weapon,equipment,image:EquipmentEquipWeaponUniqueWeaponDict
core/src/java/pd/items/misc/HorseTotem.java,HorseTotem,misc,(stay),none
core/src/java/pd/items/RedDewdrop.java,RedDewdrop,RedDewdrop.java,ground,image:GroundFunctionalFallingDict
core/src/java/pd/items/weapon/missiles/darts/HolyDart.java,HolyDart,weapon,consum,image:ConsumThrowsDict
core/src/java/pd/items/eggs/AflyEgg.java,AflyEgg,eggs,consum,image:ConsumSummorDict
core/src/java/pd/items/bags/VelvetPouch.java,VelvetPouch,bags,equipment,image:EquipmentBagsDict
core/src/java/pd/items/sellitem/VIPcard.java,VIPcard,sellitem,(stay),none
core/src/java/pd/items/weapon/melee/normalweapon/WarHammer.java,WarHammer,weapon,(stay),none
core/src/java/pd/items/weapon/melee/special/TestWeapon.java,TestWeapon,weapon,(stay),none
core/src/java/pd/items/armor/normalarmor/PhantomArmor.java,PhantomArmor,armor,(stay),none
core/src/java/pd/items/artifacts/SkeletonKey.java,SkeletonKey,artifacts,equipment,image:EquipmentJewelleryArtifactDict
core/src/java/pd/items/artifacts/CapeOfThorns.java,CapeOfThorns,artifacts,(stay),none
core/src/java/pd/items/eggs/randomone/RandomEgg8.java,RandomEgg8,eggs,(stay),none
core/src/java/pd/items/skills/SoldierSkill.java,SoldierSkill,skills,equipment,image:EquipmentEquipWeaponBombDict
core/src/java/pd/items/weapon/enchantments/EnchantmentEnergy.java,EnchantmentEnergy,weapon,(stay),none
core/src/java/pd/items/weapon/melee/special/Handcannon.java,Handcannon,weapon,(stay),none
core/src/java/pd/items/weapon/melee/WornShortsword.java,WornShortsword,weapon,equipment,image:EquipmentEquipWeaponBasicWeaponDict
core/src/java/pd/items/eggs/Egg.java,Egg,eggs,(stay),none
core/src/java/pd/items/EquipableItem.java,EquipableItem,EquipableItem.java,(stay),none
core/src/java/pd/items/bombs/FlashBangBomb.java,FlashBangBomb,bombs,equipment,image:EquipmentEquipWeaponBombDict
core/src/java/pd/items/armor/specialarmor/AsceticArmor.java,AsceticArmor,armor,(stay),none
core/src/java/pd/items/trinkets/SaltCube.java,SaltCube,trinkets,equipment,image:EquipmentNonEquipDict
core/src/java/pd/items/sellitem/SellItem.java,SellItem,sellitem,(stay),none
core/src/java/pd/items/weapon/melee/special/XiXiBox.java,XiXiBox,weapon,(stay),none
core/src/java/pd/items/potions/elixirs/ElixirOfAquaticRejuvenation.java,ElixirOfAquaticRejuvenation,potions,consum,image:ConsumPotionSeedBasicPotionDict
core/src/java/pd/items/weapon/enchantments/Vorpal.java,Vorpal,weapon,(stay),none
core/src/java/pd/items/armor/specialarmor/LifeArmor.java,LifeArmor,armor,(stay),none
core/src/java/pd/items/weapon/melee/fusion/Triangolo.java,Triangolo,weapon,equipment,image:EquipmentEquipWeaponBasicWeaponDict
core/src/java/pd/items/wands/WandOfMeteorite.java,WandOfMeteorite,wands,(stay),none
core/src/java/pd/items/wands/fusion/WandOfBlood.java,WandOfBlood,wands,(stay),none
core/src/java/pd/items/bombs/WoollyBomb.java,WoollyBomb,bombs,equipment,image:EquipmentEquipWeaponBombDict
core/src/java/pd/items/scrolls/ScrollOfRage.java,ScrollOfRage,scrolls,(stay),none
core/src/java/pd/items/bombs/BuildBomb.java,BuildBomb,bombs,equipment,inherit:Bomb
core/src/java/pd/items/weapon/spammo/EvolveAmmo.java,EvolveAmmo,weapon,consum,inherit:SpAmmo
core/src/java/pd/items/scrolls/exotic/ScrollOfPassage.java,ScrollOfPassage,scrolls,(stay),none
core/src/java/pd/items/weapon/missiles/Tomahawk.java,Tomahawk,weapon,consum,image:ConsumThrowsDict
core/src/java/pd/items/armor/specialarmor/MageArmor.java,MageArmor,armor,(stay),none
core/src/java/pd/items/UpgradeBlobRed.java,UpgradeBlobRed,UpgradeBlobRed.java,(stay),none
core/src/java/pd/items/bombs/Bomb.java,Bomb,bombs,equipment,image:EquipmentEquipWeaponBombDict
core/src/java/pd/items/weapon/melee/special/MeleePan.java,MeleePan,weapon,(stay),none
core/src/java/pd/items/weapon/enchantments/EnchantmentEarth.java,EnchantmentEarth,weapon,(stay),none
core/src/java/pd/items/weapon/missiles/buildblock/WaterBlock.java,WaterBlock,weapon,(stay),none
core/src/java/pd/items/weapon/guns/Sling.java,Sling,weapon,equipment,image:EquipmentEquipWeaponBasicWeaponDict
core/src/java/pd/items/medicine/BlueMilk.java,BlueMilk,medicine,consum,inherit:Pill
core/src/java/pd/items/medicine/Smashpill.java,Smashpill,medicine,consum,inherit:Pill
core/src/java/pd/items/journalpages/NewHome.java,NewHome,journalpages,(stay),none
core/src/java/pd/items/food/vegetable/BrewLeft.java,BrewLeft,food,consum,image:ConsumPotionSeedBasicPotionDict
core/src/java/pd/items/weapon/enchantments/NeptuneShock.java,NeptuneShock,weapon,(stay),none
core/src/java/pd/items/weapon/missiles/ThrowingSpike.java,ThrowingSpike,weapon,consum,image:ConsumThrowsDict
core/src/java/pd/items/armor/specialarmor/SoldierArmor.java,SoldierArmor,armor,(stay),none
core/src/java/pd/items/SoulCollect.java,SoulCollect,SoulCollect.java,specific,image:SpecificTaskDict
core/src/java/pd/items/weapon/missiles/throwing/Wave.java,Wave,weapon,(stay),none
core/src/java/pd/items/weapon/missiles/meleethrow/MeleeThrowWeapon.java,MeleeThrowWeapon,weapon,(stay),none
core/src/java/pd/items/weapon/ranges/MetalBowS.java,MetalBowS,weapon,(stay),none
core/src/java/pd/items/Amulet.java,Amulet,Amulet.java,specific,image:SpecificTaskDict
core/src/java/pd/items/scrolls/exotic/ScrollOfMysticalEnergy.java,ScrollOfMysticalEnergy,scrolls,(stay),none
core/src/java/pd/items/trinkets/TrinketCatalyst.java,TrinketCatalyst,trinkets,consum,image:ConsumUsefulCorpseRelicsDict
core/src/java/pd/items/potions/PotionOfLiquidFlame.java,PotionOfLiquidFlame,potions,consum,inherit:Potion
core/src/java/pd/items/potions/elixirs/ElixirOfArcaneArmor.java,ElixirOfArcaneArmor,potions,consum,image:ConsumPotionSeedBasicPotionDict
core/src/java/pd/items/food/completefood/RiceGruel.java,RiceGruel,food,consum,image:ConsumFoodFoodDict
core/src/java/pd/items/weapon/melee/special/Lollipop.java,Lollipop,weapon,(stay),none
core/src/java/pd/items/weapon/spammo/EmptyAmmo.java,EmptyAmmo,weapon,consum,inherit:SpAmmo
core/src/java/pd/items/scrolls/ScrollOfMagicalInfusion.java,ScrollOfMagicalInfusion,scrolls,(stay),none
core/src/java/pd/items/scrolls/ScrollOfRecharging.java,ScrollOfRecharging,scrolls,(stay),none
core/src/java/pd/items/potions/brews/CausticBrew.java,CausticBrew,potions,consum,image:ConsumPotionSeedBasicPotionDict
core/src/java/pd/items/artifacts/UnstableSpellbook.java,UnstableSpellbook,artifacts,consum,image:ConsumUsefulProcessEnhanceDict
core/src/java/pd/items/misc/SavageHelmet.java,SavageHelmet,misc,(stay),none
core/src/java/pd/items/artifacts/MasterThievesArmband.java,MasterThievesArmband,artifacts,(stay),none
core/src/java/pd/items/armor/specialarmor/RogueArmor.java,RogueArmor,armor,(stay),none
core/src/java/pd/items/eggs/randomone/RandomEgg6.java,RandomEgg6,eggs,(stay),none
core/src/java/pd/items/spells/InventorySpell.java,InventorySpell,spells,(stay),none
core/src/java/pd/items/stones/StoneOfFlock.java,StoneOfFlock,stones,consum,image:ConsumScrollAmuletAmuletDict
core/src/java/pd/items/food/ChargrilledMeat.java,ChargrilledMeat,food,(stay),none
core/src/java/pd/items/weapon/enchantments/JupitersHorror.java,JupitersHorror,weapon,(stay),none
core/src/java/pd/items/spells/ReclaimTrap.java,ReclaimTrap,spells,consum,image:ConsumScrollAmuletCrystalDict
core/src/java/pd/items/weapon/enchantments/EnchantmentLight.java,EnchantmentLight,weapon,(stay),none
core/src/java/pd/items/ItemStatusHandler.java,ItemStatusHandler,ItemStatusHandler.java,(stay),none
core/src/java/pd/items/scrolls/exotic/ScrollOfSirensSong.java,ScrollOfSirensSong,scrolls,(stay),none
core/src/java/pd/items/weapon/melee/relic/NeptunusTrident.java,NeptunusTrident,weapon,equipment,image:EquipmentEquipWeaponBasicWeaponDict
core/src/java/pd/items/spells/Alchemize.java,Alchemize,spells,consum,image:ConsumScrollAmuletCrystalDict
core/src/java/pd/items/misc/PotionOfMage.java,PotionOfMage,misc,(stay),none
core/src/java/pd/items/wands/WandOfTransfusion.java,WandOfTransfusion,wands,equipment,image:EquipmentWandBasicWandDict
core/src/java/pd/items/misc/CopyBall.java,CopyBall,misc,(stay),none
core/src/java/pd/items/weapon/melee/start/XSaber.java,XSaber,weapon,(stay),none
core/src/java/pd/items/remains/SealShard.java,SealShard,remains,consum,image:ConsumUsefulCorpseRelicsDict
core/src/java/pd/items/weapon/enchantments/Venomous.java,Venomous,weapon,(stay),none
core/src/java/pd/items/eggs/LitDemonEgg.java,LitDemonEgg,eggs,consum,image:ConsumSummorDict
core/src/java/pd/items/bags/MagicalHolster.java,MagicalHolster,bags,equipment,image:EquipmentBagsDict
core/src/java/pd/items/food/vegetable/Truffles.java,Truffles,food,(stay),none
core/src/java/pd/items/sellitem/Tissue.java,Tissue,sellitem,(stay),none
core/src/java/pd/items/weapon/missiles/ShitBall.java,ShitBall,weapon,(stay),none
core/src/java/pd/items/journalpages/Vault.java,Vault,journalpages,(stay),none
core/src/java/pd/items/eggs/ScorpionEgg.java,ScorpionEgg,eggs,consum,image:ConsumSummorDict
core/src/java/pd/items/trinkets/ShardOfOblivion.java,ShardOfOblivion,trinkets,equipment,image:EquipmentNonEquipDict
core/src/java/pd/items/armor/normalarmor/WoodenArmor.java,WoodenArmor,armor,(stay),none
core/src/java/pd/items/weapon/melee/normalweapon/Spear.java,Spear,weapon,(stay),none
core/src/java/pd/items/medicine/GreenSpore.java,GreenSpore,medicine,consum,inherit:Pill
core/src/java/pd/items/wands/Wand.java,Wand,wands,(stay),none
core/src/java/pd/items/weapon/melee/fusion/ReedPipe.java,ReedPipe,weapon,(stay),none
core/src/java/pd/items/KingsCrown.java,KingsCrown,KingsCrown.java,consum,image:ConsumUsefulProcessEnhanceDict
core/src/java/pd/items/armor/glyphs/RecoilGlyph.java,RecoilGlyph,armor,(stay),none
core/src/java/pd/items/weapon/missiles/arrows/SmokeFruit.java,SmokeFruit,weapon,(stay),none
core/src/java/pd/items/ChallengeBook.java,ChallengeBook,ChallengeBook.java,(stay),none
core/src/java/pd/items/journalpages/EnergyCore.java,EnergyCore,journalpages,(stay),none
core/src/java/pd/items/Bone.java,Bone,Bone.java,(stay),none
core/src/java/pd/items/armor/normalarmor/BulletArmor.java,BulletArmor,armor,(stay),none
core/src/java/pd/items/potions/exotic/PotionOfShroudingFog.java,PotionOfShroudingFog,potions,consum,inherit:ExoticPotion
core/src/java/pd/items/weapon/missiles/throwing/ErrorAmmo.java,ErrorAmmo,weapon,(stay),none
core/src/java/pd/items/artifacts/SandalsOfNature.java,SandalsOfNature,artifacts,equipment,image:EquipmentJewelleryArtifactDict
core/src/java/pd/items/potions/elixirs/Elixir.java,Elixir,potions,consum,inherit:Potion
core/src/java/pd/items/quest/Embers.java,Embers,quest,specific,image:SpecificTaskDict
core/src/java/pd/items/Vialupdater.java,Vialupdater,Vialupdater.java,(stay),none
core/src/java/pd/items/ShadowEaterKey.java,ShadowEaterKey,ShadowEaterKey.java,(stay),none
core/src/java/pd/items/reward/PrisonReward.java,PrisonReward,reward,(stay),none
core/src/java/pd/items/weapon/missiles/buildblock/BookBlock.java,BookBlock,weapon,(stay),none
core/src/java/pd/items/TriforceOfCourage.java,TriforceOfCourage,TriforceOfCourage.java,specific,inherit:TriforcePiece
core/src/java/pd/items/wands/WandOfLight.java,WandOfLight,wands,equipment,image:EquipmentWandBasicWandDict
core/src/java/pd/items/armor/glyphs/Camouflage.java,Camouflage,armor,(stay),none
core/src/java/pd/items/armor/specialarmor/WarriorArmor.java,WarriorArmor,armor,(stay),none
core/src/java/pd/items/weapon/ranges/RangeWeapon.java,RangeWeapon,weapon,(stay),none
core/src/java/pd/items/weapon/melee/normalweapon/Lance.java,Lance,weapon,(stay),none
core/src/java/pd/items/weapon/ranges/WoodenBowS.java,WoodenBowS,weapon,(stay),none
core/src/java/pd/items/eggs/randomone/RandomEgg2.java,RandomEgg2,eggs,(stay),none
core/src/java/pd/items/misc/Spectacles.java,Spectacles,misc,equipment,image:EquipmentEquipArmorUniqueArmorDict
core/src/java/pd/items/weapon/spammo/BlindAmmo.java,BlindAmmo,weapon,consum,inherit:SpAmmo
core/src/java/pd/items/weapon/curses/Wayward.java,Wayward,weapon,(stay),none
core/src/java/pd/items/misc/SkillOfMig.java,SkillOfMig,misc,(stay),none
core/src/java/pd/items/armor/curses/Stench.java,Stench,armor,(stay),none
core/src/java/pd/items/weapon/enchantments/AresLeech.java,AresLeech,weapon,(stay),none
core/src/java/pd/items/bombs/SmokeBomb.java,SmokeBomb,bombs,equipment,image:EquipmentEquipWeaponBombDict
core/src/java/pd/items/BossRush.java,BossRush,BossRush.java,(stay),none
core/src/java/pd/items/food/vegetable/BattleFlower.java,BattleFlower,food,(stay),none
core/src/java/pd/items/wands/WandOfRegrowth.java,WandOfRegrowth,wands,equipment,image:EquipmentWandBasicWandDict
core/src/java/pd/items/TomeOfMastery.java,TomeOfMastery,TomeOfMastery.java,consum,image:ConsumUsefulProcessEnhanceDict
core/src/java/pd/items/weapon/enchantments/Grim.java,Grim,weapon,(stay),none
core/src/java/pd/items/weapon/melee/start/BunnyDagger.java,BunnyDagger,weapon,(stay),none
core/src/java/pd/items/food/WaterItem.java,WaterItem,food,ground,image:GroundFunctionalFallingDict
core/src/java/pd/items/eggs/SpiderpetEgg.java,SpiderpetEgg,eggs,consum,image:ConsumSummorDict
core/src/java/pd/items/scrolls/ScrollOfMagicMapping.java,ScrollOfMagicMapping,scrolls,(stay),none
core/src/java/pd/items/weapon/melee/Gauntlet.java,Gauntlet,weapon,equipment,image:EquipmentEquipWeaponBasicWeaponDict
core/src/java/pd/items/food/fruit/FullMoonberry.java,FullMoonberry,food,consum,image:ConsumFoodFoodDict
core/src/java/pd/items/misc/DiceTower.java,DiceTower,misc,equipment,image:EquipmentNonEquipDict
core/src/java/pd/items/trinkets/MossyClump.java,MossyClump,trinkets,equipment,image:EquipmentNonEquipDict
core/src/java/pd/items/Recipe.java,Recipe,Recipe.java,(stay),none
core/src/java/pd/items/weapon/melee/fusion/VerdantGuard.java,VerdantGuard,weapon,equipment,image:EquipmentEquipWeaponBasicWeaponDict
core/src/java/pd/items/weapon/guns/GunC.java,GunC,weapon,equipment,image:EquipmentEquipWeaponBasicWeaponDict
core/src/java/pd/items/reward/BoundReward.java,BoundReward,reward,equipment,image:EquipmentBagsDict
core/src/java/pd/items/weapon/ranges/AlloyBowR.java,AlloyBowR,weapon,(stay),none
core/src/java/pd/items/remains/TornPage.java,TornPage,remains,consum,image:ConsumUsefulCorpseRelicsDict
core/src/java/pd/items/trinkets/WondrousResin.java,WondrousResin,trinkets,equipment,image:EquipmentNonEquipDict
core/src/java/pd/items/TriforcePiece.java,TriforcePiece,TriforcePiece.java,specific,image:SpecificTaskDict
core/src/java/pd/items/potions/exotic/ExoticPotion.java,ExoticPotion,potions,consum,inherit:Potion
core/src/java/pd/items/food/completefood/MixPizza.java,MixPizza,food,(stay),none
core/src/java/pd/items/armor/Armor.java,Armor,armor,(stay),none
core/src/java/pd/items/eggs/RedDragonEgg.java,RedDragonEgg,eggs,consum,image:ConsumSummorDict
core/src/java/pd/items/challengelists/CourageChallenge.java,CourageChallenge,challengelists,(stay),none
core/src/java/pd/items/food/completefood/NutCookie.java,NutCookie,food,consum,image:ConsumFoodFoodDict
core/src/java/pd/items/weapon/melee/start/Whisk.java,Whisk,weapon,(stay),none
core/src/java/pd/items/stones/StoneOfAggression.java,StoneOfAggression,stones,consum,image:ConsumScrollAmuletAmuletDict
core/src/java/pd/items/weapon/SpiritBow.java,SpiritBow,weapon,equipment,image:EquipmentEquipWeaponUniqueWeaponDict
core/src/java/pd/items/weapon/melee/start/LinkSword.java,LinkSword,weapon,(stay),none
core/src/java/pd/items/food/fruit/Cherry.java,Cherry,food,consum,image:ConsumFoodFoodDict
core/src/java/pd/items/weapon/spammo/WoodenAmmo.java,WoodenAmmo,weapon,consum,inherit:SpAmmo
core/src/java/pd/items/weapon/enchantments/EnchantmentIce2.java,EnchantmentIce2,weapon,(stay),none
core/src/java/pd/items/ChangeEquip.java,ChangeEquip,ChangeEquip.java,(stay),none
core/src/java/pd/items/summon/RustybladeCat.java,RustybladeCat,summon,(stay),none
core/src/java/pd/items/rings/RingOfWealth.java,RingOfWealth,rings,equipment,inherit:Ring
core/src/java/pd/items/sellitem/BottleFlower.java,BottleFlower,sellitem,consum,image:ConsumGoodsMaterialsGoodsDict
core/src/java/pd/items/weapon/missiles/arrows/NutFruit.java,NutFruit,weapon,(stay),none
core/src/java/pd/items/UpgradeBlobYellow.java,UpgradeBlobYellow,UpgradeBlobYellow.java,(stay),none
core/src/java/pd/items/misc/HealBag.java,HealBag,misc,(stay),none
core/src/java/pd/items/scrolls/ScrollOfTerror.java,ScrollOfTerror,scrolls,(stay),none
core/src/java/pd/items/weapon/melee/Spellblade.java,Spellblade,weapon,(stay),none
core/src/java/pd/items/TengusMask.java,TengusMask,TengusMask.java,consum,image:ConsumUsefulProcessEnhanceDict
core/src/java/pd/items/bombs/DarkBomb.java,DarkBomb,bombs,equipment,inherit:Bomb
core/src/java/pd/items/weapon/melee/special/TekkoKagi.java,TekkoKagi,weapon,(stay),none
core/src/java/pd/items/food/fruit/Blueberry.java,Blueberry,food,consum,image:ConsumFoodFoodDict
core/src/java/pd/items/weapon/melee/start/DemonBlade.java,DemonBlade,weapon,(stay),none
core/src/java/pd/items/weapon/melee/normalweapon/Gsword.java,Gsword,weapon,(stay),none
core/src/java/pd/items/scrolls/exotic/ScrollOfAntiMagic.java,ScrollOfAntiMagic,scrolls,(stay),none
core/src/java/pd/items/weapon/spammo/IceAmmo.java,IceAmmo,weapon,consum,inherit:SpAmmo
core/src/java/pd/items/weapon/missiles/throwing/Skull.java,Skull,weapon,consum,image:ConsumThrowsDict
core/src/java/pd/items/armor/fusion/CatSharkArmor.java,CatSharkArmor,armor,(stay),none
core/src/java/pd/items/Stylus.java,Stylus,Stylus.java,consum,image:ConsumUsefulUsefulDict
core/src/java/pd/items/scrolls/ScrollOfMirrorImage.java,ScrollOfMirrorImage,scrolls,(stay),none
core/src/java/pd/items/sellitem/DwarfHammer.java,DwarfHammer,sellitem,equipment,image:EquipmentEquipWeaponBasicWeaponDict
core/src/java/pd/items/weapon/melee/Greatsword.java,Greatsword,weapon,equipment,image:EquipmentEquipWeaponBasicWeaponDict
core/src/java/pd/items/armor/glyphs/Brimstone.java,Brimstone,armor,(stay),none
core/src/java/pd/items/misc/RainShield.java,RainShield,misc,(stay),none
core/src/java/pd/items/food/MeatPie.java,MeatPie,food,(stay),none
core/src/java/pd/items/scrolls/ScrollOfRemoveCurse.java,ScrollOfRemoveCurse,scrolls,(stay),none
core/src/java/pd/items/weapon/melee/fusion/PrayerWheel.java,PrayerWheel,weapon,equipment,image:EquipmentEquipWeaponBasicWeaponDict
core/src/java/pd/items/misc/NeedPaper.java,NeedPaper,misc,(stay),none
core/src/java/pd/items/weapon/missiles/meleethrow/SmallChakram.java,SmallChakram,weapon,(stay),none
core/src/java/pd/items/EnergyCrystal.java,EnergyCrystal,EnergyCrystal.java,specific,image:SpecificCurrencyDict
core/src/java/pd/items/CrystalVial.java,CrystalVial,CrystalVial.java,(stay),none
core/src/java/pd/items/eggs/LightDragonEgg.java,LightDragonEgg,eggs,consum,image:ConsumSummorDict
core/src/java/pd/items/rings/RingOfMight.java,RingOfMight,rings,equipment,inherit:Ring
core/src/java/pd/items/weapon/melee/relic/RelicMeleeWeapon.java,RelicMeleeWeapon,weapon,(stay),none
core/src/java/pd/items/keys/Key.java,Key,keys,(stay),none
core/src/java/pd/items/weapon/melee/HolyWater.java,HolyWater,weapon,equipment,image:EquipmentEquipWeaponBasicWeaponDict
core/src/java/pd/items/wands/fusion/WandOfFlow.java,WandOfFlow,wands,equipment,image:EquipmentWandBasicWandDict
core/src/java/pd/items/quest/Pickaxe.java,Pickaxe,quest,specific,image:SpecificTaskDict
core/src/java/pd/items/stones/StoneOfBlast.java,StoneOfBlast,stones,consum,image:ConsumScrollAmuletAmuletDict
core/src/java/pd/items/weapon/melee/special/ShadowEater.java,ShadowEater,weapon,(stay),none
core/src/java/pd/items/spells/WildEnergy.java,WildEnergy,spells,consum,image:ConsumScrollAmuletCrystalDict
core/src/java/pd/items/weapon/rockcode/Gleaf.java,Gleaf,weapon,(stay),none
core/src/java/pd/items/weapon/ranges/WoodenBowR.java,WoodenBowR,weapon,(stay),none
core/src/java/pd/items/weapon/missiles/FishingSpear.java,FishingSpear,weapon,consum,image:ConsumThrowsDict
core/src/java/pd/items/weapon/melee/normalweapon/AssassinsBlade.java,AssassinsBlade,weapon,(stay),none
core/src/java/pd/items/stones/StoneOfAugmentation.java,StoneOfAugmentation,stones,consum,image:ConsumScrollAmuletAmuletDict
core/src/java/pd/items/medicine/GoldenJelly.java,GoldenJelly,medicine,consum,inherit:Pill
core/src/java/pd/items/scrolls/ScrollOfTeleportation.java,ScrollOfTeleportation,scrolls,(stay),none
core/src/java/pd/items/sellitem/DevUpPlan.java,DevUpPlan,sellitem,specific,image:SpecificPagesDict
core/src/java/pd/items/weapon/melee/start/BraveBook.java,BraveBook,weapon,(stay),none
core/src/java/pd/items/weapon/spammo/StormAmmo.java,StormAmmo,weapon,consum,inherit:SpAmmo
core/src/java/pd/items/weapon/melee/Gloves.java,Gloves,weapon,equipment,image:EquipmentEquipWeaponBasicWeaponDict
core/src/java/pd/items/sellitem/MiniBunny.java,MiniBunny,sellitem,consum,image:ConsumSummorDict
core/src/java/pd/items/misc/MiscEquippable.java,MiscEquippable,misc,(stay),none
core/src/java/pd/items/spells/TargetedSpell.java,TargetedSpell,spells,(stay),none
core/src/java/pd/items/bags/KeyRing.java,KeyRing,bags,equipment,image:EquipmentBagsDict
core/src/java/pd/items/GreatRune.java,GreatRune,GreatRune.java,consum,image:ConsumScrollAmuletAmuletDict
core/src/java/pd/items/armor/curses/Displacement.java,Displacement,armor,(stay),none
core/src/java/pd/items/trinkets/ThirteenLeafClover.java,ThirteenLeafClover,trinkets,equipment,image:EquipmentNonEquipDict
core/src/java/pd/items/Ankh.java,Ankh,Ankh.java,consum,image:ConsumUsefulUsefulDict
core/src/java/pd/items/food/completefood/HarmPoop.java,HarmPoop,food,consum,image:ConsumFoodFoodDict
core/src/java/pd/items/trinkets/RatSkull.java,RatSkull,trinkets,consum,image:ConsumGoodsMaterialsGoodsDict
