old_const,cell,new_ident,new_atlas,score,verdict
WEAPON_HOLDER,cell16x0,BATARANG,sprites/items/consum/throws.png,0,auto
ARMOR_HOLDER,cell32x0,BATARANG,sprites/items/consum/throws.png,0,auto
MISSILE_HOLDER,cell48x0,BATARANG,sprites/items/consum/throws.png,0,auto
BOMB_HOLDER,cell144x0,BATARANG,sprites/items/consum/throws.png,0,auto
ACCESSORY_HOLDER,cell192x80,BATARANG,sprites/items/consum/throws.png,0,auto
BONES,cell0x32,WING_ARMOR,sprites/items/equipment/equip/armor/basic_armor.png,0.2496,REVIEW
REMAINS,cell16x32,BREW_AQUA#0,sprites/items/consum/potion_seed/basic_potion.png,0.1865,REVIEW
TOMB,cell32x32,NORMAL_GRAVESTONE,sprites/items/ground/grounding_items.png,0.003,auto
GRAVE,cell48x32,MARBLE_GRAVESTONE,sprites/items/ground/grounding_items.png,0.0496,auto
SEAL,cell32x48,EMBER#0,sprites/items/specific/task.png,0.0525,auto
CUDGEL,cell16x96,PILL,sprites/items/consum/potion_seed/basic_potion.png,0.1732,REVIEW
MAGES_STAFF,cell80x96,OLD_STAFF,sprites/items/equipment/equip/weapon/basic_weapon.png,0,auto
RUNIC_BLADE,cell176x112,SWORD#0,sprites/items/equipment/equip/weapon/basic_weapon.png,0.1002,auto
KATANA,cell224x112,ODACHI,sprites/items/equipment/equip/weapon/basic_weapon.png,0,auto
LEGACY_SOLDIER_GUN,cell144x128,ELECTROMAGNETIC_PISTOL,sprites/items/equipment/non_equip.png,0,auto
LEGACY_SOLDIER_AMMO,cell160x128,ROCK_BULLET#1,sprites/items/equipment/equip/weapon/unique_weapon.png,0,auto
LEGACY_ICE_BOMB,cell192x128,BOMB#0,sprites/items/equipment/equip/weapon/bomb.png,0.0804,auto
LEGACY_STORM_BOMB,cell208x128,NOISEMAKER#0,sprites/items/equipment/equip/weapon/bomb.png,0.1184,auto
DART,cell0x160,NORMAL_DART,sprites/items/consum/throws.png,0,auto
ARMOR_WARRIOR,cell80x176,ARMOR_PLATE#0,sprites/items/equipment/equip/armor/basic_armor.png,0.1182,auto
ARMOR_MAGE,cell96x176,PINK_BRICK,sprites/items/consum/food/food.png,0.0958,auto
ARMOR_ROGUE,cell112x176,HERO_ARMOR_ROGUE,sprites/items/equipment/equip/armor/basic_armor.png,0.0789,auto
ARMOR_HUNTRESS,cell128x176,HERO_ARMOR_HUNTRESS,sprites/items/equipment/equip/armor/basic_armor.png,0,auto
ARMOR_CLERIC,cell160x176,ARMOR_MAIL#0,sprites/items/equipment/equip/armor/basic_armor.png,0.2304,REVIEW
LEGACY_FAITH_SIGN,cell0x192,FAITH_BOX,sprites/items/equipment/non_equip.png,0,auto
LEGACY_BIG_BATTERY,cell16x192,BATTERY,sprites/items/equipment/non_equip.png,0,auto
LEGACY_TRICK_SAND,cell48x192,MAGIC_DUST,sprites/items/equipment/equip/weapon/basic_weapon.png,0,auto
LEGACY_ATTACK_SHIELD,cell80x192,RYU_HADOKEN,sprites/items/equipment/non_equip.png,0,auto
LEGACY_LINK_SWORD,cell112x192,HYRULE_LEGEND,sprites/items/equipment/equip/weapon/unique_weapon.png,0,auto
LEGACY_B_SHOVEL,cell128x192,CHEAT_CODE,sprites/items/equipment/non_equip.png,0,auto
LEGACY_MK_BOX,cell144x192,MUSHROOM_QUESTION_BOX,sprites/items/equipment/non_equip.png,0,auto
LEGACY_DIAMOND_PICKAXE,cell160x192,STEVE_DIAMOND_PICKAXE,sprites/items/equipment/equip/weapon/unique_weapon.png,0,auto
LEGACY_BRAVE_BOOK,cell192x192,ARTIFACT_SPELLBOOK,sprites/items/consum/useful/process_enhance.png,0,auto
LEGACY_PIXEL_TORCH,cell208x192,TORCH#0,sprites/items/consum/useful/useful.png,0,auto
LEGACY_TIME_OCLOCK,cell224x192,TIMEKEEPERS_HOURGLASS,sprites/items/equipment/jewellery/artifact.png,0,auto
WAND_MAGIC_MISSILE,cell0x208,WAND_SPS_MAGIC_MISSILE,sprites/items/equipment/wand/basic_wand.png,0,auto
WAND_PRISMATIC_LIGHT,cell80x208,SPS_WEP_CLUB#0,sprites/items/equipment/equip/weapon/basic_weapon.png,0.113,auto
WAND_CORROSION,cell96x208,WAND_ACID,sprites/items/equipment/wand/basic_wand.png,0,auto
RING_GARNET,cell0x224,RING_HOLDER,sprites/items/equipment/jewellery/ring.png,0,auto
ARTIFACT_CLOAK,cell0x240,CLOAK_OF_SHADOWS,sprites/items/equipment/jewellery/artifact.png,0.0051,auto
ARTIFACT_ARMBAND,cell16x240,MASTER_THIEVES_ARMBAND,sprites/items/equipment/jewellery/artifact.png,0,auto
ARTIFACT_CAPE,cell32x240,CAPE_OF_THORNS,sprites/items/equipment/jewellery/artifact.png,0,auto
ARTIFACT_TALISMAN,cell48x240,TALISMAN_OF_FORESIGHT,sprites/items/equipment/jewellery/artifact.png,0,auto
ARTIFACT_HOURGLASS,cell64x240,TIMEKEEPERS_HOURGLASS,sprites/items/equipment/jewellery/artifact.png,0.0054,auto
ARTIFACT_TOOLKIT,cell80x240,ALCHEMISTS_TOOLKIT,sprites/items/equipment/jewellery/artifact.png,0.1218,REVIEW
ARTIFACT_CHAINS,cell128x240,ETHEREAL_CHAINS,sprites/items/equipment/jewellery/artifact.png,0.0068,auto
ARTIFACT_TOME,cell112x256,FOREST_GUIDE,sprites/items/equipment/non_equip.png,0.1651,REVIEW
SCROLL_KAUNAN,cell0x304,SCROLL_ENCHANT_LEGACY,sprites/items/consum/scroll_amulet/scroll.png,0,auto
SCROLL_SOWILO,cell16x304,EXOTIC_SOWILO_LEGACY,sprites/items/consum/scroll_amulet/scroll.png,0,auto
SCROLL_LAGUZ,cell32x304,EXOTIC_LAGUZ_LEGACY,sprites/items/consum/scroll_amulet/scroll.png,0,auto
SCROLL_YNGVI,cell48x304,EXOTIC_YNGVI_LEGACY,sprites/items/consum/scroll_amulet/scroll.png,0,auto
SCROLL_GYFU,cell64x304,SCROLL_MYSTENRG_LEGACY,sprites/items/consum/scroll_amulet/scroll.png,0,auto
SCROLL_RAIDO,cell80x304,EXOTIC_RAIDO_LEGACY,sprites/items/consum/scroll_amulet/scroll.png,0,auto
SCROLL_ISAZ,cell96x304,SCROLL_SIREN_LEGACY,sprites/items/consum/scroll_amulet/scroll.png,0,auto
SCROLL_MANNAZ,cell112x304,SCROLL_FORESIGHT_LEGACY,sprites/items/consum/scroll_amulet/scroll.png,0,auto
SCROLL_NAUDIZ,cell128x304,SCROLL_CHALLENGE_LEGACY,sprites/items/consum/scroll_amulet/scroll.png,0,auto
SCROLL_BERKANAN,cell144x304,EXOTIC_BERKANAN_LEGACY,sprites/items/consum/scroll_amulet/scroll.png,0,auto
SCROLL_ODAL,cell160x304,SCROLL_DREAD_LEGACY,sprites/items/consum/scroll_amulet/scroll.png,0,auto
SCROLL_TIWAZ,cell176x304,SCROLL_METAMORPH_LEGACY,sprites/items/consum/scroll_amulet/scroll.png,0,auto
SCROLL_NENDIL,cell192x304,SPS_SCROLL_A,sprites/items/consum/scroll_amulet/scroll.png,0,auto
SCROLL_LIBRA,cell224x304,SPS_SCROLL_B,sprites/items/consum/scroll_amulet/scroll.png,0,auto
SEED_ROTBERRY,cell0x384,CURSE_INFUSE#0,sprites/items/consum/scroll_amulet/crystal.png,0.0824,auto
ELIXIR_HONEY,cell128x400,BREW_LEFT,sprites/items/consum/potion_seed/basic_potion.png,0,auto
STEAK,cell16x432,ROAST_MEAT,sprites/items/consum/food/food.png,0,auto
OVERPRICED,cell48x432,SMALL_RATION_PACK,sprites/items/consum/food/food.png,0,auto
CARPACCIO,cell64x432,FROZEN_MEAT,sprites/items/consum/food/food.png,0,auto
RATION,cell80x432,RATION_PACK,sprites/items/consum/food/food.png,0,auto
PASTY,cell96x432,MEAR_PIE,sprites/items/consum/food/food.png,0.0005,auto
MEAT_PIE,cell112x432,WHOLE_MEAT_PANCAKE,sprites/items/consum/food/food.png,0.0714,auto
BERRY,cell160x432,PINK_BRICK,sprites/items/consum/food/food.png,0.09,auto
SUPPLY_RATION,cell192x432,NUT_CAKE,sprites/items/consum/food/food.png,0.1404,REVIEW
CHOC_AMULET,cell32x448,AMULET#0,sprites/items/specific/task.png,0.0696,auto
SHATTERED_CAKE,cell80x448,COLORLESS_ORE,sprites/items/consum/goods_materials/materials.png,0.1362,REVIEW
VANILLA_CAKE,cell112x448,COLORLESS_ORE,sprites/items/consum/goods_materials/materials.png,0.1541,REVIEW
STAR_FLOWER,cell240x448,YAM_FLOWER,sprites/items/consum/potion_seed/seed.png,0,auto
HEAL_LEAF,cell176x464,SEWER_CHALLENGE#0,sprites/items/specific/task.png,0.1101,auto
TRUFFLES,cell208x464,PLANK_PLACER,sprites/items/consum/throws.png,0.1425,REVIEW
MUSHROOM,cell240x464,DEWDROP_MUSHROOM,sprites/items/equipment/non_equip.png,0,auto
VIAL,cell96x480,WATERSKIN,sprites/items/equipment/non_equip.png,0.0064,auto
UPGRADE_GOO_YELLOW,cell160x480,POWER_CHALLENGE,sprites/items/specific/task.png,0.1347,REVIEW
UPGRADE_GOO_RED,cell176x480,CLOAK_SCRAP#0,sprites/items/consum/useful/corpse_relics.png,0.0977,auto
UPGRADE_GOO_VIOLET,cell192x480,POWER_CHALLENGE,sprites/items/specific/task.png,0.1301,REVIEW
UPGRADE_EATER,cell208x480,STAREATER_FLOWER,sprites/items/consum/potion_seed/seed.png,0,auto
TRANSMUTATION_BALL,cell224x480,TRANSMUTE_CAGE,sprites/items/consum/potion_seed/seed.png,0,auto
SPS_POTION_MENDING,cell240x480,DEMON_BOOK,sprites/items/equipment/non_equip.png,0.1811,REVIEW
SPS_POTION_MIGHT,cell112x496,PINK_BRICK,sprites/items/consum/food/food.png,0.1629,REVIEW
SPS_POTION_SHIELD,cell128x496,PINK_BRICK,sprites/items/consum/food/food.png,0.1406,REVIEW
SPS_POTION_OVERHEALING,cell144x496,PINK_BRICK,sprites/items/consum/food/food.png,0.1791,REVIEW
SPS_POTION_MIXING,cell160x496,SEWER_CHALLENGE#0,sprites/items/specific/task.png,0.1376,REVIEW
PUDDING_CUP,cell176x496,TASTY_PUDDING,sprites/items/specific/task.png,0,auto
MOBILE,cell16x512,RED_HARE_TOTEM,sprites/items/equipment/non_equip.png,0.1314,REVIEW
ACTIVE_MR_DESTRUCTO,cell32x512,LASER_TURRET,sprites/items/consum/summor.png,0,auto
BUILD_BOMB,cell0x528,DUD_DUNGEON_BOMB,sprites/items/equipment/equip/weapon/bomb.png,0,auto
HUGE_BOMB,cell16x528,FULLMOONBERRY,sprites/items/consum/food/food.png,0.1788,REVIEW
M_WEB,cell64x528,STONE_AUGMENTATION#0,sprites/items/consum/scroll_amulet/amulet.png,0.0129,auto
AUTO_POTION,cell112x528,POTION_BADGE,sprites/items/equipment/jewellery/artifact.png,0,auto
KNOWLEDGE_BOOK,cell128x528,SOUL_BOOK,sprites/items/specific/task.png,0,auto
SPS_PET_EGG,cell144x528,RANDOM_INITIAL_SOUL,sprites/items/consum/summor.png,0,auto
PALANTIR,cell160x528,SOUL_COLLECT,sprites/items/specific/task.png,0,auto
PLANT_POT_BLOCK,cell192x528,FLOWER_POT_PLACER,sprites/items/consum/throws.png,0,auto
ORB_OF_ZOT,cell224x528,ENERGY_CORE,sprites/items/specific/task.png,0,auto
BOSS_RUSH,cell32x544,POWER_CHALLENGE,sprites/items/specific/task.png,0.1598,REVIEW
YEAR_PET_EGG,cell64x544,ROT_DART#0,sprites/items/consum/throws.png,0.144,REVIEW
CURSE_BLOOD,cell80x544,CHAOS_BLOOD,sprites/items/equipment/non_equip.png,0,auto
ADAMANT_ARMOR,cell144x544,ARMOR_WELD_PART,sprites/items/consum/goods_materials/materials.png,0,auto
ADAMANT_WAND,cell160x544,WAND_WELD_PART,sprites/items/consum/goods_materials/materials.png,0,auto
ADAMANT_RING,cell176x544,RING_WELD_PART,sprites/items/consum/goods_materials/materials.png,0,auto
SKILL_ATK,cell208x544,SCROLL_OF_PRECISION,sprites/items/consum/scroll_amulet/scroll.png,0.0005,auto
SKILL_DEF,cell224x544,SCROLL_OF_PROTECTION,sprites/items/consum/scroll_amulet/scroll.png,0,auto
SKILL_MIG,cell240x544,SCROLL_OF_MAGIC,sprites/items/consum/scroll_amulet/scroll.png,0,auto
POCKET_BALL,cell0x560,BLUE_CAP_MUSHROOM,sprites/items/consum/potion_seed/basic_potion.png,0,auto
NORN_GREEN,cell16x560,GREEN_NORN_ORE,sprites/items/consum/goods_materials/materials.png,0,auto
NORN_BLUE,cell32x560,BLUE_NORN_ORE,sprites/items/consum/goods_materials/materials.png,0,auto
NORN_ORANGE,cell48x560,ORANGE_NORN_ORE,sprites/items/consum/goods_materials/materials.png,0,auto
NORN_PURPLE,cell64x560,PURPLE_NORN_ORE,sprites/items/consum/goods_materials/materials.png,0,auto
NORN_YELLOW,cell80x560,YELLOW_NORN_ORE,sprites/items/consum/goods_materials/materials.png,0,auto
ARES_SWORD,cell112x560,SOUL_DRAIN_LONGSWORD,sprites/items/equipment/equip/weapon/basic_weapon.png,0,auto
JUPITERS_WRAITH,cell128x560,DETERRENT_ROCK_BLADE,sprites/items/equipment/equip/weapon/basic_weapon.png,0,auto
CROM_CRUACH_AXE,cell144x560,BONE_SAW_GREATAXE,sprites/items/equipment/equip/weapon/basic_weapon.png,0,auto
LOKIS_FLAIL,cell160x560,VENOMOUS_HEAVY_FLAIL,sprites/items/equipment/equip/weapon/basic_weapon.png,0,auto
PLAYER_ICON,cell0x576,SCROLL_ENCHANT_LEGACY,sprites/items/consum/scroll_amulet/scroll.png,0,auto
HAND_CANNON,cell48x576,POTION_GUN,sprites/items/equipment/equip/weapon/basic_weapon.png,0,auto
FOUR_CLOVER,cell64x576,CLOVER_BADGE,sprites/items/equipment/jewellery/artifact.png,0,auto
SHADOW_DRAGON_EGG,cell224x592,BUG_DRAGON_EGG#0,sprites/items/consum/summor.png,0.0257,auto
TREASURE_MAP,cell96x576,BATARANG,sprites/items/consum/throws.png,0.0174,auto
SHIT_BALL,cell112x576,FILTH_LUMP,sprites/items/consum/throws.png,0,auto
SJRB_MUSIC,cell144x576,SLAM_DUNK_SET,sprites/items/equipment/equip/weapon/basic_weapon.png,0,auto
SPORK,cell160x576,ROYAL_FORK,sprites/items/equipment/equip/weapon/basic_weapon.png,0,auto
SPS_RUNIC_BLADE,cell64x960,RUNE_SWORD,sprites/items/equipment/equip/weapon/basic_weapon.png,0,auto
BUG_MEAT,cell0x592,FUNNY_PARASITE,sprites/items/consum/food/food.png,0,auto
LIGHT_BOMB,cell16x592,PINK_BRICK,sprites/items/consum/food/food.png,0.1154,auto
FISHING_BOMB,cell32x592,SPS_FISHING_BOMB,sprites/items/equipment/equip/weapon/bomb.png,0,auto
LEGACY_WAVE,cell0x752,SONIC_BAIT,sprites/items/consum/throws.png,0,auto
EARTH_BOMB,cell32x752,BOMB#0,sprites/items/equipment/equip/weapon/bomb.png,0.0915,auto
DARK_BOMB,cell48x752,BOMB#0,sprites/items/equipment/equip/weapon/bomb.png,0.0274,auto
FOAMED,cell80x752,EFFERVESCENT_SODA,sprites/items/consum/food/food.png,0,auto
FRUIT_SALAD,cell96x752,FRUIT_SMOOTHIE,sprites/items/consum/food/food.png,0,auto
HERB_MEAT,cell128x752,HERB_SAUCED_MEAT,sprites/items/consum/food/food.png,0,auto
HONEY_MEAT,cell144x752,HONEY_ROAST_MEAT,sprites/items/consum/food/food.png,0,auto
PERFECT_FOOD,cell192x752,PERFECT_MEAL,sprites/items/consum/food/food.png,0,auto
HONEY_GEL,cell240x752,YELLOW_UPGRADE_BLOB,sprites/items/equipment/non_equip.png,0,auto
GEL,cell0x768,VIOLET_UPGRADE_BLOB,sprites/items/equipment/non_equip.png,0,auto
HONEY_WATER,cell16x768,DILUTED_HONEY,sprites/items/consum/food/food.png,0,auto
FOOD_FANS,cell48x768,SPAGHETTI,sprites/items/consum/food/food.png,0,auto
SPS_STR_BOTTLE,cell80x768,NUT_CAKE,sprites/items/consum/food/food.png,0.1763,REVIEW
SPS_DEMON_PAPER,cell96x768,CHAOS_PACK,sprites/items/equipment/non_equip.png,0,auto
SPS_BASE_ARMOR,cell112x768,SPS_PH_ARMOR_BAD,sprites/items/specific/place_holder.png,0,auto
SPS_GNOLL_MARK,cell128x768,RITUAL_MASK,sprites/items/equipment/non_equip.png,0,auto
SPS_UNDEAD_BOOK,cell144x768,UNDEAD_BIBLE,sprites/items/equipment/non_equip.png,0,auto
SPS_MECH_POCKET,cell192x768,DORAEMON_POCKET,sprites/items/equipment/non_equip.png,0,auto
SPS_GRASS_BOOK,cell208x768,ROCK_BULLET#2,sprites/items/equipment/equip/weapon/unique_weapon.png,0,auto
SPS_HEAL_BAG,cell0x784,MEDKIT,sprites/items/equipment/non_equip.png,0,auto
SPS_RANGE_BAG,cell16x784,QUIVER,sprites/items/equipment/non_equip.png,0,auto
SPS_DANCE_LION,cell32x784,ANIMAL_GUIDE,sprites/items/equipment/non_equip.png,0,auto
SPS_WHISK,cell48x784,MENTOR_SET,sprites/items/equipment/equip/weapon/basic_weapon.png,0,auto
SPS_SAVAGE_HELMET,cell64x784,BARBARIAN_HELMET,sprites/items/equipment/non_equip.png,0,auto
SPS_HORSE_TOTEM,cell80x784,RED_HARE_TOTEM,sprites/items/equipment/non_equip.png,0,auto
SPS_TEST_WEAPON,cell0x800,SPS_PH_WEAPON_TEST,sprites/items/specific/place_holder.png,0,auto
SPS_TEST_ARMOR,cell16x800,SPS_PH_ARMOR_TEST,sprites/items/specific/place_holder.png,0,auto
SPS_TEST_WAND,cell32x800,SPS_PH_WAND_TEST,sprites/items/specific/place_holder.png,0,auto
SPS_REWARD_PAPER,cell48x800,REWARD_LIST,sprites/items/equipment/non_equip.png,0,auto
SPS_NEED_PAPER,cell96x800,WANTED_LIST,sprites/items/equipment/non_equip.png,0,auto
SPS_PPC,cell112x800,DETECTIVE_SUIT,sprites/items/equipment/non_equip.png,0,auto
SPS_MIND_ARROW,cell128x800,BATARANG,sprites/items/consum/throws.png,0,auto
SPS_LEADER_FLAG,cell144x800,LORD_BANNER,sprites/items/equipment/non_equip.png,0,auto
SPS_NM_HEAL_BAG,cell160x800,MEDKIT,sprites/items/equipment/non_equip.png,0,auto
BOTTLE_FIRE,cell208x800,FLAME_IN_BOTTLE,sprites/items/consum/goods_materials/goods.png,0,auto
LYNN_DOLL,cell240x800,FAIRY_DOLL,sprites/items/consum/summor.png,0,auto
SPS_ANKH_SHIELD,cell16x816,HOLY_SHIELD,sprites/items/equipment/non_equip.png,0,auto
SPS_PPC2,cell32x816,DETECTOR,sprites/items/equipment/non_equip.png,0,auto
SPS_ELE_KATANA,cell48x816,RAIKIRI,sprites/items/equipment/equip/weapon/unique_weapon.png,0,auto
SPS_SHOOT_GUN,cell64x816,ELECTROMAGNETIC_SHOTGUN,sprites/items/equipment/equip/weapon/unique_weapon.png,0,auto
SPS_WEIGHTSTONE,cell80x816,STONE_AUGMENTATION#0,sprites/items/consum/scroll_amulet/amulet.png,0.0129,auto
SPS_SHOOT_AMMO,cell96x816,ROCK_BULLET#1,sprites/items/equipment/equip/weapon/unique_weapon.png,0,auto
SPS_SHOOT_END_AMMO,cell112x816,ROCK_BULLET#2,sprites/items/equipment/equip/weapon/unique_weapon.png,0,auto
SPS_EQUIP_CHANGE,cell128x816,SPS_GOLD_TO_SCOIN,sprites/items/specific/place_holder.png,0,auto
FISH_BONE,cell144x816,IMMORTAL_DRIED_FISH,sprites/items/equipment/jewellery/artifact.png,0,auto
GHOST_GIRL_ROSE,cell160x816,RED_GHOST,sprites/items/consum/goods_materials/goods.png,0,auto
RAIN_SHIELD,cell176x816,HERO_IRON_SHIELD,sprites/items/equipment/jewellery/artifact.png,0.1358,REVIEW
CURSE_PHONE,cell192x816,CURSED_PHONE,sprites/items/equipment/jewellery/artifact.png,0,auto
AFLY_SOCK,cell208x816,WHITE_SOCK,sprites/items/consum/goods_materials/goods.png,0,auto
MELEE_PAN,cell224x816,RICE_FOOD,sprites/items/consum/food/food.png,0,auto
XIXI_BOX,cell240x816,EXCLUSIVE_COLLECTION,sprites/items/consum/goods_materials/goods.png,0,auto
SPS_MEGA_CANNON,cell0x832,ROCK_CANNON,sprites/items/equipment/equip/weapon/unique_weapon.png,0,auto
SPS_MEGA_AMMO_SMALL,cell16x832,ROCK_BULLET#0,sprites/items/equipment/equip/weapon/unique_weapon.png,0,auto
SPS_MEGA_AMMO_MEDIUM,cell32x832,ROCK_BULLET#1,sprites/items/equipment/equip/weapon/unique_weapon.png,0,auto
SPS_MEGA_AMMO_LARGE,cell48x832,ROCK_BULLET#2,sprites/items/equipment/equip/weapon/unique_weapon.png,0,auto
SPS_ROCKMAN_JUMP,cell64x832,JUMP_BOOTS,sprites/items/equipment/non_equip.png,0,auto
SPS_BUNNY_DAGGER,cell96x832,RABBIT_SWORD,sprites/items/equipment/equip/weapon/unique_weapon.png,0.2392,REVIEW
SPS_FISH_PET_FOOD,cell144x832,PINK_FISH,sprites/items/consum/food/food.png,0,auto
SPS_FISH_FOOD,cell160x832,BLUE_FISH,sprites/items/consum/food/food.png,0,auto
SPS_HONEY,cell176x832,CANNED_HONEY,sprites/items/consum/food/food.png,0,auto
SPS_YEAR_FOOD,cell224x832,SLIME_RICE,sprites/items/consum/food/food.png,0,auto
SPS_PASTY,cell0x848,MEAR_PIE,sprites/items/consum/food/food.png,0,auto
SPS_SPRING_ASSORTED,cell16x848,SOUP_DUMPLING,sprites/items/consum/food/food.png,0,auto
SPS_KNOWLEDGE_FOOD,cell32x848,SUMMER_HOMEWORK,sprites/items/consum/food/food.png,0,auto
SPS_PASTY_EASTER_EGG,cell48x848,EASTER_EGG_CANDY,sprites/items/consum/food/food.png,0,auto
SPS_BRICK_FOOD,cell112x848,BRICK,sprites/items/consum/throws.png,0,auto
SPS_JELLY_SWORD,cell128x848,COIN_SWORD,sprites/items/equipment/equip/weapon/basic_weapon.png,0,auto
SPS_GARBAGE,cell144x848,SCRAP,sprites/items/consum/goods_materials/materials.png,0,auto
POCKET_BALL_EMPTY,cell0x608,LETHAL_FUNGUS,sprites/items/consum/potion_seed/basic_potion.png,0,auto
WOODEN_SHIELD,cell16x608,DIVINE_WOOD_SHIELD,sprites/items/equipment/non_equip.png,0,auto
MIX_BOTTLE,cell32x608,MIRACLE_FLASK,sprites/items/equipment/non_equip.png,0,auto
SLIME_BALL,cell48x608,EROSION_CORE,sprites/items/equipment/non_equip.png,0,auto
RUSTY_CAT,cell64x608,CAT_EAR_BOX,sprites/items/consum/summor.png,0,auto
EMPTY_BODY,cell96x608,MURAMASA,sprites/items/equipment/equip/weapon/unique_weapon.png,0.0886,auto
SHADOW_EATER,cell112x608,BLOOD_BLADE,sprites/items/equipment/equip/weapon/basic_weapon.png,0,auto
SPS_ERROR_WEAPON,cell32x880,SPS_PH_WEAPON_BAD,sprites/items/specific/place_holder.png,0,auto
SPS_ERROR_ARMOR,cell48x880,SPS_PH_ARMOR_BAD,sprites/items/specific/place_holder.png,0,auto
SPS_ERROR_AMMO,cell64x880,SPS_PH_WAND_SPARE,sprites/items/specific/place_holder.png,0,auto
SPS_ROBOT_HEART,cell80x880,MECHANICAL_HEART,sprites/items/equipment/jewellery/artifact.png,0,auto
TEST_CLOAK,cell96x880,EXTERNAL_TEST_CODE,sprites/items/consum/goods_materials/goods.png,0,auto
COCO_CAT_EGG,cell0x896,RANDOM_SOUL,sprites/items/consum/summor.png,0,auto
HARO_EGG,cell32x896,TOKEN#0,sprites/items/specific/task.png,0.1318,REVIEW
SPS_PUMPKIN,cell96x896,HALLOWEEN_PUMPKIN,sprites/items/equipment/equip/weapon/basic_weapon.png,0,auto
BUTTERFLY_EGG,cell112x896,AFLY_EGG#0,sprites/items/consum/summor.png,0,auto
VIP_CARD,cell32x928,TV_GHOST,sprites/items/consum/goods_materials/goods.png,0,auto
SPS_GOLD_BAG,cell112x928,HAMBURGER,sprites/items/consum/food/food.png,0.2115,REVIEW
SPS_SPECIAL_COIN,cell128x928,AUTHOR_NUT,sprites/items/consum/food/food.png,0,auto
SPS_MIT_BOTTLE,cell144x928,NUT_CAKE,sprites/items/consum/food/food.png,0.1763,REVIEW
SPS_UNBLESS_ANKH,cell160x928,SHARD#0,sprites/items/consum/goods_materials/materials.png,0.3317,REVIEW
SPS_POCKET_BALL_FULL,cell192x928,FULL_POCKET_BALL,sprites/items/equipment/non_equip.png,0,auto
SPS_HOOK_HAM,cell208x928,HAM_AND_HOOK,sprites/items/equipment/equip/weapon/basic_weapon.png,0,auto
SPS_EASTER_TREE,cell240x928,CHRISTMAS_TREE,sprites/items/equipment/equip/weapon/basic_weapon.png,0,auto
SPS_PAPER_FAN,cell0x944,FAN,sprites/items/equipment/equip/weapon/basic_weapon.png,0,auto
SPS_MINI_MOAI,cell16x944,EASTER_STATUE,sprites/items/equipment/equip/weapon/basic_weapon.png,0,auto
SPS_GOEI,cell48x944,SOLDIER_SUMMON,sprites/items/consum/summor.png,0.2801,REVIEW
SPS_WRAITH_BREATH,cell80x944,SONIC_BAIT,sprites/items/consum/throws.png,0,auto
SPS_STONE_CROSS,cell96x944,CROSS,sprites/items/equipment/equip/weapon/basic_weapon.png,0,auto
SPS_HAND_LIGHT,cell128x944,LAMP_PUNCH,sprites/items/equipment/equip/weapon/basic_weapon.png,0,auto
SPS_CURSE_BOX,cell144x944,MIMIC_CHEST,sprites/items/equipment/equip/weapon/basic_weapon.png,0,auto
SPS_SMALL_CHAKRAM,cell160x944,ROUND_BLADE,sprites/items/consum/throws.png,0,auto
SPS_HUGE_SHURIKEN,cell176x944,GIANT_SHURIKEN,sprites/items/consum/throws.png,0,auto
SPS_TAMAHAWK,cell192x944,DRIED_ROSE#2,sprites/items/equipment/jewellery/artifact.png,0.1898,REVIEW
SPS_GOBLIN_SHIELD,cell208x944,ENCHANTED_AXE_BLADE,sprites/items/equipment/equip/weapon/basic_weapon.png,0,auto
SPS_SP_KNUCKLES,cell224x944,POWER_KNUCKLES,sprites/items/equipment/equip/weapon/basic_weapon.png,0,auto
SPS_FLAG,cell240x944,SOLDIER_SUMMON,sprites/items/consum/summor.png,0,auto
SPS_EASTER_BRICK,cell112x848,BRICK,sprites/items/consum/throws.png,0,auto
SPS_KEY_WEAPON,cell176x928,RUSTY_KEY,sprites/items/equipment/equip/weapon/basic_weapon.png,0,auto
CRYSTAL_VIAL,cell112x880,BLUE_CAT_TEST_CODE,sprites/items/consum/goods_materials/goods.png,0,auto
BROKEN_HAMMER,cell144x880,WOODEN_FISH,sprites/items/consum/goods_materials/goods.png,0,auto
CROSS_PHOTO,cell160x880,HERO_SKILL_CLERIC,sprites/items/equipment/non_equip.png,0.3203,REVIEW
HUMMING_TOOL,cell192x880,HORN_OF_PLENTY#1,sprites/items/equipment/jewellery/artifact.png,0.1763,REVIEW
MIRROR_2,cell208x880,MOLDY_DONUT,sprites/items/consum/goods_materials/goods.png,0,auto
NOUTH_SOUTH,cell224x880,SWITCH_CONSOLE,sprites/items/consum/goods_materials/goods.png,0,auto
SELL_PERMIT,cell240x880,FLYER,sprites/items/consum/goods_materials/goods.png,0,auto
SHEEP_FUR,cell160x848,CANNED_HONEY,sprites/items/consum/food/food.png,0.2306,REVIEW
SIMPLE_360,cell176x848,SPROUTING_TROPHY,sprites/items/consum/goods_materials/goods.png,0,auto
TISSUE,cell192x848,BROKEN_REAGENT,sprites/items/consum/goods_materials/goods.png,0,auto
APOSTLE_BOX,cell224x848,TEST_SUBJECT,sprites/items/consum/goods_materials/goods.png,0,auto
MONEY_BOOK,cell240x848,GUIDE_PAGE#0,sprites/items/specific/pages.png,0,auto
LEGACY_BULLET,cell0x624,ROCK_BULLET#0,sprites/items/equipment/equip/weapon/unique_weapon.png,0,auto
TOY_GUN,cell112x624,PAINTBALL_GUN,sprites/items/equipment/equip/weapon/unique_weapon.png,0,auto
LEGACY_ARROW,cell128x624,BATARANG,sprites/items/consum/throws.png,0,auto
STONE_BOW,cell160x624,DAMAGED_WOODEN_BOW,sprites/items/equipment/equip/weapon/basic_weapon.png,0,auto
METAL_BOW,cell176x624,COMPOSITE_BOW,sprites/items/equipment/equip/weapon/basic_weapon.png,0,auto
ALLOY_BOW,cell192x624,FULL_COMPOSITE_BOW,sprites/items/equipment/equip/weapon/basic_weapon.png,0,auto
PVC_BOW,cell208x624,CROSSBOW,sprites/items/equipment/equip/weapon/basic_weapon.png,0,auto
LEGACY_KNIFE,cell240x624,ESCAPE_KNIFE,sprites/items/consum/throws.png,0,auto
KING_BONE,cell0x640,MAGIC_SKULL,sprites/items/specific/task.png,0,auto
CAVE_SHELL,cell16x640,CHARGED_CONCH,sprites/items/specific/task.png,0,auto
ANCIENT_COIN,cell32x640,COURT_MEMORIAL,sprites/items/specific/task.png,0,auto
SACRIFICE_BOOK,cell48x640,CARD_BOX,sprites/items/equipment/non_equip.png,0,auto
GOLDEN_NUT,cell64x640,AUTHOR_NUT,sprites/items/consum/food/food.png,0,auto
CHALLENGE_REWARD_BAG,cell80x640,HAMBURGER,sprites/items/consum/food/food.png,0.2115,REVIEW
CRYSTAL_NUCLEUS,cell96x640,ORANGE_NORN_ORE,sprites/items/consum/goods_materials/materials.png,0,auto
CHALLENGE_BOOK,cell0x656,TRIAL_BOOK,sprites/items/specific/task.png,0,auto
ICE_CHALLENGE,cell16x656,BOTTLE_FLOWER,sprites/items/consum/goods_materials/goods.png,0,auto
CITY_CHALLENGE,cell80x656,PRISON_CHALLENGE,sprites/items/specific/task.png,0.0003,auto
COURAGE_CHALLENGE,cell96x656,POWER_CHALLENGE,sprites/items/specific/task.png,0,auto
VIAL_UPDATER,cell160x656,SOLDIER_SUMMON,sprites/items/consum/summor.png,0,auto
WAND_METEORITE,cell32x672,WAND_BLAST_WAVE#0,sprites/items/equipment/wand/basic_wand.png,0.0487,auto
WAND_CHARM,cell64x672,WAND_TRANSFUSION#0,sprites/items/equipment/wand/basic_wand.png,0,auto
WAND_FREEZE,cell128x672,WAND_WELD_PART,sprites/items/consum/goods_materials/materials.png,0.0436,auto
WAND_FLOCK,cell192x672,WAND_SPS_ENERGY,sprites/items/equipment/wand/basic_wand.png,0.0411,auto
WAND_ERROR,cell224x672,SPS_PH_WAND_BAD,sprites/items/specific/place_holder.png,0,auto
SPS_VEST_ARMOR,cell32x688,VEST,sprites/items/equipment/equip/armor/basic_armor.png,0,auto
SPS_RUBBER_ARMOR,cell80x688,RUBBER_SUIT,sprites/items/equipment/equip/armor/basic_armor.png,0,auto
SPS_ARMOR_DISC,cell96x688,STONE_ARMOR,sprites/items/equipment/equip/armor/basic_armor.png,0.055,auto
SPS_MULTIPLE_ARMOR,cell160x688,HEAVY_CHAIN_ARMOR,sprites/items/equipment/equip/armor/basic_armor.png,0,auto
SPS_BULLET_ARMOR,cell208x688,HEAVY_SCALE_ARMOR,sprites/items/equipment/equip/armor/basic_armor.png,0,auto
SPS_PROTECTIVE_ARMOR,cell224x688,THICK_RUBBER_SUIT,sprites/items/equipment/equip/armor/basic_armor.png,0,auto
SPS_MACHINE_ARMOR,cell0x704,EXOSKELETON_ARMOR,sprites/items/equipment/equip/armor/basic_armor.png,0,auto
SPS_ARMOR_WARRIOR,cell32x704,HERO_ARMOR_WARRIOR,sprites/items/equipment/equip/armor/basic_armor.png,0,auto
SPS_ARMOR_MAGE,cell48x704,PINK_BRICK,sprites/items/consum/food/food.png,0.0958,auto
SPS_ARMOR_ROGUE,cell64x704,HERO_ARMOR_ROGUE,sprites/items/equipment/equip/armor/basic_armor.png,0,auto
SPS_ARMOR_HUNTRESS,cell80x704,HERO_ARMOR_HUNTRESS,sprites/items/equipment/equip/armor/basic_armor.png,0,auto
SPS_ARMOR_PERFORMER,cell96x704,HERO_ARMOR_PERFORMER,sprites/items/equipment/equip/armor/basic_armor.png,0,auto
SPS_ARMOR_SOLDIER,cell112x704,PHANTOM_ARMOR,sprites/items/equipment/equip/armor/basic_armor.png,0.1691,REVIEW
SPS_ARMOR_FOLLOWER,cell128x704,HERO_ARMOR_CLERIC,sprites/items/equipment/equip/armor/basic_armor.png,0,auto
SPS_ARMOR_ASCETIC,cell144x704,CERAMICS_ARMOR,sprites/items/equipment/equip/armor/basic_armor.png,0.2132,REVIEW
SPS_WEP_DAGGER,cell0x720,DAGGER#0,sprites/items/equipment/equip/weapon/basic_weapon.png,0.009,auto
SPS_WEP_KNUCKLES,cell16x720,KNUCKLES,sprites/items/equipment/equip/weapon/basic_weapon.png,0,auto
SPS_WEP_SHORT_SWORD,cell32x720,SHORTSWORD#0,sprites/items/equipment/equip/weapon/basic_weapon.png,0.0355,auto
SPS_WEP_MAGE_BOOK,cell48x720,RUNE_DICTIONARY,sprites/items/equipment/equip/weapon/basic_weapon.png,0.1272,REVIEW
SPS_WEP_HANDAXE,cell64x720,HAND_AXE#0,sprites/items/equipment/equip/weapon/basic_weapon.png,0,auto
SPS_WEP_DUAL_KNIVE,cell96x720,DUAL_SWORDS,sprites/items/equipment/equip/weapon/basic_weapon.png,0,auto
SPS_WEP_FIGHT_GLOVES,cell112x720,CLAW_SHEATH,sprites/items/equipment/equip/weapon/basic_weapon.png,0,auto
SPS_WEP_NUNCHAKUS,cell128x720,NUNCHAKU,sprites/items/equipment/equip/weapon/basic_weapon.png,0,auto
SPS_WEP_SCIMITAR,cell144x720,SCIMITAR,sprites/items/equipment/equip/weapon/basic_weapon.png,0,auto
SPS_WEP_WHIP,cell160x720,WHIP#0,sprites/items/equipment/equip/weapon/basic_weapon.png,0,auto
SPS_WEP_RAPIER,cell176x720,SWIFT_SWORD,sprites/items/equipment/equip/weapon/basic_weapon.png,0,auto
SPS_WEP_ASSASSINS_BLADE,cell192x720,ASSASSINS_BLADE#0,sprites/items/equipment/equip/weapon/basic_weapon.png,0,auto
SPS_WEP_BATTLE_AXE,cell208x720,CURSE_INFUSE#0,sprites/items/consum/scroll_amulet/crystal.png,0.1903,REVIEW
SPS_WEP_GLAIVE,cell224x720,GLAIVE#0,sprites/items/equipment/equip/weapon/basic_weapon.png,0,auto
SPS_WEP_GSWORD,cell0x736,GREATSWORD#0,sprites/items/equipment/equip/weapon/basic_weapon.png,0.0797,auto
SPS_WEP_HALBERD,cell16x736,HALBERD,sprites/items/equipment/equip/weapon/basic_weapon.png,0,auto
SPS_WEP_WAR_HAMMER,cell32x736,WAR_HAMMER#0,sprites/items/equipment/equip/weapon/basic_weapon.png,0,auto
SPS_WEP_LANCE,cell48x736,LANCE,sprites/items/equipment/equip/weapon/basic_weapon.png,0,auto
MEAT_SOUP,cell64x736,BONE_SOUP,sprites/items/consum/food/food.png,0,auto
HOTDOG,cell80x736,CHICKEN_WRAP,sprites/items/consum/food/food.png,0,auto
MIX_PIZZA,cell128x736,PIZZA,sprites/items/consum/food/food.png,0,auto
LEGACY_BLIND_FRUIT,cell192x736,SEED_SWIFTTHISTLE,sprites/items/consum/potion_seed/seed.png,0,auto
LEGACY_EMP_BOLA,cell208x736,TRAP_NET,sprites/items/consum/throws.png,0,auto
SPS_SEED_ROTBERRY,cell0x864,SEED_ROT_BERRY,sprites/items/consum/potion_seed/seed.png,0,auto
SPS_SEED_DREAMFOIL,cell112x864,SEED_MAGEROYAL#0,sprites/items/consum/potion_seed/seed.png,0,auto
SPS_SEED_BLANDFRUIT,cell160x864,SEED_FADELEAF#0,sprites/items/consum/potion_seed/seed.png,0,auto
SPS_SEED_DUNGEONNUT,cell176x864,SEED_NUTVINE,sprites/items/consum/potion_seed/seed.png,0,auto
SPS_SEED_SEEDPOD,cell208x864,SEED_POD,sprites/items/consum/potion_seed/seed.png,0,auto
SPS_SEED_SIOFLOWER,cell224x864,SEED_QUARTZFLOWER,sprites/items/consum/potion_seed/seed.png,0,auto
SPS_SEED_DEWCATCHER,cell0x880,SEED_MAGEROYAL#0,sprites/items/consum/potion_seed/seed.png,0.0707,auto
SPS_SEED_RENEPENTH,cell16x880,SEED_TRANSMUTE_CAGE,sprites/items/consum/potion_seed/seed.png,0,auto
TENGU_KEY,cell0x960,ROGUE_CHALLENGE,sprites/items/specific/task.png,0,auto
SPS_LING_POTION,cell48x960,RAW_NUT,sprites/items/consum/food/food.png,0.2287,REVIEW
NOOMLIN_CROWN,cell96x960,KINGS_CROWN,sprites/items/equipment/jewellery/artifact.png,0,auto
SPS_CHINA_MECH,cell112x960,SOLDIER_SUMMON,sprites/items/consum/summor.png,0,auto
SPS_JUMPER_DANCER,cell128x960,DANCING_FIGURE#0,sprites/items/consum/goods_materials/goods.png,0,auto
MUSHROOM_LANTERN,cell0x976,FIRE_PHOSPHORUS_FRUIT,sprites/items/consum/potion_seed/basic_potion.png,0,auto
MUSHROOM_EARTHSTAR,cell16x976,EARTH_RIFT_FRUIT,sprites/items/consum/potion_seed/basic_potion.png,0,auto
MUSHROOM_GREEN_SPORE,cell32x976,DEW_FUNGUS_SPORE,sprites/items/consum/potion_seed/basic_potion.png,0,auto
MUSHROOM_DEATHCAP,cell48x976,POISON_MUSHROOM,sprites/items/consum/potion_seed/basic_potion.png,0,auto
MUSHROOM_PIXIEPARASOL,cell64x976,MONOCHROME_BLOCK,sprites/items/consum/potion_seed/basic_potion.png,0,auto
MUSHROOM_GOLDENJELLY,cell80x976,LETHAL_FUNGUS,sprites/items/consum/potion_seed/basic_potion.png,0,auto
MUSHROOM_BLUEMILK,cell96x976,BLUE_CAP_MUSHROOM,sprites/items/consum/potion_seed/basic_potion.png,0,auto
GREAT_PILL,cell112x976,PILL,sprites/items/consum/potion_seed/basic_potion.png,0,auto
WINE,cell128x976,REALGAR_WINE,sprites/items/consum/food/food.png,0,auto
RING_ARCANA,cell16x0,BATARANG,sprites/items/consum/throws.png,0,auto
SCROLL_UPGRADE,cell0x32,WING_ARMOR,sprites/items/equipment/equip/armor/basic_armor.png,0.2496,REVIEW
SCROLL_IDENTIFY,cell16x32,BREW_AQUA#0,sprites/items/consum/potion_seed/basic_potion.png,0.1865,REVIEW
SCROLL_REMCURSE,cell32x32,NORMAL_GRAVESTONE,sprites/items/ground/grounding_items.png,0.003,auto
SCROLL_MIRRORIMG,cell48x32,MARBLE_GRAVESTONE,sprites/items/ground/grounding_items.png,0.0496,auto
SCROLL_RAGE,cell128x32,BATARANG,sprites/items/consum/throws.png,0.0329,auto
SCROLL_ANTIMAGIC,cell32x48,EMBER#0,sprites/items/specific/task.png,0.0525,auto
