atlas,col,row,semantic,action
specific/key.png,0,0,keys/IRON_KEY,set
specific/key.png,1,0,keys/GOLDEN_KEY,set
specific/key.png,2,0,keys/WORN_KEY,set
specific/key.png,3,0,stones/CRYSTAL_KEY,set
specific/key.png,0,1,,clear
specific/key.png,1,1,,clear
specific/key.png,2,1,,clear
specific/key.png,3,1,,clear
specific/currency.png,0,1,,skip
specific/currency.png,1,1,,skip
consum/useful/useful.png,0,0,,clear
consum/useful/useful.png,1,0,misc/STYLUS,set
consum/useful/useful.png,5,0,misc/SHATTPOT,set
consum/useful/useful.png,0,1,misc/ANKH,set
consum/useful/useful.png,4,1,foods/PET_FOOD,set
consum/useful/useful.png,5,1,weapons/SP_AMMO,set
consum/scroll_amulet/amulet.png,0,0,stones/STONE_AGGRESSION,set
consum/useful/corpse_relics.png,14,0,,skip
consum/useful/corpse_relics.png,15,0,,skip
equipment/bags.png,0,0,bags/POUCH,set
equipment/bags.png,1,0,bags/HOLDER,set
equipment/bags.png,2,0,bags/BANDOLIER,set
equipment/bags.png,3,0,bags/HOLSTER,set
equipment/bags.png,4,0,bags/SPS_KEY_RING,set
equipment/bags.png,6,0,bags/SPS_ARROW_COLLECTER,set
ground/functional_falling.png,0,0,materials/dewdrop#0,set
ground/functional_falling.png,1,0,materials/dewdrop#1,set
ground/functional_falling.png,2,0,materials/dewdrop#2,set
ground/functional_falling.png,3,0,materials/dewdrop#3,set
ground/functional_falling.png,4,0,materials/dewdrop#4,set
equipment/wand/unique_wand.png,0,0,misc/LEGACY_CANNON_OF_MAGE,set