atlas,col,row,w,h,id
consum/food/food.png,0,0,14,11,consum_food_food/SMALL_RATION_PACK
consum/food/food.png,1,0,16,12,consum_food_food/RATION_PACK
consum/food/food.png,2,0,16,11,consum_food_food/MEAR_PIE
consum/food/food.png,3,0,16,12,consum_food_food/WHOLE_MEAT_PANCAKE
consum/food/food.png,4,0,14,11,consum_food_food/RICE_FOOD
consum/food/food.png,5,0,12,11,consum_food_food/RICE_GRUEL
consum/food/food.png,6,0,14,11,consum_food_food/PUMPKIN_PIE
consum/food/food.png,7,0,15,12,consum_food_food/PIZZA
consum/food/food.png,8,0,14,12,consum_food_food/MOON_CAKE
consum/food/food.png,9,0,16,14,consum_food_food/HAMBURGER
consum/food/food.png,10,0,14,9,consum_food_food/HEARTY_MEAL
consum/food/food.png,11,0,14,16,consum_food_food/SOUP_DUMPLING
consum/food/food.png,12,0,14,11,consum_food_food/SLIME_RICE
consum/food/food.png,13,0,14,11,consum_food_food/PATCHOULI_PIE
consum/food/food.png,14,0,14,16,consum_food_food/SUMMER_HOMEWORK
consum/food/food.png,15,0,16,15,consum_food_food/SANDWICH
consum/food/food.png,16,0,16,11,consum_food_food/BONE_SOUP
consum/food/food.png,17,0,16,12,consum_food_food/VEGETABLE_SOUP
consum/food/food.png,18,0,10,10,consum_food_food/RAW_NUT
consum/food/food.png,19,0,12,13,consum_food_food/FRENCH_FRIES
consum/food/food.png,0,1,16,14,consum_food_food/AFLY_FOOD
consum/food/food.png,1,1,14,13,consum_food_food/PERFECT_MEAL
consum/food/food.png,2,1,16,15,consum_food_food/SPAGHETTI
consum/food/food.png,3,1,14,13,consum_food_food/ZONGZI
consum/food/food.png,4,1,16,12,consum_food_food/STEAMED_FISH#0
consum/food/food.png,5,1,16,12,consum_food_food/FISH_LEFTOVER#0
consum/food/food.png,6,1,12,14,consum_food_food/EASTER_EGG#0
consum/food/food.png,7,1,14,13,consum_food_food/BIRTHDAY_CAKE
consum/food/food.png,8,1,14,13,consum_food_food/HOLIDAY_CAKE
consum/food/food.png,0,2,16,16,consum_food_food/BRAISED_CHICKEN
consum/food/food.png,1,2,16,16,consum_food_food/SPS_TURKEY_MEAT#0
consum/food/food.png,2,2,12,15,consum_food_food/CHICKENNUGGET
consum/food/food.png,3,2,14,12,consum_food_food/CHICKEN_WRAP
consum/food/food.png,4,2,12,12,consum_food_food/KEBAB
consum/food/food.png,0,3,16,15,consum_food_food/NUT_COOKIE
consum/food/food.png,1,3,11,14,consum_food_food/EASTER_EGG_CANDY
consum/food/food.png,2,3,13,16,consum_food_food/CANDY_CANE#0
consum/food/food.png,3,3,15,10,consum_food_food/FRUIT_CANDY
consum/food/food.png,4,3,12,12,consum_food_food/CHOCOLATE
consum/food/food.png,5,3,13,15,consum_food_food/FRUIT_SMOOTHIE
consum/food/food.png,6,3,12,14,consum_food_food/MIXED_SODA
consum/food/food.png,7,3,7,16,consum_food_food/SPARKLING_POTION#0
consum/food/food.png,8,3,12,14,consum_food_food/RAINBOW_POTION#0
consum/food/food.png,0,4,12,15,consum_food_food/COCKTAIL
consum/food/food.png,1,4,9,13,consum_food_food/LEMONADE
consum/food/food.png,2,4,7,14,consum_food_food/MINERAL_WATER
consum/food/food.png,3,4,9,9,consum_food_food/REALGAR_WINE
consum/food/food.png,4,4,12,14,consum_food_food/EFFERVESCENT_SODA
consum/food/food.png,0,5,9,13,consum_food_food/CANNED_HONEY
consum/food/food.png,1,5,10,12,consum_food_food/DILUTED_HONEY
consum/food/food.png,2,5,14,11,consum_food_food/HONEY_RICE
consum/food/food.png,3,5,13,16,consum_food_food/ICECREAM
consum/food/food.png,4,5,15,11,consum_food_food/HONEY_ROAST_MEAT
consum/food/food.png,5,5,16,14,consum_food_food/NUT_CAKE
consum/food/food.png,0,6,15,11,consum_food_food/MEAT
consum/food/food.png,1,6,15,11,consum_food_food/MONSTER_MEAT
consum/food/food.png,2,6,15,11,consum_food_food/FROZEN_MEAT
consum/food/food.png,3,6,15,11,consum_food_food/STEWED_MEAT
consum/food/food.png,4,6,15,11,consum_food_food/ROAST_MEAT
consum/food/food.png,5,6,15,11,consum_food_food/HERB_SAUCED_MEAT
consum/food/food.png,6,6,15,11,consum_food_food/PHANTOM_MEAT
consum/food/food.png,0,7,12,13,consum_food_food/BLACKBERRY
consum/food/food.png,1,7,12,13,consum_food_food/CLOUDBERRY
consum/food/food.png,2,7,12,13,consum_food_food/BLUEBERRY
consum/food/food.png,3,7,12,13,consum_food_food/MOONBERRY
consum/food/food.png,4,7,12,13,consum_food_food/FULLMOONBERRY
consum/food/food.png,0,8,9,12,consum_food_food/BLANDFRUIT
consum/food/food.png,1,8,14,6,consum_food_food/BLAND_CHUNKS
consum/food/food.png,0,10,14,9,consum_food_food/PINK_BRICK
consum/food/food.png,1,10,12,7,consum_food_food/PINK_FISH
consum/food/food.png,2,10,12,7,consum_food_food/BLUE_FISH
consum/food/food.png,15,10,10,15,-
consum/food/food.png,16,10,15,15,consum_food_food/FUNNY_PARASITE
consum/food/food.png,17,10,10,13,consum_food_food/STRAWBERRY
consum/food/food.png,18,10,14,14,consum_food_food/CHERRY
consum/food/food.png,19,10,13,14,consum_food_food/AUTHOR_NUT
consum/goods_materials/goods.png,0,0,16,11,consum_goods_materials_goods/RAT_SKULL#0
consum/goods_materials/goods.png,1,0,15,15,consum_goods_materials_goods/BOTTLE_FLOWER
consum/goods_materials/goods.png,2,0,14,12,consum_goods_materials_goods/WHITE_SOCK
consum/goods_materials/goods.png,3,0,14,14,consum_goods_materials_goods/TEST_SUBJECT
consum/goods_materials/goods.png,4,0,9,12,consum_goods_materials_goods/FLYER
consum/goods_materials/goods.png,5,0,12,12,consum_goods_materials_goods/BROKEN_CROSSBOW
consum/goods_materials/goods.png,6,0,12,9,consum_goods_materials_goods/SWITCH_CONSOLE
consum/goods_materials/goods.png,7,0,12,13,consum_goods_materials_goods/EXTERNAL_TEST_CODE
consum/goods_materials/goods.png,8,0,16,14,consum_goods_materials_goods/ERROR_IMAGE
consum/goods_materials/goods.png,9,0,10,14,consum_goods_materials_goods/SPROUTING_TROPHY
consum/goods_materials/goods.png,10,0,16,13,consum_goods_materials_goods/EXCLUSIVE_COLLECTION
consum/goods_materials/goods.png,11,0,12,12,consum_goods_materials_goods/BROKEN_REAGENT
consum/goods_materials/goods.png,12,0,12,13,consum_goods_materials_goods/FLAME_IN_BOTTLE
consum/goods_materials/goods.png,13,0,14,10,consum_goods_materials_goods/UNCLE_DUMBBELL
consum/goods_materials/goods.png,14,0,12,15,consum_goods_materials_goods/HUMMINGBIRD_OPENER
consum/goods_materials/goods.png,15,0,12,12,consum_goods_materials_goods/MOLDY_DONUT
consum/goods_materials/goods.png,0,1,12,13,consum_goods_materials_goods/WOODEN_FISH
consum/goods_materials/goods.png,1,1,12,11,consum_goods_materials_goods/EARTH_CRYSTAL
consum/goods_materials/goods.png,2,1,16,14,consum_goods_materials_goods/BLUE_CAT_TEST_CODE
consum/goods_materials/goods.png,3,1,12,12,consum_goods_materials_goods/RED_GHOST
consum/goods_materials/goods.png,4,1,14,14,consum_goods_materials_goods/RAINBOW_AXE_BLADE
consum/goods_materials/goods.png,5,1,15,15,consum_goods_materials_goods/RABBIT_HEAD_DOLL
consum/goods_materials/goods.png,6,1,16,15,consum_goods_materials_goods/RAINBOW_BOUQUET
consum/goods_materials/goods.png,7,1,16,12,consum_goods_materials_goods/TV_GHOST
consum/goods_materials/goods.png,0,5,16,16,consum_goods_materials_goods/DANCING_FIGURE#0
consum/goods_materials/goods.png,1,5,16,16,consum_goods_materials_goods/DANCING_FIGURE#1
consum/goods_materials/goods.png,2,5,16,16,consum_goods_materials_goods/DANCING_FIGURE#2
consum/goods_materials/goods.png,3,5,16,16,consum_goods_materials_goods/DANCING_FIGURE#3
consum/goods_materials/materials.png,0,0,8,10,consum_goods_materials_materials/COLORLESS_ORE
consum/goods_materials/materials.png,1,0,10,10,consum_goods_materials_materials/GREEN_NORN_ORE
consum/goods_materials/materials.png,2,0,8,10,consum_goods_materials_materials/BLUE_NORN_ORE
consum/goods_materials/materials.png,3,0,10,10,consum_goods_materials_materials/ORANGE_NORN_ORE
consum/goods_materials/materials.png,4,0,8,10,consum_goods_materials_materials/PURPLE_NORN_ORE
consum/goods_materials/materials.png,5,0,11,9,consum_goods_materials_materials/YELLOW_NORN_ORE
consum/goods_materials/materials.png,0,1,16,16,consum_goods_materials_materials/WEAPON_WELD_PART
consum/goods_materials/materials.png,1,1,16,14,consum_goods_materials_materials/ARMOR_WELD_PART
consum/goods_materials/materials.png,2,1,14,14,consum_goods_materials_materials/WAND_WELD_PART
consum/goods_materials/materials.png,3,1,8,10,consum_goods_materials_materials/RING_WELD_PART
consum/goods_materials/materials.png,0,3,12,14,consum_goods_materials_materials/SCRAP
consum/goods_materials/materials.png,1,3,10,9,consum_goods_materials_materials/BLOB#0
consum/goods_materials/materials.png,2,3,8,10,consum_goods_materials_materials/SHARD#0
consum/goods_materials/materials.png,3,3,8,16,consum_goods_materials_materials/ESCAPE#0
consum/goods_materials/materials.png,4,3,10,16,consum_goods_materials_materials/STATUE#0
consum/potion_seed/basic_potion.png,0,0,12,14,consum_potion_seed_basic_potion/POTION_CRIMSON#0
consum/potion_seed/basic_potion.png,1,0,12,14,consum_potion_seed_basic_potion/POTION_HEALING#0
consum/potion_seed/basic_potion.png,2,0,12,14,consum_potion_seed_basic_potion/POTION_MINDVIS#0
consum/potion_seed/basic_potion.png,3,0,12,14,consum_potion_seed_basic_potion/POTION_JADE#0
consum/potion_seed/basic_potion.png,4,0,12,14,consum_potion_seed_basic_potion/POTION_TURQUOISE#0
consum/potion_seed/basic_potion.png,5,0,12,14,consum_potion_seed_basic_potion/POTION_AZURE#0
consum/potion_seed/basic_potion.png,6,0,12,14,consum_potion_seed_basic_potion/POTION_INDIGO#0
consum/potion_seed/basic_potion.png,7,0,12,14,consum_potion_seed_basic_potion/POTION_INVIS#0
consum/potion_seed/basic_potion.png,8,0,12,14,consum_potion_seed_basic_potion/POTION_BISTRE#0
consum/potion_seed/basic_potion.png,9,0,12,14,consum_potion_seed_basic_potion/POTION_CHARCOAL#0
consum/potion_seed/basic_potion.png,10,0,12,14,consum_potion_seed_basic_potion/POTION_SILVER#0
consum/potion_seed/basic_potion.png,11,0,12,14,consum_potion_seed_basic_potion/POTION_EXP#0
consum/potion_seed/basic_potion.png,12,0,8,15,consum_potion_seed_basic_potion/LIQUID_METAL#0
consum/potion_seed/basic_potion.png,15,0,9,12,consum_potion_seed_basic_potion/STRENGTH_BOTTLE
consum/potion_seed/basic_potion.png,0,1,12,13,consum_potion_seed_basic_potion/POTION_MASTERY#0
consum/potion_seed/basic_potion.png,1,1,12,13,consum_potion_seed_basic_potion/POTION_SHIELDING#0
consum/potion_seed/basic_potion.png,2,1,12,13,consum_potion_seed_basic_potion/POTION_MAGISIGHT#0
consum/potion_seed/basic_potion.png,3,1,12,13,consum_potion_seed_basic_potion/POTION_SNAPFREEZ#0
consum/potion_seed/basic_potion.png,4,1,12,13,consum_potion_seed_basic_potion/EXOTIC_TURQUOISE#0
consum/potion_seed/basic_potion.png,5,1,12,13,consum_potion_seed_basic_potion/POTION_CORROGAS#0
consum/potion_seed/basic_potion.png,6,1,12,13,consum_potion_seed_basic_potion/POTION_STAMINA#0
consum/potion_seed/basic_potion.png,7,1,12,13,consum_potion_seed_basic_potion/POTION_SHROUDFOG#0
consum/potion_seed/basic_potion.png,8,1,12,13,consum_potion_seed_basic_potion/EXOTIC_BISTRE#0
consum/potion_seed/basic_potion.png,9,1,12,13,consum_potion_seed_basic_potion/POTION_EARTHARMR#0
consum/potion_seed/basic_potion.png,10,1,12,13,consum_potion_seed_basic_potion/POTION_CLEANSE#0
consum/potion_seed/basic_potion.png,11,1,12,13,consum_potion_seed_basic_potion/EXOTIC_IVORY#0
consum/potion_seed/basic_potion.png,12,1,11,13,consum_potion_seed_basic_potion/BREW_UNSTABLE#0
consum/potion_seed/basic_potion.png,15,1,6,15,consum_potion_seed_basic_potion/ALCHEMY_FLUX
consum/potion_seed/basic_potion.png,0,2,12,13,consum_potion_seed_basic_potion/FIRE_PHOSPHORUS_FRUIT
consum/potion_seed/basic_potion.png,1,2,16,15,consum_potion_seed_basic_potion/EARTH_RIFT_FRUIT
consum/potion_seed/basic_potion.png,2,2,12,9,consum_potion_seed_basic_potion/DEW_FUNGUS_SPORE
consum/potion_seed/basic_potion.png,3,2,11,12,consum_potion_seed_basic_potion/POISON_MUSHROOM
consum/potion_seed/basic_potion.png,4,2,11,12,consum_potion_seed_basic_potion/MONOCHROME_BLOCK
consum/potion_seed/basic_potion.png,5,2,12,11,consum_potion_seed_basic_potion/LETHAL_FUNGUS
consum/potion_seed/basic_potion.png,6,2,12,12,consum_potion_seed_basic_potion/BLUE_CAP_MUSHROOM
consum/potion_seed/basic_potion.png,7,2,11,11,consum_potion_seed_basic_potion/PILL
consum/potion_seed/basic_potion.png,3,3,11,13,consum_potion_seed_basic_potion/BREW_INFERNAL#0
consum/potion_seed/basic_potion.png,4,3,11,13,consum_potion_seed_basic_potion/BREW_BLIZZARD#0
consum/potion_seed/basic_potion.png,5,3,12,14,consum_potion_seed_basic_potion/BREW_SHOCKING#0
consum/potion_seed/basic_potion.png,6,3,12,14,consum_potion_seed_basic_potion/BREW_CAUSTIC#0
consum/potion_seed/basic_potion.png,7,3,9,11,consum_potion_seed_basic_potion/BREW_AQUA#0
consum/potion_seed/basic_potion.png,8,3,12,14,consum_potion_seed_basic_potion/BREW_LEFT
consum/potion_seed/basic_potion.png,9,3,12,14,consum_potion_seed_basic_potion/ELIXIR_AQUA#0
consum/potion_seed/basic_potion.png,10,3,12,14,consum_potion_seed_basic_potion/ELIXIR_MIGHT#0
consum/potion_seed/basic_potion.png,11,3,12,14,consum_potion_seed_basic_potion/ELIXIR_DRAGON#0
consum/potion_seed/basic_potion.png,12,3,12,14,consum_potion_seed_basic_potion/ELIXIR_TOXIC#0
consum/potion_seed/basic_potion.png,13,3,12,14,consum_potion_seed_basic_potion/ELIXIR_ICY#0
consum/potion_seed/basic_potion.png,14,3,12,14,consum_potion_seed_basic_potion/ELIXIR_ARCANE#0
consum/potion_seed/basic_potion.png,15,3,12,14,consum_potion_seed_basic_potion/ELIXIR_FEATHER#0
consum/potion_seed/seed.png,0,0,10,10,consum_potion_seed_seed/SEED_ROT_BERRY
consum/potion_seed/seed.png,1,0,10,10,consum_potion_seed_seed/SEED_FIREBLOOM
consum/potion_seed/seed.png,2,0,10,10,consum_potion_seed_seed/SEED_SWIFTTHISTLE
consum/potion_seed/seed.png,3,0,10,10,consum_potion_seed_seed/SEED_SUNGRASS
consum/potion_seed/seed.png,4,0,10,10,consum_potion_seed_seed/SEED_ICECAP
consum/potion_seed/seed.png,5,0,10,10,consum_potion_seed_seed/SEED_STORMVINE
consum/potion_seed/seed.png,6,0,10,10,consum_potion_seed_seed/SEED_SORROWMOSS#0
consum/potion_seed/seed.png,7,0,10,10,consum_potion_seed_seed/SEED_MAGEROYAL#0
consum/potion_seed/seed.png,8,0,10,10,consum_potion_seed_seed/SEED_EARTHROOT#0
consum/potion_seed/seed.png,9,0,10,10,consum_potion_seed_seed/SEED_BLINDWEED#0
consum/potion_seed/seed.png,10,0,10,10,consum_potion_seed_seed/SEED_FADELEAF#0
consum/potion_seed/seed.png,11,0,10,10,consum_potion_seed_seed/SEED_STARFLOWER#0
consum/potion_seed/seed.png,12,0,10,10,consum_potion_seed_seed/SEED_NUTVINE
consum/potion_seed/seed.png,13,0,10,10,consum_potion_seed_seed/SEED_STAREATER
consum/potion_seed/seed.png,14,0,10,10,consum_potion_seed_seed/SEED_TRANSMUTE_CAGE
consum/potion_seed/seed.png,15,0,10,10,consum_potion_seed_seed/SEED_QUARTZFLOWER
consum/potion_seed/seed.png,16,0,10,10,-
consum/potion_seed/seed.png,17,0,10,10,consum_potion_seed_seed/SEED_POD
consum/potion_seed/seed.png,0,1,10,10,-
consum/potion_seed/seed.png,1,1,10,10,-
consum/potion_seed/seed.png,2,1,10,10,-
consum/potion_seed/seed.png,3,1,10,10,-
consum/potion_seed/seed.png,4,1,10,10,-
consum/potion_seed/seed.png,5,1,10,10,-
consum/potion_seed/seed.png,6,1,10,10,-
consum/potion_seed/seed.png,7,1,10,10,-
consum/potion_seed/seed.png,8,1,10,10,-
consum/potion_seed/seed.png,9,1,10,10,-
consum/potion_seed/seed.png,10,1,10,10,-
consum/potion_seed/seed.png,11,1,10,10,-
consum/potion_seed/seed.png,12,1,1,1,-
consum/potion_seed/seed.png,0,2,12,9,consum_potion_seed_seed/DURIAN
consum/potion_seed/seed.png,1,2,14,12,consum_potion_seed_seed/FIRE_PEPPER
consum/potion_seed/seed.png,2,2,14,14,consum_potion_seed_seed/MARIGOLD
consum/potion_seed/seed.png,3,2,14,16,consum_potion_seed_seed/SUNFLOWER
consum/potion_seed/seed.png,4,2,12,12,consum_potion_seed_seed/ICE_MINT
consum/potion_seed/seed.png,5,2,10,16,consum_potion_seed_seed/TULIP
consum/potion_seed/seed.png,6,2,14,14,consum_potion_seed_seed/TOXIC_EGGPLANT
consum/potion_seed/seed.png,7,2,13,13,consum_potion_seed_seed/DREAM_LEAF
consum/potion_seed/seed.png,10,2,9,12,-
consum/potion_seed/seed.png,11,2,13,14,consum_potion_seed_seed/YAM_FLOWER
consum/potion_seed/seed.png,12,2,11,12,consum_potion_seed_seed/NUT_VEGETABLE
consum/potion_seed/seed.png,13,2,13,10,consum_potion_seed_seed/STAREATER_FLOWER
consum/potion_seed/seed.png,14,2,10,9,consum_potion_seed_seed/TRANSMUTE_CAGE
consum/potion_seed/seed.png,12,3,13,15,consum_potion_seed_seed/RED_ROSE
consum/scroll_amulet/amulet.png,0,0,14,12,consum_scroll_amulet_amulet/STONE_AGGRESSION
consum/scroll_amulet/amulet.png,1,0,14,12,consum_scroll_amulet_amulet/STONE_AUGMENTATION#0
consum/scroll_amulet/amulet.png,2,0,14,12,consum_scroll_amulet_amulet/STONE_FEAR#0
consum/scroll_amulet/amulet.png,3,0,14,12,consum_scroll_amulet_amulet/STONE_BLAST#0
consum/scroll_amulet/amulet.png,4,0,14,12,consum_scroll_amulet_amulet/STONE_BLINK#0
consum/scroll_amulet/amulet.png,5,0,14,12,consum_scroll_amulet_amulet/STONE_CLAIRVOYANCE#0
consum/scroll_amulet/amulet.png,6,0,14,12,consum_scroll_amulet_amulet/STONE_SLEEP#0
consum/scroll_amulet/amulet.png,7,0,14,12,consum_scroll_amulet_amulet/STONE_DETECT#0
consum/scroll_amulet/amulet.png,8,0,14,12,consum_scroll_amulet_amulet/STONE_ENCHANT#0
consum/scroll_amulet/amulet.png,9,0,14,12,consum_scroll_amulet_amulet/STONE_FLOCK#0
consum/scroll_amulet/amulet.png,10,0,14,12,consum_scroll_amulet_amulet/STONE_INTUITION#0
consum/scroll_amulet/amulet.png,11,0,14,12,consum_scroll_amulet_amulet/STONE_SHOCK#0
consum/scroll_amulet/crystal.png,0,0,6,15,consum_scroll_amulet_crystal/WILD_ENERGY#0
consum/scroll_amulet/crystal.png,1,0,12,10,consum_scroll_amulet_crystal/PHASE_SHIFT#0
consum/scroll_amulet/crystal.png,2,0,10,10,consum_scroll_amulet_crystal/TELE_GRAB#0
consum/scroll_amulet/crystal.png,3,0,12,13,consum_scroll_amulet_crystal/UNSTABLE_SPELL#0
consum/scroll_amulet/crystal.png,4,0,10,16,consum_scroll_amulet_crystal/CURSE_INFUSE#0
consum/scroll_amulet/crystal.png,5,0,10,14,consum_scroll_amulet_crystal/MAGIC_INFUSE#0
consum/scroll_amulet/crystal.png,6,0,12,12,consum_scroll_amulet_crystal/ALCHEMIZE#0
consum/scroll_amulet/crystal.png,7,0,12,13,consum_scroll_amulet_crystal/RECYCLE#0
consum/scroll_amulet/crystal.png,8,0,14,11,consum_scroll_amulet_crystal/RECLAIM_TRAP#0
consum/scroll_amulet/crystal.png,9,0,8,16,consum_scroll_amulet_crystal/RETURN_BEACON#0
consum/scroll_amulet/crystal.png,10,0,8,16,consum_scroll_amulet_crystal/summon_ele#0
consum/scroll_amulet/crystal.png,11,0,8,16,consum_scroll_amulet_crystal/summon_ele#1
consum/scroll_amulet/crystal.png,12,0,8,16,consum_scroll_amulet_crystal/summon_ele#2
consum/scroll_amulet/crystal.png,13,0,8,16,consum_scroll_amulet_crystal/summon_ele#3
consum/scroll_amulet/crystal.png,14,0,8,16,consum_scroll_amulet_crystal/summon_ele#4
consum/scroll_amulet/crystal.png,15,0,12,2,-
consum/scroll_amulet/scroll.png,0,0,15,14,consum_scroll_amulet_scroll/SCROLL_ENCHANT_LEGACY
consum/scroll_amulet/scroll.png,1,0,15,14,consum_scroll_amulet_scroll/EXOTIC_SOWILO_LEGACY
consum/scroll_amulet/scroll.png,2,0,15,14,consum_scroll_amulet_scroll/EXOTIC_LAGUZ_LEGACY
consum/scroll_amulet/scroll.png,3,0,15,14,consum_scroll_amulet_scroll/EXOTIC_YNGVI_LEGACY
consum/scroll_amulet/scroll.png,4,0,15,14,consum_scroll_amulet_scroll/SCROLL_MYSTENRG_LEGACY
consum/scroll_amulet/scroll.png,5,0,15,14,consum_scroll_amulet_scroll/EXOTIC_RAIDO_LEGACY
consum/scroll_amulet/scroll.png,6,0,15,14,consum_scroll_amulet_scroll/SCROLL_SIREN_LEGACY
consum/scroll_amulet/scroll.png,7,0,15,14,consum_scroll_amulet_scroll/SCROLL_FORESIGHT_LEGACY
consum/scroll_amulet/scroll.png,8,0,15,14,consum_scroll_amulet_scroll/SCROLL_CHALLENGE_LEGACY
consum/scroll_amulet/scroll.png,9,0,15,14,consum_scroll_amulet_scroll/EXOTIC_BERKANAN_LEGACY
consum/scroll_amulet/scroll.png,10,0,15,14,consum_scroll_amulet_scroll/SCROLL_DREAD_LEGACY
consum/scroll_amulet/scroll.png,11,0,15,14,consum_scroll_amulet_scroll/SCROLL_METAMORPH_LEGACY
consum/scroll_amulet/scroll.png,12,0,15,14,consum_scroll_amulet_scroll/SPS_SCROLL_A
consum/scroll_amulet/scroll.png,13,0,15,14,consum_scroll_amulet_scroll/SPS_SCROLL_B
consum/scroll_amulet/scroll.png,14,0,15,14,consum_scroll_amulet_scroll/SPS_SCROLL_C
consum/scroll_amulet/scroll.png,0,1,15,14,consum_scroll_amulet_scroll/SCROLL_ENCHANT#0
consum/scroll_amulet/scroll.png,1,1,15,14,consum_scroll_amulet_scroll/EXOTIC_SOWILO#0
consum/scroll_amulet/scroll.png,2,1,15,14,consum_scroll_amulet_scroll/EXOTIC_LAGUZ#0
consum/scroll_amulet/scroll.png,3,1,15,14,consum_scroll_amulet_scroll/EXOTIC_YNGVI#0
consum/scroll_amulet/scroll.png,4,1,15,14,consum_scroll_amulet_scroll/SCROLL_MYSTENRG#0
consum/scroll_amulet/scroll.png,5,1,15,14,consum_scroll_amulet_scroll/EXOTIC_RAIDO#0
consum/scroll_amulet/scroll.png,6,1,15,14,consum_scroll_amulet_scroll/SCROLL_SIREN#0
consum/scroll_amulet/scroll.png,7,1,15,14,consum_scroll_amulet_scroll/SCROLL_FORESIGHT#0
consum/scroll_amulet/scroll.png,8,1,15,14,consum_scroll_amulet_scroll/SCROLL_CHALLENGE#0
consum/scroll_amulet/scroll.png,9,1,15,14,consum_scroll_amulet_scroll/EXOTIC_BERKANAN#0
consum/scroll_amulet/scroll.png,10,1,15,14,consum_scroll_amulet_scroll/SCROLL_DREAD#0
consum/scroll_amulet/scroll.png,11,1,15,14,consum_scroll_amulet_scroll/SCROLL_METAMORPH#0
consum/scroll_amulet/scroll.png,12,1,15,14,consum_scroll_amulet_scroll/SCROLL_OF_PRECISION
consum/scroll_amulet/scroll.png,13,1,15,14,consum_scroll_amulet_scroll/SCROLL_OF_PROTECTION
consum/scroll_amulet/scroll.png,14,1,15,14,consum_scroll_amulet_scroll/SCROLL_OF_MAGIC
consum/scroll_amulet/scroll.png,13,3,12,13,consum_scroll_amulet_scroll/ENCHANT_CUBE
consum/scroll_amulet/scroll.png,14,3,12,11,consum_scroll_amulet_scroll/ARCANE_RESIN
consum/summor.png,0,0,11,12,consum_summor/RANDOM_INITIAL_SOUL
consum/summor.png,1,0,16,16,consum_summor/RANDOM_SOUL
consum/summor.png,2,0,16,16,consum_summor/SUMMON_TEMPLATE_1
consum/summor.png,3,0,16,16,consum_summor/SUMMON_TEMPLATE_2
consum/summor.png,0,1,16,16,consum_summor/SCORPION_EGG#0
consum/summor.png,1,1,16,16,consum_summor/BLUE_GIRL_EGG#0
consum/summor.png,2,1,16,16,consum_summor/LERY_FIRE_EGG#0
consum/summor.png,3,1,16,16,consum_summor/RED_DRAGON_EGG#0
consum/summor.png,4,1,16,16,consum_summor/BLUE_DRAGON_EGG#0
consum/summor.png,5,1,16,16,consum_summor/VIOLET_DRAGON_EGG#0
consum/summor.png,6,1,16,16,consum_summor/GREEN_DRAGON_EGG#0
consum/summor.png,7,1,16,16,-
consum/summor.png,8,1,16,16,consum_summor/RABBIT_PET_EGG#0
consum/summor.png,9,1,16,16,consum_summor/VELOCIROOSTER_EGG#0
consum/summor.png,10,1,16,16,consum_summor/BUG_DRAGON_EGG#0
consum/summor.png,11,1,16,16,consum_summor/LIGHT_DRAGON_EGG#0
consum/summor.png,12,1,16,16,consum_summor/GOLD_DRAGON_EGG#0
consum/summor.png,13,1,16,16,consum_summor/AFLY_EGG#0
consum/summor.png,14,1,16,16,consum_summor/STAR_KID_EGG#0
consum/summor.png,15,1,16,16,consum_summor/STONE_PET_EGG#0
consum/summor.png,0,2,16,16,consum_summor/DATURA_EGG#0
consum/summor.png,1,2,16,16,consum_summor/DOG_PET_EGG#0
consum/summor.png,2,2,16,16,consum_summor/DWARF_BOY_EGG#0
consum/summor.png,3,2,16,16,consum_summor/FLY_EGG#0
consum/summor.png,4,2,16,16,consum_summor/FOX_HELPER_EGG#0
consum/summor.png,5,2,16,16,consum_summor/FROG_PET_EGG#0
consum/summor.png,6,2,16,16,consum_summor/GENTLE_CRAB_EGG#0
consum/summor.png,7,2,16,16,consum_summor/KODORA_EGG#0
consum/summor.png,8,2,16,16,consum_summor/LIT_DEMON_EGG#0
consum/summor.png,9,2,16,16,consum_summor/MONKEY_EGG#0
consum/summor.png,10,2,16,16,consum_summor/PIG_PET_EGG#0
consum/summor.png,11,2,16,16,consum_summor/RIBBON_RAT_EGG#0
consum/summor.png,12,2,16,16,consum_summor/SNAKE_PET_EGG#0
consum/summor.png,13,2,16,16,consum_summor/SPIDER_PET_EGG#0
consum/summor.png,14,2,16,16,consum_summor/CHOCOBO_EGG#0
consum/summor.png,0,3,12,16,consum_summor/SOLDIER_SUMMON
consum/summor.png,1,3,12,15,consum_summor/FAIRY_DOLL
consum/summor.png,2,3,16,16,consum_summor/FAIRY_CARD#0
consum/summor.png,3,3,15,16,consum_summor/DESTRUCTION_DRONE
consum/summor.png,4,3,15,14,consum_summor/LASER_TURRET
consum/summor.png,5,3,11,9,consum_summor/CAT_EAR_BOX
consum/throws.png,0,0,11,10,consum_throws/THROWING_SPIKE#0
consum/throws.png,1,0,12,13,consum_throws/THROWING_KNIFE#0
consum/throws.png,2,0,12,10,consum_throws/THROWING_STONE#0
consum/throws.png,3,0,11,11,consum_throws/FISHING_SPEAR#0
consum/throws.png,4,0,12,12,consum_throws/SHURIKEN#0
consum/throws.png,5,0,12,12,consum_throws/THROWING_CLUB#0
consum/throws.png,6,0,13,13,consum_throws/THROWING_SPEAR#0
consum/throws.png,7,0,15,14,consum_throws/BOLAS#0
consum/throws.png,8,0,15,15,consum_throws/KUNAI#0
consum/throws.png,9,0,16,16,consum_throws/GIANT_SHURIKEN
consum/throws.png,10,0,16,16,consum_throws/JAVELIN#0
consum/throws.png,11,0,13,13,consum_throws/TOMAHAWK#0
consum/throws.png,12,0,14,14,consum_throws/BOOMERANG#0
consum/throws.png,13,0,16,16,consum_throws/TRIDENT#0
consum/throws.png,14,0,12,12,consum_throws/THROWING_HAMMER#0
consum/throws.png,15,0,11,12,consum_throws/FORCE_CUBE#0
consum/throws.png,0,1,12,12,consum_throws/ESCAPE_KNIFE
consum/throws.png,1,1,14,16,consum_throws/SONIC_BAIT
consum/throws.png,2,1,14,14,consum_throws/MAGIC_HAND
consum/throws.png,3,1,14,14,consum_throws/ROUND_BLADE
consum/throws.png,4,1,15,14,consum_throws/BRICK
consum/throws.png,5,1,15,15,consum_throws/METAL_JAVELIN
consum/throws.png,6,1,14,13,consum_throws/TRAP_NET
consum/throws.png,7,1,8,8,consum_throws/SKULL
consum/throws.png,8,1,13,9,consum_throws/BATARANG
consum/throws.png,9,1,14,15,consum_throws/FILTH_LUMP
consum/throws.png,10,1,12,11,consum_throws/RICE_BALL
consum/throws.png,0,2,12,12,consum_throws/PSYCHIC_ARROW
consum/throws.png,1,2,12,12,consum_throws/HONEY_ARROW
consum/throws.png,0,4,16,16,consum_throws/DOOR_BLOCK_PLACER
consum/throws.png,1,4,16,16,consum_throws/BRICK_BLOCK_PLACER
consum/throws.png,2,4,16,16,consum_throws/WATER_BLOCK_PLACER
consum/throws.png,3,4,16,16,consum_throws/STATUE_PLACER
consum/throws.png,4,4,16,16,consum_throws/PLANK_PLACER
consum/throws.png,5,4,16,16,consum_throws/BOOKSHELF_PLACER
consum/throws.png,6,4,12,12,consum_throws/FLOWER_POT_PLACER
consum/throws.png,0,5,14,14,consum_throws/SMALL_POISON_DART
consum/throws.png,1,5,15,15,consum_throws/NORMAL_DART
consum/throws.png,2,5,15,15,consum_throws/ROT_DART#0
consum/throws.png,3,5,15,15,consum_throws/INCENDIARY_DART#0
consum/throws.png,4,5,15,15,consum_throws/ADRENALINE_DART#0
consum/throws.png,5,5,15,15,consum_throws/HEALING_DART#0
consum/throws.png,6,5,15,15,consum_throws/CHILLING_DART#0
consum/throws.png,7,5,15,15,consum_throws/SHOCKING_DART#0
consum/throws.png,8,5,15,15,consum_throws/POISON_DART#0
consum/throws.png,9,5,15,15,consum_throws/CLEANSING_DART#0
consum/throws.png,10,5,15,15,consum_throws/PARALYTIC_DART#0
consum/throws.png,11,5,15,15,consum_throws/HOLY_DART#0
consum/throws.png,12,5,15,15,consum_throws/DISPLACING_DART#0
consum/throws.png,13,5,15,15,consum_throws/BLINDING_DART#0
consum/useful/corpse_relics.png,0,0,12,12,consum_useful_corpse_relics/SEAL_SHARD#0
consum/useful/corpse_relics.png,1,0,14,10,consum_useful_corpse_relics/BROKEN_STAFF#0
consum/useful/corpse_relics.png,2,0,9,9,consum_useful_corpse_relics/CLOAK_SCRAP#0
consum/useful/corpse_relics.png,3,0,12,9,consum_useful_corpse_relics/BOW_FRAGMENT#0
consum/useful/corpse_relics.png,4,0,9,9,consum_useful_corpse_relics/BROKEN_HILT#0
consum/useful/corpse_relics.png,5,0,11,13,consum_useful_corpse_relics/TORN_PAGE#0
consum/useful/corpse_relics.png,6,0,12,11,consum_useful_corpse_relics/TRINKET_CATA#0
consum/useful/corpse_relics.png,14,0,16,2,-
consum/useful/corpse_relics.png,15,0,13,1,-
consum/useful/process_enhance.png,0,0,11,9,consum_useful_process_enhance/MASK#0
consum/useful/process_enhance.png,1,0,13,16,consum_useful_process_enhance/MASTERY#0
consum/useful/process_enhance.png,2,0,16,15,consum_useful_process_enhance/KIT#0
consum/useful/process_enhance.png,0,1,13,7,consum_useful_process_enhance/CROWN#0
consum/useful/process_enhance.png,1,1,13,16,consum_useful_process_enhance/ARTIFACT_SPELLBOOK
consum/useful/process_enhance.png,2,1,12,12,consum_useful_process_enhance/ARMORKIT
consum/useful/useful.png,0,0,10,16,-
consum/useful/useful.png,1,0,12,13,consum_useful_useful/STYLUS
consum/useful/useful.png,2,0,12,15,consum_useful_useful/TORCH#0
consum/useful/useful.png,3,0,16,15,consum_useful_useful/BEACON#0
consum/useful/useful.png,4,0,14,12,consum_useful_useful/HONEYPOT#0
consum/useful/useful.png,5,0,14,12,consum_useful_useful/SHATTPOT
consum/useful/useful.png,0,1,10,16,consum_useful_useful/ANKH
consum/useful/useful.png,4,1,13,14,consum_useful_useful/PET_FOOD
consum/useful/useful.png,5,1,6,13,consum_useful_useful/SP_AMMO
equipment/bags.png,0,0,14,15,equipment_bags/POUCH
equipment/bags.png,1,0,16,16,equipment_bags/HOLDER
equipment/bags.png,2,0,15,16,equipment_bags/BANDOLIER
equipment/bags.png,3,0,15,16,equipment_bags/HOLSTER
equipment/bags.png,4,0,11,14,equipment_bags/SPS_KEY_RING
equipment/bags.png,5,0,16,16,equipment_bags/SHOPPING_CART#0
equipment/bags.png,6,0,14,14,equipment_bags/SPS_ARROW_COLLECTER
equipment/bags.png,7,0,16,16,equipment_bags/HEART_OF_SCARECROW#0
equipment/bags.png,15,0,16,16,equipment_bags/BACKPACK#0
equipment/equip/armor/basic_armor.png,0,0,15,12,equipment_equip_armor_basic_armor/ARMOR_CLOTH#0
equipment/equip/armor/basic_armor.png,1,0,14,13,equipment_equip_armor_basic_armor/ARMOR_LEATHER#0
equipment/equip/armor/basic_armor.png,2,0,14,12,equipment_equip_armor_basic_armor/ARMOR_MAIL#0
equipment/equip/armor/basic_armor.png,3,0,14,11,equipment_equip_armor_basic_armor/ARMOR_SCALE#0
equipment/equip/armor/basic_armor.png,4,0,12,12,equipment_equip_armor_basic_armor/ARMOR_PLATE#0
equipment/equip/armor/basic_armor.png,7,0,16,13,equipment_equip_armor_basic_armor/HERO_ARMOR_WARRIOR
equipment/equip/armor/basic_armor.png,8,0,15,16,equipment_equip_armor_basic_armor/HERO_ARMOR_MAGE
equipment/equip/armor/basic_armor.png,9,0,14,13,equipment_equip_armor_basic_armor/HERO_ARMOR_ROGUE
equipment/equip/armor/basic_armor.png,10,0,13,15,equipment_equip_armor_basic_armor/HERO_ARMOR_HUNTRESS
equipment/equip/armor/basic_armor.png,11,0,12,13,equipment_equip_armor_basic_armor/ARMOR_DUELIST#0
equipment/equip/armor/basic_armor.png,12,0,14,13,equipment_equip_armor_basic_armor/HERO_ARMOR_PERFORMER
equipment/equip/armor/basic_armor.png,13,0,10,12,equipment_equip_armor_basic_armor/HERO_ARMOR_STAR_SOLDIER
equipment/equip/armor/basic_armor.png,14,0,15,13,equipment_equip_armor_basic_armor/HERO_ARMOR_CLERIC
equipment/equip/armor/basic_armor.png,15,0,13,14,equipment_equip_armor_basic_armor/HERO_ARMOR_ASCETIC
equipment/equip/armor/basic_armor.png,0,1,16,16,-
equipment/equip/armor/basic_armor.png,1,1,16,16,-
equipment/equip/armor/basic_armor.png,2,1,16,16,-
equipment/equip/armor/basic_armor.png,3,1,16,16,-
equipment/equip/armor/basic_armor.png,4,1,16,16,-
equipment/equip/armor/basic_armor.png,5,1,16,16,-
equipment/equip/armor/basic_armor.png,6,1,16,16,-
equipment/equip/armor/basic_armor.png,7,1,16,16,-
equipment/equip/armor/basic_armor.png,8,1,16,16,-
equipment/equip/armor/basic_armor.png,9,1,16,16,-
equipment/equip/armor/basic_armor.png,10,1,16,16,-
equipment/equip/armor/basic_armor.png,11,1,16,16,-
equipment/equip/armor/basic_armor.png,12,1,16,16,-
equipment/equip/armor/basic_armor.png,13,1,16,16,-
equipment/equip/armor/basic_armor.png,14,1,16,16,-
equipment/equip/armor/basic_armor.png,15,1,16,16,-
equipment/equip/armor/basic_armor.png,0,2,11,12,equipment_equip_armor_basic_armor/VEST
equipment/equip/armor/basic_armor.png,1,2,14,13,equipment_equip_armor_basic_armor/RUBBER_SUIT
equipment/equip/armor/basic_armor.png,2,2,14,13,equipment_equip_armor_basic_armor/CD_ARMOR
equipment/equip/armor/basic_armor.png,3,2,14,12,equipment_equip_armor_basic_armor/STYROFOAM_ARMOR
equipment/equip/armor/basic_armor.png,4,2,14,11,equipment_equip_armor_basic_armor/THICK_RUBBER_SUIT
equipment/equip/armor/basic_armor.png,5,2,8,12,equipment_equip_armor_basic_armor/PHANTOM_ARMOR
equipment/equip/armor/basic_armor.png,0,3,15,12,equipment_equip_armor_basic_armor/WOODEN_ARMOR
equipment/equip/armor/basic_armor.png,1,3,14,13,equipment_equip_armor_basic_armor/CERAMICS_ARMOR
equipment/equip/armor/basic_armor.png,2,3,14,13,equipment_equip_armor_basic_armor/STONE_ARMOR
equipment/equip/armor/basic_armor.png,3,3,14,12,equipment_equip_armor_basic_armor/HEAVY_CHAIN_ARMOR
equipment/equip/armor/basic_armor.png,4,3,14,11,equipment_equip_armor_basic_armor/HEAVY_SCALE_ARMOR
equipment/equip/armor/basic_armor.png,5,3,16,13,equipment_equip_armor_basic_armor/EXOSKELETON_ARMOR
equipment/equip/armor/basic_armor.png,0,4,15,13,equipment_equip_armor_basic_armor/ROBE
equipment/equip/armor/basic_armor.png,1,4,14,13,equipment_equip_armor_basic_armor/HIDE_ROBE
equipment/equip/armor/basic_armor.png,2,4,14,13,equipment_equip_armor_basic_armor/MAGIC_CORE_ROBE
equipment/equip/armor/basic_armor.png,3,4,14,13,equipment_equip_armor_basic_armor/CHAIN_ROBE
equipment/equip/armor/basic_armor.png,4,4,14,13,equipment_equip_armor_basic_armor/DRAGON_HIDE_ROBE
equipment/equip/armor/basic_armor.png,5,4,14,12,equipment_equip_armor_basic_armor/WING_ARMOR
equipment/equip/armor/unique_armor.png,0,0,14,16,equipment_equip_armor_unique_armor/TOWEL
equipment/equip/armor/unique_armor.png,1,0,15,8,equipment_equip_armor_unique_armor/SPECTACLES
equipment/equip/armor/unique_armor.png,2,0,10,14,equipment_equip_armor_unique_armor/SHARK_PAJAMAS
equipment/equip/armor/unique_armor.png,3,0,14,13,equipment_equip_armor_unique_armor/LIVING_ARMOR
equipment/equip/armor/unique_armor.png,4,0,16,16,equipment_equip_armor_unique_armor/SPS_BUNNY_ARMOR#0
equipment/equip/weapon/basic_weapon.png,0,0,13,13,equipment_equip_weapon_basic_weapon/WORN_SHORTSWORD#0
equipment/equip/weapon/basic_weapon.png,1,0,13,14,equipment_equip_weapon_basic_weapon/RAPIER#0
equipment/equip/weapon/basic_weapon.png,2,0,12,13,equipment_equip_weapon_basic_weapon/DAGGER#0
equipment/equip/weapon/basic_weapon.png,3,0,15,14,equipment_equip_weapon_basic_weapon/OLD_STAFF
equipment/equip/weapon/basic_weapon.png,4,0,12,15,equipment_equip_weapon_basic_weapon/GLOVES
equipment/equip/weapon/basic_weapon.png,5,0,15,10,equipment_equip_weapon_basic_weapon/KNUCKLES
equipment/equip/weapon/basic_weapon.png,6,0,16,16,-
equipment/equip/weapon/basic_weapon.png,7,0,14,16,equipment_equip_weapon_basic_weapon/RUNE_DICTIONARY
equipment/equip/weapon/basic_weapon.png,8,0,14,13,equipment_equip_weapon_basic_weapon/DUAL_SWORDS
equipment/equip/weapon/basic_weapon.png,9,0,14,14,equipment_equip_weapon_basic_weapon/CLAW_SHEATH
equipment/equip/weapon/basic_weapon.png,10,0,14,15,equipment_equip_weapon_basic_weapon/NUNCHAKU
equipment/equip/weapon/basic_weapon.png,11,0,16,16,equipment_equip_weapon_basic_weapon/QUARTERSTAFF#0
equipment/equip/weapon/basic_weapon.png,12,0,16,16,equipment_equip_weapon_basic_weapon/SPS_WEP_CLUB#0
equipment/equip/weapon/basic_weapon.png,13,0,16,16,equipment_equip_weapon_basic_weapon/SWIFT_SWORD
equipment/equip/weapon/basic_weapon.png,14,0,16,16,equipment_equip_weapon_basic_weapon/SPS_TEKKO_KAGI#0
equipment/equip/weapon/basic_weapon.png,0,1,13,13,equipment_equip_weapon_basic_weapon/SHORTSWORD#0
equipment/equip/weapon/basic_weapon.png,1,1,12,14,equipment_equip_weapon_basic_weapon/HAND_AXE#0
equipment/equip/weapon/basic_weapon.png,2,1,16,16,equipment_equip_weapon_basic_weapon/SPEAR#0
equipment/equip/weapon/basic_weapon.png,3,1,16,16,equipment_equip_weapon_basic_weapon/SPS_WEP_SPEAR#0
equipment/equip/weapon/basic_weapon.png,4,1,13,14,equipment_equip_weapon_basic_weapon/DIRK#0
equipment/equip/weapon/basic_weapon.png,5,1,15,15,equipment_equip_weapon_basic_weapon/SICKLE#0
equipment/equip/weapon/basic_weapon.png,6,1,16,16,-
equipment/equip/weapon/basic_weapon.png,7,1,16,13,equipment_equip_weapon_basic_weapon/TRIANGLE
equipment/equip/weapon/basic_weapon.png,8,1,6,16,equipment_equip_weapon_basic_weapon/FLUTE
equipment/equip/weapon/basic_weapon.png,9,1,14,13,equipment_equip_weapon_basic_weapon/WAR_DRUM
equipment/equip/weapon/basic_weapon.png,10,1,12,14,equipment_equip_weapon_basic_weapon/HORN
equipment/equip/weapon/basic_weapon.png,11,1,15,14,equipment_equip_weapon_basic_weapon/HARP
equipment/equip/weapon/basic_weapon.png,12,1,16,16,equipment_equip_weapon_basic_weapon/LEGACY_WOODEN_STAFF#0
equipment/equip/weapon/basic_weapon.png,13,1,14,14,equipment_equip_weapon_basic_weapon/MAGIC_DUST
equipment/equip/weapon/basic_weapon.png,14,1,15,15,equipment_equip_weapon_basic_weapon/PRAYER_WHEEL
equipment/equip/weapon/basic_weapon.png,15,1,11,16,equipment_equip_weapon_basic_weapon/HOLY_WATER
equipment/equip/weapon/basic_weapon.png,16,1,14,16,equipment_equip_weapon_basic_weapon/MIRROR_DOLL
equipment/equip/weapon/basic_weapon.png,17,1,11,15,equipment_equip_weapon_basic_weapon/WIND_GOURD
equipment/equip/weapon/basic_weapon.png,18,1,15,16,equipment_equip_weapon_basic_weapon/LAMP_PUNCH
equipment/equip/weapon/basic_weapon.png,19,1,15,16,equipment_equip_weapon_basic_weapon/BLOOD_BLADE
equipment/equip/weapon/basic_weapon.png,20,1,14,14,equipment_equip_weapon_basic_weapon/ENCHANTED_AXE_BLADE
equipment/equip/weapon/basic_weapon.png,21,1,16,16,equipment_equip_weapon_basic_weapon/SPS_NINJA_FAN#0
equipment/equip/weapon/basic_weapon.png,22,1,13,15,equipment_equip_weapon_basic_weapon/MENTOR_SET
equipment/equip/weapon/basic_weapon.png,23,1,16,15,equipment_equip_weapon_basic_weapon/FAN
equipment/equip/weapon/basic_weapon.png,24,1,14,16,equipment_equip_weapon_basic_weapon/BASKETBALL
equipment/equip/weapon/basic_weapon.png,0,2,14,14,equipment_equip_weapon_basic_weapon/SWORD#0
equipment/equip/weapon/basic_weapon.png,1,2,15,15,equipment_equip_weapon_basic_weapon/MACE#0
equipment/equip/weapon/basic_weapon.png,2,2,13,16,equipment_equip_weapon_basic_weapon/SCIMITAR
equipment/equip/weapon/basic_weapon.png,3,2,16,16,equipment_equip_weapon_basic_weapon/ROUND_SHIELD#0
equipment/equip/weapon/basic_weapon.png,4,2,16,16,equipment_equip_weapon_basic_weapon/SAI#0
equipment/equip/weapon/basic_weapon.png,5,2,14,14,equipment_equip_weapon_basic_weapon/WHIP#0
equipment/equip/weapon/basic_weapon.png,6,2,16,16,-
equipment/equip/weapon/basic_weapon.png,7,2,15,16,equipment_equip_weapon_basic_weapon/HALBERD
equipment/equip/weapon/basic_weapon.png,8,2,16,16,equipment_equip_weapon_basic_weapon/LANCE
equipment/equip/weapon/basic_weapon.png,9,2,16,16,equipment_equip_weapon_basic_weapon/CROSS
equipment/equip/weapon/basic_weapon.png,10,2,16,16,equipment_equip_weapon_basic_weapon/MIMIC_CHEST
equipment/equip/weapon/basic_weapon.png,11,2,16,15,equipment_equip_weapon_basic_weapon/HAM_AND_HOOK
equipment/equip/weapon/basic_weapon.png,12,2,15,15,equipment_equip_weapon_basic_weapon/LOLLIPOP
equipment/equip/weapon/basic_weapon.png,13,2,13,15,equipment_equip_weapon_basic_weapon/SLAM_DUNK_SET
equipment/equip/weapon/basic_weapon.png,14,2,10,13,equipment_equip_weapon_basic_weapon/MONEY_PACK
equipment/equip/weapon/basic_weapon.png,15,2,14,14,equipment_equip_weapon_basic_weapon/ROCKET
equipment/equip/weapon/basic_weapon.png,16,2,11,16,equipment_equip_weapon_basic_weapon/CHRISTMAS_TREE
equipment/equip/weapon/basic_weapon.png,17,2,15,15,equipment_equip_weapon_basic_weapon/DWARF_HAMMER
equipment/equip/weapon/basic_weapon.png,18,2,8,14,equipment_equip_weapon_basic_weapon/RUSTY_KEY
equipment/equip/weapon/basic_weapon.png,19,2,9,16,equipment_equip_weapon_basic_weapon/EASTER_STATUE
equipment/equip/weapon/basic_weapon.png,20,2,15,10,equipment_equip_weapon_basic_weapon/POWER_KNUCKLES
equipment/equip/weapon/basic_weapon.png,21,2,14,14,equipment_equip_weapon_basic_weapon/HALLOWEEN_PUMPKIN
equipment/equip/weapon/basic_weapon.png,22,2,15,10,equipment_equip_weapon_basic_weapon/DRAGON_BOAT
equipment/equip/weapon/basic_weapon.png,23,2,16,16,equipment_equip_weapon_basic_weapon/FIRE_CRACKER#0
equipment/equip/weapon/basic_weapon.png,24,2,14,14,equipment_equip_weapon_basic_weapon/COIN_SWORD
equipment/equip/weapon/basic_weapon.png,0,3,15,15,equipment_equip_weapon_basic_weapon/LONGSWORD#0
equipment/equip/weapon/basic_weapon.png,1,3,16,16,equipment_equip_weapon_basic_weapon/BATTLE_AXE#0
equipment/equip/weapon/basic_weapon.png,2,3,14,14,equipment_equip_weapon_basic_weapon/FLAIL#0
equipment/equip/weapon/basic_weapon.png,3,3,16,16,equipment_equip_weapon_basic_weapon/RUNE_SWORD
equipment/equip/weapon/basic_weapon.png,4,3,14,15,equipment_equip_weapon_basic_weapon/ASSASSINS_BLADE#0
equipment/equip/weapon/basic_weapon.png,5,3,15,16,equipment_equip_weapon_basic_weapon/ODACHI
equipment/equip/weapon/basic_weapon.png,6,3,16,16,-
equipment/equip/weapon/basic_weapon.png,0,4,16,16,equipment_equip_weapon_basic_weapon/GREATSWORD#0
equipment/equip/weapon/basic_weapon.png,1,4,16,16,equipment_equip_weapon_basic_weapon/WAR_HAMMER#0
equipment/equip/weapon/basic_weapon.png,2,4,16,16,equipment_equip_weapon_basic_weapon/GLAIVE#0
equipment/equip/weapon/basic_weapon.png,3,4,13,15,equipment_equip_weapon_basic_weapon/GAUNTLETS#0
equipment/equip/weapon/basic_weapon.png,4,4,12,16,equipment_equip_weapon_basic_weapon/GREATSHIELD#0
equipment/equip/weapon/basic_weapon.png,6,4,16,16,-
equipment/equip/weapon/basic_weapon.png,7,4,15,16,equipment_equip_weapon_basic_weapon/GOHEI
equipment/equip/weapon/basic_weapon.png,8,4,14,14,equipment_equip_weapon_basic_weapon/ROYAL_FORK
equipment/equip/weapon/basic_weapon.png,0,5,14,15,equipment_equip_weapon_basic_weapon/WAR_SCYTHE#0
equipment/equip/weapon/basic_weapon.png,1,5,12,16,equipment_equip_weapon_basic_weapon/GREATAXE#0
equipment/equip/weapon/basic_weapon.png,6,5,16,16,-
equipment/equip/weapon/basic_weapon.png,7,5,16,16,equipment_equip_weapon_basic_weapon/SHOCK_TRIDENT
equipment/equip/weapon/basic_weapon.png,8,5,14,14,equipment_equip_weapon_basic_weapon/SOUL_DRAIN_LONGSWORD
equipment/equip/weapon/basic_weapon.png,9,5,15,14,equipment_equip_weapon_basic_weapon/DETERRENT_ROCK_BLADE
equipment/equip/weapon/basic_weapon.png,10,5,14,16,equipment_equip_weapon_basic_weapon/BONE_SAW_GREATAXE
equipment/equip/weapon/basic_weapon.png,11,5,16,14,equipment_equip_weapon_basic_weapon/VENOMOUS_HEAVY_FLAIL
equipment/equip/weapon/basic_weapon.png,0,6,15,15,equipment_equip_weapon_basic_weapon/CROSSBOW#0
equipment/equip/weapon/basic_weapon.png,6,6,16,16,-
equipment/equip/weapon/basic_weapon.png,7,6,14,14,equipment_equip_weapon_basic_weapon/WOODEN_BOW
equipment/equip/weapon/basic_weapon.png,8,6,14,14,equipment_equip_weapon_basic_weapon/DAMAGED_WOODEN_BOW
equipment/equip/weapon/basic_weapon.png,9,6,15,15,equipment_equip_weapon_basic_weapon/COMPOSITE_BOW
equipment/equip/weapon/basic_weapon.png,10,6,15,15,equipment_equip_weapon_basic_weapon/FULL_COMPOSITE_BOW
equipment/equip/weapon/basic_weapon.png,11,6,14,14,equipment_equip_weapon_basic_weapon/CROSSBOW
equipment/equip/weapon/basic_weapon.png,6,7,16,16,-
equipment/equip/weapon/basic_weapon.png,7,7,10,13,equipment_equip_weapon_basic_weapon/PISTOL
equipment/equip/weapon/basic_weapon.png,8,7,12,16,equipment_equip_weapon_basic_weapon/FLINTLOCK
equipment/equip/weapon/basic_weapon.png,9,7,13,16,equipment_equip_weapon_basic_weapon/MACHINE_GUN
equipment/equip/weapon/basic_weapon.png,10,7,13,16,equipment_equip_weapon_basic_weapon/SHOTGUN
equipment/equip/weapon/basic_weapon.png,11,7,16,16,equipment_equip_weapon_basic_weapon/gun#4
equipment/equip/weapon/basic_weapon.png,12,7,12,16,equipment_equip_weapon_basic_weapon/POTION_GUN
equipment/equip/weapon/basic_weapon.png,13,7,10,11,equipment_equip_weapon_basic_weapon/SLING
equipment/equip/weapon/bomb.png,0,0,10,13,equipment_equip_weapon_bomb/BOMB#0
equipment/equip/weapon/bomb.png,1,0,14,13,equipment_equip_weapon_bomb/DBL_BOMB#0
equipment/equip/weapon/bomb.png,2,0,10,13,-
equipment/equip/weapon/bomb.png,3,0,10,13,-
equipment/equip/weapon/bomb.png,4,0,10,13,-
equipment/equip/weapon/bomb.png,5,0,10,13,-
equipment/equip/weapon/bomb.png,6,0,10,13,-
equipment/equip/weapon/bomb.png,0,1,10,13,equipment_equip_weapon_bomb/FLASHBANG#0
equipment/equip/weapon/bomb.png,1,1,10,13,equipment_equip_weapon_bomb/HOLY_BOMB#0
equipment/equip/weapon/bomb.png,2,1,10,13,equipment_equip_weapon_bomb/WOOLY_BOMB#0
equipment/equip/weapon/bomb.png,3,1,10,13,equipment_equip_weapon_bomb/NOISEMAKER#0
equipment/equip/weapon/bomb.png,4,1,10,13,equipment_equip_weapon_bomb/ARCANE_BOMB#0
equipment/equip/weapon/bomb.png,5,1,10,13,equipment_equip_weapon_bomb/SHRAPNEL_BOMB#0
equipment/equip/weapon/bomb.png,6,1,10,13,-
equipment/equip/weapon/bomb.png,7,1,15,13,equipment_equip_weapon_bomb/SPS_FISHING_BOMB
equipment/equip/weapon/bomb.png,0,2,10,9,equipment_equip_weapon_bomb/SPS_MINI_BOMB
equipment/equip/weapon/bomb.png,1,2,12,11,equipment_equip_weapon_bomb/DUD_DUNGEON_BOMB
equipment/equip/weapon/bomb.png,2,2,12,11,equipment_equip_weapon_bomb/DUNGEON_BOMB
equipment/equip/weapon/bomb.png,3,2,15,14,equipment_equip_weapon_bomb/DUNGEON_BOMB_BUNDLE
equipment/equip/weapon/bomb.png,4,2,13,12,equipment_equip_weapon_bomb/FIRE_BOMB#0
equipment/equip/weapon/bomb.png,5,2,13,12,equipment_equip_weapon_bomb/FROST_BOMB#0
equipment/equip/weapon/bomb.png,6,2,13,12,equipment_equip_weapon_bomb/REGROWTH_BOMB#0
equipment/equip/weapon/bomb.png,7,2,13,12,equipment_equip_weapon_bomb/SMOKE_BOMB#0
equipment/equip/weapon/unique_weapon.png,0,0,15,15,equipment_equip_weapon_unique_weapon/HYRULE_LEGEND
equipment/equip/weapon/unique_weapon.png,1,0,15,16,equipment_equip_weapon_unique_weapon/ENERGY_SWORD
equipment/equip/weapon/unique_weapon.png,2,0,15,16,equipment_equip_weapon_unique_weapon/MURAMASA
equipment/equip/weapon/unique_weapon.png,3,0,14,13,equipment_equip_weapon_unique_weapon/RABBIT_SWORD
equipment/equip/weapon/unique_weapon.png,4,0,16,16,equipment_equip_weapon_unique_weapon/RABBIT_WRENCH
equipment/equip/weapon/unique_weapon.png,5,0,16,15,equipment_equip_weapon_unique_weapon/RAIKIRI
equipment/equip/weapon/unique_weapon.png,6,0,16,16,equipment_equip_weapon_unique_weapon/CHAINSAW_SWORD
equipment/equip/weapon/unique_weapon.png,7,0,16,16,equipment_equip_weapon_unique_weapon/LIGHT_WAND
equipment/equip/weapon/unique_weapon.png,0,1,16,16,equipment_equip_weapon_unique_weapon/HOLY_HAMMER
equipment/equip/weapon/unique_weapon.png,1,1,13,16,equipment_equip_weapon_unique_weapon/BIBLE
equipment/equip/weapon/unique_weapon.png,2,1,15,15,equipment_equip_weapon_unique_weapon/STEVE_DIAMOND_PICKAXE
equipment/equip/weapon/unique_weapon.png,3,1,12,15,equipment_equip_weapon_unique_weapon/STEVE_TORCH
equipment/equip/weapon/unique_weapon.png,0,5,14,14,equipment_equip_weapon_unique_weapon/HUNTRESS_BOOMERANG
equipment/equip/weapon/unique_weapon.png,1,5,16,16,equipment_equip_weapon_unique_weapon/SPIRIT_BOW#0
equipment/equip/weapon/unique_weapon.png,2,5,16,16,equipment_equip_weapon_unique_weapon/SPS_TAURCEN_BOW#0
equipment/equip/weapon/unique_weapon.png,3,5,16,16,equipment_equip_weapon_unique_weapon/MANY_KNIVE#0
equipment/equip/weapon/unique_weapon.png,4,5,16,16,equipment_equip_weapon_unique_weapon/SPS_ELF_BOW#0
equipment/equip/weapon/unique_weapon.png,5,5,14,13,equipment_equip_weapon_unique_weapon/DEMON_BLADE
equipment/equip/weapon/unique_weapon.png,6,5,13,7,equipment_equip_weapon_unique_weapon/ROCK_CANNON
equipment/equip/weapon/unique_weapon.png,7,5,6,6,equipment_equip_weapon_unique_weapon/ROCK_BULLET#0
equipment/equip/weapon/unique_weapon.png,8,5,10,7,equipment_equip_weapon_unique_weapon/ROCK_BULLET#1
equipment/equip/weapon/unique_weapon.png,9,5,15,14,equipment_equip_weapon_unique_weapon/ROCK_BULLET#2
equipment/equip/weapon/unique_weapon.png,10,5,14,16,equipment_equip_weapon_unique_weapon/ELECTROMAGNETIC_SHOTGUN
equipment/equip/weapon/unique_weapon.png,11,5,14,11,equipment_equip_weapon_unique_weapon/PAINTBALL_GUN
equipment/equip/weapon/unique_weapon.png,12,5,16,16,equipment_equip_weapon_unique_weapon/STRONG_BOW
equipment/equip/weapon/unique_weapon.png,13,5,16,16,equipment_equip_weapon_unique_weapon/GATLING
equipment/equip/weapon/unique_weapon.png,14,5,15,10,equipment_equip_weapon_unique_weapon/DEWDROP_GUN
equipment/jewellery/artifact.png,0,0,9,15,equipment_jewellery_artifact/CLOAK_OF_SHADOWS
equipment/jewellery/artifact.png,1,0,16,13,equipment_jewellery_artifact/MASTER_THIEVES_ARMBAND
equipment/jewellery/artifact.png,2,0,16,14,equipment_jewellery_artifact/CAPE_OF_THORNS
equipment/jewellery/artifact.png,3,0,15,13,equipment_jewellery_artifact/TALISMAN_OF_FORESIGHT
equipment/jewellery/artifact.png,4,0,13,16,equipment_jewellery_artifact/TIMEKEEPERS_HOURGLASS
equipment/jewellery/artifact.png,5,0,15,13,equipment_jewellery_artifact/ALCHEMISTS_TOOLKIT
equipment/jewellery/artifact.png,6,0,13,16,equipment_jewellery_artifact/UNSTABLE_SPELLBOOK
equipment/jewellery/artifact.png,7,0,15,16,equipment_jewellery_artifact/ETHEREAL_CHAINS
equipment/jewellery/artifact.png,8,0,15,15,equipment_jewellery_artifact/HORN_OF_PLENTY#0
equipment/jewellery/artifact.png,9,0,15,15,equipment_jewellery_artifact/HORN_OF_PLENTY#1
equipment/jewellery/artifact.png,10,0,15,15,equipment_jewellery_artifact/HORN_OF_PLENTY#2
equipment/jewellery/artifact.png,11,0,16,16,equipment_jewellery_artifact/HORN_OF_PLENTY#3
equipment/jewellery/artifact.png,12,0,12,15,equipment_jewellery_artifact/CHALICE_OF_BLOOD#0
equipment/jewellery/artifact.png,13,0,12,15,equipment_jewellery_artifact/CHALICE_OF_BLOOD#1
equipment/jewellery/artifact.png,14,0,12,15,equipment_jewellery_artifact/CHALICE_OF_BLOOD#2
equipment/jewellery/artifact.png,15,0,16,5,equipment_jewellery_artifact/SANDALS_OF_NATURE#0
equipment/jewellery/artifact.png,16,0,16,6,equipment_jewellery_artifact/SANDALS_OF_NATURE#1
equipment/jewellery/artifact.png,17,0,16,9,equipment_jewellery_artifact/SANDALS_OF_NATURE#2
equipment/jewellery/artifact.png,18,0,16,14,equipment_jewellery_artifact/SANDALS_OF_NATURE#3
equipment/jewellery/artifact.png,19,0,8,16,equipment_jewellery_artifact/ARTIFACT_KEY#0
equipment/jewellery/artifact.png,0,1,13,15,equipment_jewellery_artifact/DRIED_ROSE#0
equipment/jewellery/artifact.png,1,1,14,14,equipment_jewellery_artifact/DRIED_ROSE#1
equipment/jewellery/artifact.png,2,1,14,14,equipment_jewellery_artifact/DRIED_ROSE#2
equipment/jewellery/artifact.png,3,1,16,16,equipment_jewellery_artifact/ARTIFACT_BEACON#0
equipment/jewellery/artifact.png,4,1,15,14,equipment_jewellery_artifact/PYLON
equipment/jewellery/artifact.png,5,1,13,13,equipment_jewellery_artifact/MECHANICAL_HEART
equipment/jewellery/artifact.png,6,1,16,16,equipment_jewellery_artifact/ARTIFACT_ICE_EYE#0
equipment/jewellery/artifact.png,7,1,12,14,equipment_jewellery_artifact/GLASS_TOTEM
equipment/jewellery/artifact.png,8,1,16,16,equipment_jewellery_artifact/LEGACY_ALIEN_BAG#0
equipment/jewellery/artifact.png,9,1,16,16,equipment_jewellery_artifact/JESTER_BOX
equipment/jewellery/artifact.png,10,1,16,16,equipment_jewellery_artifact/WIREBUG
equipment/jewellery/artifact.png,11,1,13,16,equipment_jewellery_artifact/IZAYOI_WATCH
equipment/jewellery/artifact.png,11,2,5,1,-
equipment/jewellery/artifact.png,0,3,16,15,equipment_jewellery_artifact/CURSED_PHONE
equipment/jewellery/artifact.png,1,3,16,16,equipment_jewellery_artifact/LING_HEART#0
equipment/jewellery/artifact.png,2,3,15,15,equipment_jewellery_artifact/MOON_HAIRPIN
equipment/jewellery/artifact.png,3,3,12,12,equipment_jewellery_artifact/LUCKY_BADGE
equipment/jewellery/artifact.png,4,3,15,16,equipment_jewellery_artifact/CLOVER_BADGE
equipment/jewellery/artifact.png,5,3,15,13,equipment_jewellery_artifact/POTION_BADGE
equipment/jewellery/artifact.png,6,3,16,15,equipment_jewellery_artifact/KINGS_CROWN
equipment/jewellery/artifact.png,17,3,16,14,equipment_jewellery_artifact/HARD_RICE_CRACKER
equipment/jewellery/artifact.png,18,3,14,15,equipment_jewellery_artifact/HERO_IRON_SHIELD
equipment/jewellery/artifact.png,19,3,14,10,equipment_jewellery_artifact/IMMORTAL_DRIED_FISH
equipment/jewellery/ring.png,0,0,8,10,equipment_jewellery_ring/RING_HOLDER
equipment/jewellery/ring.png,1,0,8,10,equipment_jewellery_ring/RING_RUBY#0
equipment/jewellery/ring.png,2,0,8,10,equipment_jewellery_ring/RING_ELEMENTS#0
equipment/jewellery/ring.png,3,0,8,10,equipment_jewellery_ring/RING_ENERGY#0
equipment/jewellery/ring.png,4,0,8,10,equipment_jewellery_ring/RING_ONYX#0
equipment/jewellery/ring.png,5,0,8,10,equipment_jewellery_ring/RING_FORCE#0
equipment/jewellery/ring.png,6,0,8,10,equipment_jewellery_ring/RING_FUROR#0
equipment/jewellery/ring.png,7,0,8,10,equipment_jewellery_ring/RING_SAPPHIRE#0
equipment/jewellery/ring.png,8,0,8,10,equipment_jewellery_ring/RING_MIGHT#0
equipment/jewellery/ring.png,9,0,8,10,equipment_jewellery_ring/RING_SHARPSHOOT#0
equipment/jewellery/ring.png,10,0,8,10,equipment_jewellery_ring/RING_TENACITY#0
equipment/jewellery/ring.png,11,0,8,10,equipment_jewellery_ring/RING_DIAMOND#0
equipment/jewellery/ring.png,0,2,14,10,equipment_jewellery_ring/SPS_WING_RING
equipment/non_equip.png,0,0,16,16,equipment_non_equip/JUMP_BOOTS
equipment/non_equip.png,1,0,10,14,equipment_non_equip/HOLY_SHIELD
equipment/non_equip.png,2,0,13,14,equipment_non_equip/DEWDROP_MUSHROOM
equipment/non_equip.png,3,0,12,12,equipment_non_equip/WATERSKIN
equipment/non_equip.png,4,0,10,10,equipment_non_equip/DEWDROP
equipment/non_equip.png,5,0,10,10,equipment_non_equip/YELLOW_DEWDROP
equipment/non_equip.png,6,0,10,13,equipment_non_equip/RED_DEWDROP
equipment/non_equip.png,7,0,10,10,equipment_non_equip/VIOLET_DEWDROP
equipment/non_equip.png,8,0,10,10,equipment_non_equip/GREEN_DEWDROP
equipment/non_equip.png,9,0,14,11,equipment_non_equip/YELLOW_UPGRADE_BLOB
equipment/non_equip.png,10,0,14,11,equipment_non_equip/RED_UPGRADE_BLOB
equipment/non_equip.png,11,0,14,11,equipment_non_equip/VIOLET_UPGRADE_BLOB
equipment/non_equip.png,12,0,6,12,equipment_non_equip/PURE_DEWDROP_WATER
equipment/non_equip.png,13,0,10,14,equipment_non_equip/EMPTY_POCKET_BALL
equipment/non_equip.png,14,0,10,14,equipment_non_equip/FULL_POCKET_BALL
equipment/non_equip.png,15,0,16,16,equipment_non_equip/SAVE_YOUR_LIFE
equipment/non_equip.png,0,1,10,10,equipment_non_equip/DIVINE_WOOD_SHIELD
equipment/non_equip.png,1,1,12,14,equipment_non_equip/MIRACLE_FLASK
equipment/non_equip.png,2,1,16,16,equipment_non_equip/LEGACY_SHOVEL#0
equipment/non_equip.png,3,1,16,12,equipment_non_equip/ELECTROMAGNETIC_PISTOL
equipment/non_equip.png,4,1,10,7,equipment_non_equip/ELECTROMAGNETIC_BULLET
equipment/non_equip.png,5,1,12,12,equipment_non_equip/RYU_HADOKEN
equipment/non_equip.png,6,1,14,14,equipment_non_equip/FAITH_BOX
equipment/non_equip.png,7,1,15,11,equipment_non_equip/BATTERY
equipment/non_equip.png,8,1,13,15,equipment_non_equip/CHEAT_CODE
equipment/non_equip.png,9,1,11,11,equipment_non_equip/MUSHROOM_QUESTION_BOX
equipment/non_equip.png,10,1,11,11,equipment_non_equip/SMALL_HAMMER
equipment/non_equip.png,11,1,11,14,equipment_non_equip/CARD_BOX
equipment/non_equip.png,12,1,13,16,equipment_non_equip/DEMON_CONTRACT
equipment/non_equip.png,13,1,13,16,equipment_non_equip/CHAOS_PACK
equipment/non_equip.png,14,1,11,14,equipment_non_equip/CHAOS_BLOOD
equipment/non_equip.png,15,1,15,15,equipment_non_equip/RITUAL_MASK
equipment/non_equip.png,0,2,12,13,equipment_non_equip/RUNE_DICE
equipment/non_equip.png,1,2,12,16,equipment_non_equip/FORTRESS_BANNER
equipment/non_equip.png,2,2,16,16,equipment_non_equip/SPS_DICE_TOWER#0
equipment/non_equip.png,3,2,16,11,equipment_non_equip/DORAEMON_POCKET
equipment/non_equip.png,4,2,14,16,equipment_non_equip/DETECTIVE_SUIT
equipment/non_equip.png,5,2,14,16,equipment_non_equip/LORD_BANNER
equipment/non_equip.png,6,2,11,11,equipment_non_equip/MEDKIT
equipment/non_equip.png,7,2,13,12,equipment_non_equip/QUIVER
equipment/non_equip.png,8,2,16,16,equipment_non_equip/SPS_SERIOUS_PUNCH#0
equipment/non_equip.png,9,2,15,16,equipment_non_equip/WANTED_LIST
equipment/non_equip.png,10,2,16,15,equipment_non_equip/DETECTOR
equipment/non_equip.png,11,2,13,13,equipment_non_equip/EROSION_CORE
equipment/non_equip.png,12,2,14,14,equipment_non_equip/BARBARIAN_HELMET
equipment/non_equip.png,13,2,16,15,equipment_non_equip/DEMON_HELMET
equipment/non_equip.png,14,2,14,15,equipment_non_equip/RED_HARE_TOTEM
equipment/non_equip.png,15,2,12,14,equipment_non_equip/FAKE_DEWDROP_VIAL
equipment/non_equip.png,0,5,10,12,equipment_non_equip/DEMON_BOOK
equipment/non_equip.png,1,5,13,16,equipment_non_equip/UNDEAD_BIBLE
equipment/non_equip.png,2,5,13,16,equipment_non_equip/COLLECTION_BOOK
equipment/non_equip.png,3,5,12,12,equipment_non_equip/REWARD_LIST
equipment/non_equip.png,4,5,13,16,equipment_non_equip/FOREST_GUIDE
equipment/non_equip.png,5,5,14,16,equipment_non_equip/ANIMAL_GUIDE
equipment/non_equip.png,15,5,15,14,equipment_non_equip/ELEVATOR
equipment/non_equip.png,0,6,16,16,equipment_non_equip/HERO_SKILL_WARRIOR
equipment/non_equip.png,1,6,16,16,equipment_non_equip/HERO_SKILL_MAGE
equipment/non_equip.png,2,6,16,16,equipment_non_equip/HERO_SKILL_ROGUE
equipment/non_equip.png,3,6,16,16,equipment_non_equip/HERO_SKILL_HUNTRESS
equipment/non_equip.png,4,6,16,16,equipment_non_equip/HERO_SKILL_PERFORMER
equipment/non_equip.png,5,6,16,16,equipment_non_equip/HERO_SKILL_STAR_SOLDIER
equipment/non_equip.png,6,6,16,16,equipment_non_equip/HERO_SKILL_CLERIC
equipment/non_equip.png,7,6,16,16,equipment_non_equip/SPS_LIFE_ARMOR#0
equipment/non_equip.png,14,6,14,13,equipment_non_equip/TASTY_PUDDING
equipment/non_equip.png,15,6,15,15,equipment_non_equip/SPYGLASS#0
equipment/non_equip.png,0,7,16,11,equipment_non_equip/RAT_SKULL#0
equipment/non_equip.png,1,7,10,14,equipment_non_equip/PARCHMENT_SCRAP#0
equipment/non_equip.png,2,7,9,9,equipment_non_equip/PETRIFIED_SEED#0
equipment/non_equip.png,3,7,15,13,equipment_non_equip/EXOTIC_CRYSTALS#0
equipment/non_equip.png,4,7,12,11,equipment_non_equip/MOSSY_CLUMP#0
equipment/non_equip.png,5,7,16,12,equipment_non_equip/SUNDIAL#0
equipment/non_equip.png,6,7,11,15,equipment_non_equip/CLOVER#0
equipment/non_equip.png,7,7,13,15,equipment_non_equip/TRAP_MECHANISM#0
equipment/non_equip.png,8,7,8,15,equipment_non_equip/MIMIC_TOOTH#0
equipment/non_equip.png,9,7,12,11,equipment_non_equip/WONDROUS_RESIN#0
equipment/non_equip.png,10,7,12,12,equipment_non_equip/EYE_OF_NEWT#0
equipment/non_equip.png,11,7,12,13,equipment_non_equip/SALT_CUBE#0
equipment/non_equip.png,12,7,6,15,equipment_non_equip/BLOOD_VIAL#0
equipment/non_equip.png,13,7,7,14,equipment_non_equip/OBLIVION_SHARD#0
equipment/non_equip.png,14,7,13,15,equipment_non_equip/CHAOTIC_CENSER#0
equipment/non_equip.png,15,7,16,15,equipment_non_equip/FERRET_TUFT#0
equipment/wand/basic_wand.png,0,0,14,14,equipment_wand_basic_wand/WAND_SPS_MAGIC_MISSILE
equipment/wand/basic_wand.png,1,0,14,14,equipment_wand_basic_wand/WAND_FIREBOLT#0
equipment/wand/basic_wand.png,2,0,14,14,equipment_wand_basic_wand/WAND_FROST
equipment/wand/basic_wand.png,3,0,14,14,equipment_wand_basic_wand/WAND_LIGHTNING
equipment/wand/basic_wand.png,4,0,14,14,equipment_wand_basic_wand/WAND_DISINTEGRATION#0
equipment/wand/basic_wand.png,5,0,16,15,equipment_wand_basic_wand/WAND_LIGHT
equipment/wand/basic_wand.png,6,0,14,14,equipment_wand_basic_wand/WAND_WARDING#0
equipment/wand/basic_wand.png,7,0,16,14,equipment_wand_basic_wand/WAND_REGROWTH
equipment/wand/basic_wand.png,12,0,14,14,equipment_wand_basic_wand/WAND_SPS_ENERGY
equipment/wand/basic_wand.png,13,0,14,14,equipment_wand_basic_wand/WAND_SPS_FIREBOLT
equipment/wand/basic_wand.png,14,0,14,14,equipment_wand_basic_wand/WAND_SPS_FREEZE
equipment/wand/basic_wand.png,15,0,14,14,equipment_wand_basic_wand/WAND_SPS_LIGHTNING
equipment/wand/basic_wand.png,0,1,14,14,equipment_wand_basic_wand/WAND_POISON
equipment/wand/basic_wand.png,1,1,14,14,equipment_wand_basic_wand/WAND_TRANSFUSION#0
equipment/wand/basic_wand.png,2,1,14,14,equipment_wand_basic_wand/WAND_ACID
equipment/wand/basic_wand.png,3,1,14,14,equipment_wand_basic_wand/WAND_LIVING_EARTH#0
equipment/wand/basic_wand.png,4,1,14,14,equipment_wand_basic_wand/WAND_BLAST_WAVE#0
equipment/wand/basic_wand.png,5,1,14,14,equipment_wand_basic_wand/WAND_CORRUPTION#0
equipment/wand/basic_wand.png,6,1,14,14,equipment_wand_basic_wand/WAND_FLOW
equipment/wand/basic_wand.png,7,1,14,14,equipment_wand_basic_wand/WAND_TCLOUD
equipment/wand/basic_wand.png,12,1,6,1,-
equipment/wand/basic_wand.png,13,1,14,14,equipment_wand_basic_wand/WAND_SPS_ACID
equipment/wand/basic_wand.png,14,1,14,14,equipment_wand_basic_wand/WAND_SPS_LIGHT
equipment/wand/basic_wand.png,15,1,14,14,equipment_wand_basic_wand/WAND_SPS_DARK
equipment/wand/unique_wand.png,0,0,15,15,equipment_wand_unique_wand/LEGACY_CANNON_OF_MAGE
ground/functional_falling.png,0,0,10,10,ground_functional_falling/dewdrop#0
ground/functional_falling.png,1,0,10,10,ground_functional_falling/dewdrop#1
ground/functional_falling.png,2,0,10,13,ground_functional_falling/dewdrop#2
ground/functional_falling.png,3,0,10,10,ground_functional_falling/dewdrop#3
ground/functional_falling.png,4,0,10,10,ground_functional_falling/dewdrop#4
ground/functional_falling.png,0,1,8,8,ground_functional_falling/PETAL#0
ground/functional_falling.png,1,1,10,10,ground_functional_falling/SANDBAG#0
ground/functional_falling.png,2,1,11,11,ground_functional_falling/SPIRIT_ARROW#0
ground/functional_falling.png,3,1,10,10,ground_functional_falling/TENGU_BOMB#0
ground/functional_falling.png,4,1,10,10,ground_functional_falling/TENGU_SHOCKER#0
ground/grounding_items.png,0,0,15,14,ground_grounding_items/NORMAL_REMAINS
ground/grounding_items.png,1,0,15,14,ground_grounding_items/HERO_BONES
ground/grounding_items.png,3,0,16,15,ground_grounding_items/CHEST#0
ground/grounding_items.png,4,0,16,15,ground_grounding_items/LOCKED_CHEST#0
ground/grounding_items.png,5,0,16,15,ground_grounding_items/CRYSTAL_CHEST#0
ground/grounding_items.png,6,0,16,14,-
ground/grounding_items.png,7,0,16,14,-
ground/grounding_items.png,8,0,16,14,-
ground/grounding_items.png,9,0,16,14,ground_grounding_items/EBONY_CHEST#0
ground/grounding_items.png,0,1,14,15,ground_grounding_items/NORMAL_GRAVESTONE
ground/grounding_items.png,1,1,14,15,ground_grounding_items/MARBLE_GRAVESTONE
ground/grounding_items.png,0,2,14,15,ground_grounding_items/TREASURE_SPOT
ground/grounding_items.png,1,2,14,15,ground_grounding_items/TREASURE_SPOT_2
ground/grounding_items.png,0,3,16,16,-
ground/grounding_items.png,1,3,16,15,-
ground/grounding_items.png,2,3,14,15,ground_grounding_items/FLOWER_POT
ground/grounding_items.png,3,3,16,15,ground_grounding_items/ALCHEMY_CAULDRON
ground/grounding_items.png,4,3,16,14,ground_grounding_items/ANVIL
ground/rock.png,0,0,16,15,ground_rock/GEO_BOULDER#0
specific/currency.png,0,0,15,13,specific_currency/GOLD#0
specific/currency.png,1,0,16,16,specific_currency/ENERGY#0
specific/currency.png,0,1,12,15,-
specific/currency.png,1,1,15,15,-
specific/key.png,0,0,8,14,specific_key/IRON_KEY
specific/key.png,1,0,8,14,specific_key/GOLDEN_KEY
specific/key.png,2,0,8,14,specific_key/WORN_KEY
specific/key.png,3,0,8,14,specific_key/CRYSTAL_KEY
specific/key.png,0,1,8,14,-
specific/key.png,1,1,8,14,-
specific/key.png,2,1,8,14,-
specific/key.png,3,1,8,14,-
specific/pages.png,0,0,10,11,specific_pages/GUIDE_PAGE#0
specific/pages.png,1,0,10,11,specific_pages/ALCH_PAGE#0
specific/pages.png,2,0,10,11,specific_pages/SEWER_PAGE#0
specific/pages.png,3,0,10,11,specific_pages/PRISON_PAGE#0
specific/pages.png,4,0,10,11,specific_pages/CAVES_PAGE#0
specific/pages.png,5,0,10,11,specific_pages/CITY_PAGE#0
specific/pages.png,6,0,10,11,specific_pages/HALLS_PAGE#0
specific/place_holder.png,0,0,16,7,specific_place_holder/SPS_PH_ERROR
specific/place_holder.png,1,0,14,14,specific_place_holder/SPS_PH_WEAPON
specific/place_holder.png,2,0,14,12,specific_place_holder/SPS_PH_ARMOR
specific/place_holder.png,3,0,14,14,specific_place_holder/WAND_HOLDER#0
specific/place_holder.png,4,0,15,15,specific_place_holder/ARTIFACT_HOLDER#0
specific/place_holder.png,5,0,16,11,specific_place_holder/TRINKET_HOLDER#0
specific/place_holder.png,6,0,14,11,specific_place_holder/SPS_PH_FOOD
specific/place_holder.png,7,0,14,14,specific_place_holder/SPS_UI_ICON_CATALOG
specific/place_holder.png,8,0,15,14,specific_place_holder/SCROLL_HOLDER#0
specific/place_holder.png,9,0,12,14,specific_place_holder/POTION_HOLDER#0
specific/place_holder.png,13,0,15,14,specific_place_holder/MOB_HOLDER#0
specific/place_holder.png,14,0,11,12,specific_place_holder/SPS_UI_ICON_A
specific/place_holder.png,15,0,13,10,specific_place_holder/SPS_UI_ICON_B
specific/place_holder.png,0,1,8,13,specific_place_holder/SOMETHING#0
specific/place_holder.png,1,1,14,14,specific_place_holder/SPS_PH_WEAPON_BAD
specific/place_holder.png,2,1,14,12,specific_place_holder/SPS_PH_ARMOR_BAD
specific/place_holder.png,3,1,14,14,specific_place_holder/SPS_PH_WAND_BAD
specific/place_holder.png,4,1,8,10,specific_place_holder/RING_HOLDER#0
specific/place_holder.png,6,1,15,11,specific_place_holder/FOOD_HOLDER#0
specific/place_holder.png,8,1,14,12,specific_place_holder/STONE_HOLDER#0
specific/place_holder.png,9,1,10,10,specific_place_holder/SEED_HOLDER#0
specific/place_holder.png,13,1,14,11,specific_place_holder/SPS_UI_ICON_C
specific/place_holder.png,14,1,12,14,specific_place_holder/SPS_UI_ICON_D
specific/place_holder.png,15,1,13,14,specific_place_holder/SPS_UI_ICON_E
specific/place_holder.png,0,2,8,9,specific_place_holder/SPS_PH_LOG
specific/place_holder.png,1,2,14,14,specific_place_holder/SPS_PH_WEAPON_TEST
specific/place_holder.png,2,2,14,12,specific_place_holder/SPS_PH_ARMOR_TEST
specific/place_holder.png,3,2,14,14,specific_place_holder/SPS_PH_WAND_TEST
specific/place_holder.png,4,2,14,11,specific_place_holder/SPS_PH_TRINKET
specific/place_holder.png,6,2,10,10,specific_place_holder/SPS_PH_ALCHEMY
specific/place_holder.png,8,2,12,14,specific_place_holder/ELIXIR_HOLDER#0
specific/place_holder.png,9,2,8,16,specific_place_holder/SPELL_HOLDER#0
specific/place_holder.png,0,3,10,11,specific_place_holder/DOCUMENT_HOLDER#0
specific/place_holder.png,1,3,14,14,specific_place_holder/SPS_PH_WEAPON_SPARE
specific/place_holder.png,2,3,14,12,specific_place_holder/SPS_PH_ARMOR_SPARE
specific/place_holder.png,3,3,14,14,specific_place_holder/SPS_PH_WAND_SPARE
specific/place_holder.png,4,3,14,14,specific_place_holder/SPS_PH_BADGE
specific/place_holder.png,13,3,14,11,specific_place_holder/SPS_GOLD_TO_SCOIN
specific/place_holder.png,14,3,16,14,-
specific/place_holder.png,15,3,10,9,specific_place_holder/SPS_PH_BADGE_ALT
specific/task.png,0,0,12,11,specific_task/TRINKET_CATA#0
specific/task.png,1,0,13,14,specific_task/DEWDROP_MUSHROOM
specific/task.png,2,0,12,12,specific_task/CANDLE#0
specific/task.png,3,0,12,11,specific_task/DUST#0
specific/task.png,4,0,13,12,specific_task/GNOLL_CLOTHES
specific/task.png,10,0,13,16,specific_task/BOOK_OF_ALL
specific/task.png,11,0,13,16,specific_task/POWER_CHALLENGE
specific/task.png,12,0,13,16,specific_task/TRIAL_OF_LIFE
specific/task.png,13,0,12,11,specific_task/TASTY_PUDDING
specific/task.png,14,0,14,14,specific_task/SOUL_COLLECT
specific/task.png,15,0,13,15,specific_task/POWER_HAND
specific/task.png,0,1,14,14,specific_task/PICKAXE#0
specific/task.png,1,1,15,15,specific_task/ORE#0
specific/task.png,2,1,12,12,specific_task/TOKEN#0
specific/task.png,3,1,12,11,specific_task/EMBER#0
specific/task.png,10,1,13,16,specific_task/WISDOM_CHALLENGE
specific/task.png,11,1,16,10,specific_task/TRIFORCE
specific/task.png,12,1,15,15,specific_task/FINAL_TRIAL
specific/task.png,13,1,16,16,specific_task/AMULET#0
specific/task.png,14,1,14,14,specific_task/ENERGY_CORE
specific/task.png,15,1,16,16,specific_task/FINAL_TROPHY
specific/task.png,0,2,14,15,specific_task/DOLYA_SLATE
specific/task.png,1,2,14,15,specific_task/SOUL_BOOK
specific/task.png,2,2,12,15,specific_task/TRIAL_BOOK
specific/task.png,3,2,16,16,specific_task/SEWER_CHALLENGE#0
specific/task.png,4,2,16,16,specific_task/SKELETON_CHALLENGE
specific/task.png,5,2,16,16,specific_task/CAVE_CHALLENGE#0
specific/task.png,6,2,16,16,specific_task/PRISON_CHALLENGE
specific/task.png,7,2,16,16,specific_task/POT_KEY#0
specific/task.png,8,2,16,16,specific_task/ROGUE_CHALLENGE
specific/task.png,0,3,10,11,specific_task/TELEPORT_COORDINATE
specific/task.png,3,3,12,16,specific_task/SECRET_TREASURE_SPOT
specific/task.png,4,3,11,11,specific_task/MAGIC_SKULL
specific/task.png,5,3,9,14,specific_task/CHARGED_CONCH
specific/task.png,6,3,12,15,specific_task/COURT_MEMORIAL
