atlas,col,row,w,h,old_id,new_id
consum/food/food.png,0,0,14,11,,foods/SMALL_RATION_PACK
consum/food/food.png,1,0,16,12,,foods/RATION_PACK
consum/food/food.png,2,0,16,11,,foods/MEAR_PIE
consum/food/food.png,3,0,16,12,,foods/WHOLE_MEAT_PANCAKE
consum/food/food.png,4,0,14,11,,精制米饭
consum/food/food.png,5,0,12,11,,米粥
consum/food/food.png,6,0,14,11,,foods/PUMPKIN_PIE
consum/food/food.png,7,0,15,12,,foods/PIZZA
consum/food/food.png,8,0,14,12,,月饼
consum/food/food.png,9,0,16,14,,巨无霸汉堡
consum/food/food.png,10,0,14,9,,丰盛一餐
consum/food/food.png,11,0,14,16,,小笼包
consum/food/food.png,12,0,14,11,,黏液饭
consum/food/food.png,13,0,14,11,,帕秋莉馅饼
consum/food/food.png,14,0,14,16,,暑假作业
consum/food/food.png,15,0,16,15,,三明治
consum/food/food.png,16,0,16,11,,骨头汤
consum/food/food.png,17,0,16,12,,蔬菜汤
consum/food/food.png,18,0,10,10,,生坚果
consum/food/food.png,19,0,12,13,,薯条
consum/food/food.png,0,1,16,14,,不思议饭团
consum/food/food.png,1,1,14,13,,完美一餐
consum/food/food.png,2,1,16,15,,意大利面
consum/food/food.png,3,1,14,13,,粽子
consum/food/food.png,4,1,16,12,foods/STEAMED_FISH#0,foods/STEAMED_FISH#0
consum/food/food.png,5,1,16,12,foods/FISH_LEFTOVER#0,foods/FISH_LEFTOVER#0
consum/food/food.png,6,1,12,14,foods/EASTER_EGG#0,foods/EASTER_EGG#0
consum/food/food.png,7,1,14,13,,生日蛋糕
consum/food/food.png,8,1,14,13,,节日蛋糕
consum/food/food.png,0,2,16,16,,烧鸡 Braised Chicken
consum/food/food.png,1,2,16,16,foods/SPS_TURKEY_MEAT#0,
consum/food/food.png,2,2,12,15,,椒盐鸡块
consum/food/food.png,3,2,14,12,,鸡肉卷
consum/food/food.png,4,2,12,12,,烤肉串
consum/food/food.png,0,3,16,15,,坚果饼干
consum/food/food.png,1,3,11,14,,复活节彩蛋
consum/food/food.png,2,3,13,16,foods/CANDY_CANE#0,
consum/food/food.png,3,3,15,10,,水果硬糖
consum/food/food.png,4,3,12,12,,巧克力
consum/food/food.png,5,3,13,15,,水果奶昔
consum/food/food.png,6,3,12,14,,调制汽水
consum/food/food.png,7,3,7,16,potions/SPARKLING_POTION#0,
consum/food/food.png,8,3,12,14,potions/RAINBOW_POTION#0,
consum/food/food.png,0,4,12,15,,鸡尾酒
consum/food/food.png,1,4,9,13,,柠檬水
consum/food/food.png,2,4,7,14,,矿泉水
consum/food/food.png,3,4,9,9,,雄黄酒
consum/food/food.png,4,4,12,14,,泡腾片汽水
consum/food/food.png,0,5,9,13,,罐装蜂蜜
consum/food/food.png,1,5,10,12,,稀释蜂蜜
consum/food/food.png,2,5,14,11,,蜂蜜拌饭
consum/food/food.png,3,5,13,16,,冰雪盛宴
consum/food/food.png,4,5,15,11,,蜜汁烤肉
consum/food/food.png,5,5,16,14,,坚果蛋糕
consum/food/food.png,0,6,15,11,,生肉
consum/food/food.png,1,6,15,11,,怪物肉
consum/food/food.png,2,6,15,11,,冷冻肉
consum/food/food.png,3,6,15,11,misc/STEWED#0,炖肉
consum/food/food.png,4,6,15,11,,烤肉
consum/food/food.png,5,6,15,11,,草药酱肉
consum/food/food.png,6,6,15,11,foods/PHANTOM_MEAT#0,幻影鱼肉
consum/food/food.png,0,7,12,13,,粉色浆果
consum/food/food.png,1,7,12,13,,红色浆果
consum/food/food.png,2,7,12,13,,蓝色浆果
consum/food/food.png,3,7,12,13,,青色浆果
consum/food/food.png,4,7,12,13,,满月浆果
consum/food/food.png,0,8,9,12,foods/BLANDFRUIT#0,无味果
consum/food/food.png,1,8,14,6,misc/BLAND_CHUNKS#0,无味果碎块
consum/food/food.png,0,10,14,9,,粉砖
consum/food/food.png,1,10,12,7,,粉色小鱼
consum/food/food.png,2,10,12,7,,蓝色小鱼
consum/food/food.png,15,10,10,15,,误放入，不要管他
consum/food/food.png,16,10,15,15,,滑稽脸寄生虫
consum/food/food.png,17,10,10,13,,草莓
consum/food/food.png,18,10,14,14,,樱桃
consum/food/food.png,19,10,13,14,,作者坚果
consum/goods_materials/goods.png,0,0,16,11,misc/RAT_SKULL#0,
consum/goods_materials/goods.png,1,0,15,15,,试管玫瑰
consum/goods_materials/goods.png,2,0,14,12,,白袜
consum/goods_materials/goods.png,3,0,14,14,,实验体
consum/goods_materials/goods.png,4,0,9,12,,传单
consum/goods_materials/goods.png,5,0,12,12,,坏掉的弩
consum/goods_materials/goods.png,6,0,12,9,,SWITCH游戏机
consum/goods_materials/goods.png,7,0,12,13,,外部的测试代码
consum/goods_materials/goods.png,8,0,16,14,,错误影像
consum/goods_materials/goods.png,9,0,10,14,,发芽奖杯
consum/goods_materials/goods.png,10,0,16,13,,专属珍藏
consum/goods_materials/goods.png,11,0,12,12,,损坏试剂
consum/goods_materials/goods.png,12,0,12,13,,瓶中火焰
consum/goods_materials/goods.png,13,0,14,10,,发芽的哑铃
consum/goods_materials/goods.png,14,0,12,15,,蜂鸟开瓶器
consum/goods_materials/goods.png,15,0,12,12,,发霉的甜甜圈
consum/goods_materials/goods.png,0,1,12,13,,木鱼
consum/goods_materials/goods.png,1,1,12,11,,大地结晶
consum/goods_materials/goods.png,2,1,16,14,,蓝猫的测试代码
consum/goods_materials/goods.png,3,1,12,12,,红色鬼魂
consum/goods_materials/goods.png,4,1,14,14,,七彩斧刃
consum/goods_materials/goods.png,5,1,15,15,,兔头玩偶
consum/goods_materials/goods.png,6,1,16,15,,七彩花束
consum/goods_materials/goods.png,7,1,16,12,,电视机里的幽魂
consum/goods_materials/goods.png,0,5,16,16,,跳舞小人#0
consum/goods_materials/goods.png,1,5,16,16,,跳舞小人#1
consum/goods_materials/goods.png,2,5,16,16,,跳舞小人#2
consum/goods_materials/goods.png,3,5,16,16,,跳舞小人#3
consum/goods_materials/materials.png,0,0,8,10,,无色原石
consum/goods_materials/materials.png,1,0,10,10,,绿色诺恩矿
consum/goods_materials/materials.png,2,0,8,10,,蓝色诺恩矿
consum/goods_materials/materials.png,3,0,10,10,,橙色诺恩矿
consum/goods_materials/materials.png,4,0,8,10,,紫色诺恩矿
consum/goods_materials/materials.png,5,0,11,9,,黄色诺恩矿
consum/goods_materials/materials.png,0,1,16,16,misc/ADAMANT_WEAPON#0,武器焊接元件
consum/goods_materials/materials.png,1,1,16,14,,盔甲焊接元件
consum/goods_materials/materials.png,2,1,14,14,,法杖焊接元件
consum/goods_materials/materials.png,3,1,8,10,,戒指焊接元件
consum/goods_materials/materials.png,0,3,12,14,,废料
consum/goods_materials/materials.png,1,3,10,9,misc/BLOB#0,
consum/goods_materials/materials.png,2,3,8,10,stones/SHARD#0,
consum/goods_materials/materials.png,3,3,8,16,misc/ESCAPE#0,
consum/goods_materials/materials.png,4,3,10,16,misc/STATUE#0,
consum/potion_seed/basic_potion.png,0,0,12,14,potions/POTION_CRIMSON#0,
consum/potion_seed/basic_potion.png,1,0,12,14,potions/POTION_HEALING#0,
consum/potion_seed/basic_potion.png,2,0,12,14,potions/POTION_MINDVIS#0,
consum/potion_seed/basic_potion.png,3,0,12,14,potions/POTION_JADE#0,
consum/potion_seed/basic_potion.png,4,0,12,14,potions/POTION_TURQUOISE#0,
consum/potion_seed/basic_potion.png,5,0,12,14,potions/POTION_AZURE#0,
consum/potion_seed/basic_potion.png,6,0,12,14,potions/POTION_INDIGO#0,
consum/potion_seed/basic_potion.png,7,0,12,14,potions/POTION_INVIS#0,
consum/potion_seed/basic_potion.png,8,0,12,14,potions/POTION_BISTRE#0,
consum/potion_seed/basic_potion.png,9,0,12,14,potions/POTION_CHARCOAL#0,
consum/potion_seed/basic_potion.png,10,0,12,14,potions/POTION_SILVER#0,
consum/potion_seed/basic_potion.png,11,0,12,14,potions/POTION_EXP#0,
consum/potion_seed/basic_potion.png,12,0,8,15,misc/LIQUID_METAL#0,
consum/potion_seed/basic_potion.png,15,0,9,12,,力量之瓶
consum/potion_seed/basic_potion.png,0,1,12,13,potions/POTION_MASTERY#0,
consum/potion_seed/basic_potion.png,1,1,12,13,potions/POTION_SHIELDING#0,
consum/potion_seed/basic_potion.png,2,1,12,13,potions/POTION_MAGISIGHT#0,
consum/potion_seed/basic_potion.png,3,1,12,13,potions/POTION_SNAPFREEZ#0,
consum/potion_seed/basic_potion.png,4,1,12,13,misc/EXOTIC_TURQUOISE#0,
consum/potion_seed/basic_potion.png,5,1,12,13,potions/POTION_CORROGAS#0,
consum/potion_seed/basic_potion.png,6,1,12,13,potions/POTION_STAMINA#0,
consum/potion_seed/basic_potion.png,7,1,12,13,potions/POTION_SHROUDFOG#0,
consum/potion_seed/basic_potion.png,8,1,12,13,misc/EXOTIC_BISTRE#0,
consum/potion_seed/basic_potion.png,9,1,12,13,potions/POTION_EARTHARMR#0,
consum/potion_seed/basic_potion.png,10,1,12,13,potions/POTION_CLEANSE#0,
consum/potion_seed/basic_potion.png,11,1,12,13,misc/EXOTIC_IVORY#0,
consum/potion_seed/basic_potion.png,12,1,11,13,potions/BREW_UNSTABLE#0,
consum/potion_seed/basic_potion.png,15,1,6,15,,炼金融焊剂
consum/potion_seed/basic_potion.png,0,2,12,13,,火磷果
consum/potion_seed/basic_potion.png,1,2,16,15,,地裂果
consum/potion_seed/basic_potion.png,2,2,12,9,,露菌孢
consum/potion_seed/basic_potion.png,3,2,11,12,,毒蘑菇
consum/potion_seed/basic_potion.png,4,2,11,12,,单色块
consum/potion_seed/basic_potion.png,5,2,12,11,,致死菌
consum/potion_seed/basic_potion.png,6,2,12,12,,蓝帽伞
consum/potion_seed/basic_potion.png,7,2,11,11,,药丸
consum/potion_seed/basic_potion.png,3,3,11,13,potions/BREW_INFERNAL#0,
consum/potion_seed/basic_potion.png,4,3,11,13,potions/BREW_BLIZZARD#0,
consum/potion_seed/basic_potion.png,5,3,12,14,potions/BREW_SHOCKING#0,
consum/potion_seed/basic_potion.png,6,3,12,14,potions/BREW_CAUSTIC#0,
consum/potion_seed/basic_potion.png,7,3,9,11,potions/BREW_AQUA#0,
consum/potion_seed/basic_potion.png,8,3,12,14,,不知道，应该是破碎的秘药之一，看看有什么秘药不在表上
consum/potion_seed/basic_potion.png,9,3,12,14,potions/ELIXIR_AQUA#0,
consum/potion_seed/basic_potion.png,10,3,12,14,potions/ELIXIR_MIGHT#0,
consum/potion_seed/basic_potion.png,11,3,12,14,potions/ELIXIR_DRAGON#0,
consum/potion_seed/basic_potion.png,12,3,12,14,potions/ELIXIR_TOXIC#0,
consum/potion_seed/basic_potion.png,13,3,12,14,potions/ELIXIR_ICY#0,
consum/potion_seed/basic_potion.png,14,3,12,14,potions/ELIXIR_ARCANE#0,
consum/potion_seed/basic_potion.png,15,3,12,14,potions/ELIXIR_FEATHER#0,
consum/potion_seed/seed.png,0,0,10,10,,腐败果之种、鲜莓果之种共用
consum/potion_seed/seed.png,1,0,10,10,,火焰花之种
consum/potion_seed/seed.png,2,0,10,10,,闪耀果之种
consum/potion_seed/seed.png,3,0,10,10,,阳春花之种
consum/potion_seed/seed.png,4,0,10,10,,冰冠花之种
consum/potion_seed/seed.png,5,0,10,10,,风暴藤之种
consum/potion_seed/seed.png,6,0,10,10,,seeds/SEED_SORROWMOSS#0
consum/potion_seed/seed.png,7,0,10,10,,seeds/SEED_MAGEROYAL#0
consum/potion_seed/seed.png,8,0,10,10,,seeds/SEED_EARTHROOT#0
consum/potion_seed/seed.png,9,0,10,10,,seeds/SEED_BLINDWEED#0
consum/potion_seed/seed.png,10,0,10,10,,seeds/SEED_FADELEAF#0
consum/potion_seed/seed.png,11,0,10,10,,seeds/SEED_STARFLOWER#0
consum/potion_seed/seed.png,12,0,10,10,,坚果藤之种
consum/potion_seed/seed.png,13,0,10,10,,吞星花之种
consum/potion_seed/seed.png,14,0,10,10,,转换笼之种
consum/potion_seed/seed.png,15,0,10,10,,石英花之种
consum/potion_seed/seed.png,16,0,10,10,,这是错误的重复，和9.0一样，跳过即可
consum/potion_seed/seed.png,17,0,10,10,,种子荚之种
consum/potion_seed/seed.png,0,1,10,10,,破碎的种子，我们这里不用，只是留档以防后面使用
consum/potion_seed/seed.png,1,1,10,10,seeds/SEED_FIREBLOOM#0,破碎的种子，我们这里不用，只是留档以防后面使用
consum/potion_seed/seed.png,2,1,10,10,seeds/SEED_SWIFTTHISTLE#0,破碎的种子，我们这里不用，只是留档以防后面使用
consum/potion_seed/seed.png,3,1,10,10,seeds/SEED_SUNGRASS#0,破碎的种子，我们这里不用，只是留档以防后面使用
consum/potion_seed/seed.png,4,1,10,10,seeds/SEED_ICECAP#0,破碎的种子，我们这里不用，只是留档以防后面使用
consum/potion_seed/seed.png,5,1,10,10,seeds/SEED_STORMVINE#0,破碎的种子，我们这里不用，只是留档以防后面使用
consum/potion_seed/seed.png,6,1,10,10,seeds/SEED_SORROWMOSS#0,破碎的种子，我们这里不用，只是留档以防后面使用
consum/potion_seed/seed.png,7,1,10,10,seeds/SEED_MAGEROYAL#0,破碎的种子，我们这里不用，只是留档以防后面使用
consum/potion_seed/seed.png,8,1,10,10,seeds/SEED_EARTHROOT#0,破碎的种子，我们这里不用，只是留档以防后面使用
consum/potion_seed/seed.png,9,1,10,10,seeds/SEED_BLINDWEED#0,破碎的种子，我们这里不用，只是留档以防后面使用
consum/potion_seed/seed.png,10,1,10,10,seeds/SEED_FADELEAF#0,破碎的种子，我们这里不用，只是留档以防后面使用
consum/potion_seed/seed.png,11,1,10,10,seeds/SEED_STARFLOWER#0,破碎的种子，我们这里不用，只是留档以防后面使用
consum/potion_seed/seed.png,12,1,1,1,,空的
consum/potion_seed/seed.png,0,2,12,9,,榴莲
consum/potion_seed/seed.png,1,2,14,12,,火爆辣椒
consum/potion_seed/seed.png,2,2,14,14,,金盏花
consum/potion_seed/seed.png,3,2,14,16,,向日葵
consum/potion_seed/seed.png,4,2,12,12,,冰薄荷
consum/potion_seed/seed.png,5,2,10,16,,郁金香
consum/potion_seed/seed.png,6,2,14,14,,剧毒茄子
consum/potion_seed/seed.png,7,2,13,13,,好梦叶
consum/potion_seed/seed.png,10,2,9,12,,重复的，这是无味果，在食物中出现过，此处仅为了对照整齐
consum/potion_seed/seed.png,11,2,13,14,,山药花
consum/potion_seed/seed.png,12,2,11,12,,坚果藤
consum/potion_seed/seed.png,13,2,13,10,,吞星花
consum/potion_seed/seed.png,14,2,10,9,,转换笼
consum/potion_seed/seed.png,12,3,13,15,,红玫瑰
consum/scroll_amulet/amulet.png,0,0,14,12,stones/STONE_AGGRESSION,
consum/scroll_amulet/amulet.png,1,0,14,12,stones/STONE_AUGMENTATION#0,
consum/scroll_amulet/amulet.png,2,0,14,12,stones/STONE_FEAR#0,
consum/scroll_amulet/amulet.png,3,0,14,12,stones/STONE_BLAST#0,
consum/scroll_amulet/amulet.png,4,0,14,12,stones/STONE_BLINK#0,
consum/scroll_amulet/amulet.png,5,0,14,12,stones/STONE_CLAIRVOYANCE#0,
consum/scroll_amulet/amulet.png,6,0,14,12,stones/STONE_SLEEP#0,
consum/scroll_amulet/amulet.png,7,0,14,12,stones/STONE_DETECT#0,
consum/scroll_amulet/amulet.png,8,0,14,12,stones/STONE_ENCHANT#0,
consum/scroll_amulet/amulet.png,9,0,14,12,stones/STONE_FLOCK#0,
consum/scroll_amulet/amulet.png,10,0,14,12,stones/STONE_INTUITION#0,
consum/scroll_amulet/amulet.png,11,0,14,12,stones/STONE_SHOCK#0,
consum/scroll_amulet/crystal.png,0,0,6,15,misc/WILD_ENERGY#0,
consum/scroll_amulet/crystal.png,1,0,12,10,misc/PHASE_SHIFT#0,
consum/scroll_amulet/crystal.png,2,0,10,10,misc/TELE_GRAB#0,
consum/scroll_amulet/crystal.png,3,0,12,13,misc/UNSTABLE_SPELL#0,
consum/scroll_amulet/crystal.png,4,0,10,16,misc/CURSE_INFUSE#0,
consum/scroll_amulet/crystal.png,5,0,10,14,misc/MAGIC_INFUSE#0,
consum/scroll_amulet/crystal.png,6,0,12,12,misc/ALCHEMIZE#0,
consum/scroll_amulet/crystal.png,7,0,12,13,misc/RECYCLE#0,
consum/scroll_amulet/crystal.png,8,0,14,11,misc/RECLAIM_TRAP#0,
consum/scroll_amulet/crystal.png,9,0,8,16,misc/RETURN_BEACON#0,
consum/scroll_amulet/crystal.png,10,0,8,16,stones/summon_ele#0,
consum/scroll_amulet/crystal.png,11,0,8,16,stones/summon_ele#1,
consum/scroll_amulet/crystal.png,12,0,8,16,stones/summon_ele#2,
consum/scroll_amulet/crystal.png,13,0,8,16,stones/summon_ele#3,
consum/scroll_amulet/crystal.png,14,0,8,16,stones/summon_ele#4,
consum/scroll_amulet/crystal.png,15,0,12,2,(skip),
consum/scroll_amulet/scroll.png,0,0,15,14,,几种卷轴，前几张来自破碎，和下面的1-11的密卷对应
consum/scroll_amulet/scroll.png,1,0,15,14,,几种卷轴，前几张来自破碎，和下面的1-12的密卷对应
consum/scroll_amulet/scroll.png,2,0,15,14,,几种卷轴，前几张来自破碎，和下面的1-13的密卷对应
consum/scroll_amulet/scroll.png,3,0,15,14,,几种卷轴，前几张来自破碎，和下面的1-14的密卷对应
consum/scroll_amulet/scroll.png,4,0,15,14,,几种卷轴，前几张来自破碎，和下面的1-15的密卷对应
consum/scroll_amulet/scroll.png,5,0,15,14,,几种卷轴，前几张来自破碎，和下面的1-16的密卷对应
consum/scroll_amulet/scroll.png,6,0,15,14,,几种卷轴，前几张来自破碎，和下面的1-17的密卷对应
consum/scroll_amulet/scroll.png,7,0,15,14,,几种卷轴，前几张来自破碎，和下面的1-18的密卷对应
consum/scroll_amulet/scroll.png,8,0,15,14,,几种卷轴，前几张来自破碎，和下面的1-19的密卷对应
consum/scroll_amulet/scroll.png,9,0,15,14,,几种卷轴，前几张来自破碎，和下面的1-20的密卷对应
consum/scroll_amulet/scroll.png,10,0,15,14,,几种卷轴，前几张来自破碎，和下面的1-21的密卷对应
consum/scroll_amulet/scroll.png,11,0,15,14,,几种卷轴，前几张来自破碎，和下面的1-22的密卷对应
consum/scroll_amulet/scroll.png,12,0,15,14,,SPS 的新卷轴图案
consum/scroll_amulet/scroll.png,13,0,15,14,,SPS 的新卷轴图案
consum/scroll_amulet/scroll.png,14,0,15,14,,SPS 的新卷轴图案
consum/scroll_amulet/scroll.png,0,1,15,14,documents/SCROLL_ENCHANT#0,
consum/scroll_amulet/scroll.png,1,1,15,14,misc/EXOTIC_SOWILO#0,
consum/scroll_amulet/scroll.png,2,1,15,14,misc/EXOTIC_LAGUZ#0,
consum/scroll_amulet/scroll.png,3,1,15,14,misc/EXOTIC_YNGVI#0,
consum/scroll_amulet/scroll.png,4,1,15,14,documents/SCROLL_MYSTENRG#0,
consum/scroll_amulet/scroll.png,5,1,15,14,misc/EXOTIC_RAIDO#0,
consum/scroll_amulet/scroll.png,6,1,15,14,documents/SCROLL_SIREN#0,
consum/scroll_amulet/scroll.png,7,1,15,14,documents/SCROLL_FORESIGHT#0,
consum/scroll_amulet/scroll.png,8,1,15,14,documents/SCROLL_CHALLENGE#0,
consum/scroll_amulet/scroll.png,9,1,15,14,misc/EXOTIC_BERKANAN#0,
consum/scroll_amulet/scroll.png,10,1,15,14,documents/SCROLL_DREAD#0,
consum/scroll_amulet/scroll.png,11,1,15,14,documents/SCROLL_METAMORPH#0,
consum/scroll_amulet/scroll.png,12,1,15,14,,精准技巧卷轴
consum/scroll_amulet/scroll.png,13,1,15,14,,防护技巧卷轴
consum/scroll_amulet/scroll.png,14,1,15,14,,法术技巧卷轴
consum/scroll_amulet/scroll.png,13,3,12,13,,附魔立方
consum/scroll_amulet/scroll.png,14,3,12,11,misc/ARCANE_RESIN#0,奥术聚酯
consum/summor.png,0,0,11,12,,随机初始灵魂
consum/summor.png,1,0,16,16,,随机灵魂
consum/summor.png,2,0,16,16,,召唤模板1
consum/summor.png,3,0,16,16,,召唤模板2
consum/summor.png,0,1,16,16,foods/SCORPION_EGG#0,
consum/summor.png,1,1,16,16,foods/BLUE_GIRL_EGG#0,
consum/summor.png,2,1,16,16,foods/LERY_FIRE_EGG#0,
consum/summor.png,3,1,16,16,foods/RED_DRAGON_EGG#0,
consum/summor.png,4,1,16,16,foods/BLUE_DRAGON_EGG#0,
consum/summor.png,5,1,16,16,foods/VIOLET_DRAGON_EGG#0,
consum/summor.png,6,1,16,16,foods/GREEN_DRAGON_EGG#0,
consum/summor.png,7,1,16,16,,空白
consum/summor.png,8,1,16,16,foods/RABBIT_PET_EGG#0,
consum/summor.png,9,1,16,16,foods/VELOCIROOSTER_EGG#0,
consum/summor.png,10,1,16,16,foods/BUG_DRAGON_EGG#0,
consum/summor.png,11,1,16,16,foods/LIGHT_DRAGON_EGG#0,
consum/summor.png,12,1,16,16,foods/GOLD_DRAGON_EGG#0,
consum/summor.png,13,1,16,16,foods/AFLY_EGG#0,
consum/summor.png,14,1,16,16,foods/STAR_KID_EGG#0,
consum/summor.png,15,1,16,16,stones/STONE_PET_EGG#0,
consum/summor.png,0,2,16,16,foods/DATURA_EGG#0,
consum/summor.png,1,2,16,16,foods/DOG_PET_EGG#0,
consum/summor.png,2,2,16,16,foods/DWARF_BOY_EGG#0,
consum/summor.png,3,2,16,16,foods/FLY_EGG#0,
consum/summor.png,4,2,16,16,foods/FOX_HELPER_EGG#0,
consum/summor.png,5,2,16,16,foods/FROG_PET_EGG#0,
consum/summor.png,6,2,16,16,foods/GENTLE_CRAB_EGG#0,
consum/summor.png,7,2,16,16,foods/KODORA_EGG#0,
consum/summor.png,8,2,16,16,foods/LIT_DEMON_EGG#0,
consum/summor.png,9,2,16,16,foods/MONKEY_EGG#0,
consum/summor.png,10,2,16,16,foods/PIG_PET_EGG#0,
consum/summor.png,11,2,16,16,foods/RIBBON_RAT_EGG#0,
consum/summor.png,12,2,16,16,foods/SNAKE_PET_EGG#0,
consum/summor.png,13,2,16,16,foods/SPIDER_PET_EGG#0,
consum/summor.png,14,2,16,16,foods/CHOCOBO_EGG#0,
consum/summor.png,0,3,12,16,,士兵召唤
consum/summor.png,1,3,12,15,,仙子人偶
consum/summor.png,2,3,16,16,misc/FAIRY_CARD#0,
consum/summor.png,3,3,15,16,,毁灭无人机
consum/summor.png,4,3,15,14,,激光炮塔
consum/summor.png,5,3,11,9,,猫耳盒子
consum/throws.png,0,0,11,10,weapons/THROWING_SPIKE#0,
consum/throws.png,1,0,12,13,weapons/THROWING_KNIFE#0,
consum/throws.png,2,0,12,10,stones/THROWING_STONE#0,
consum/throws.png,3,0,11,11,foods/FISHING_SPEAR#0,
consum/throws.png,4,0,12,12,weapons/SHURIKEN#0,
consum/throws.png,5,0,12,12,weapons/THROWING_CLUB#0,
consum/throws.png,6,0,13,13,weapons/THROWING_SPEAR#0,
consum/throws.png,7,0,15,14,misc/BOLAS#0,
consum/throws.png,8,0,15,15,misc/KUNAI#0,
consum/throws.png,9,0,16,16,,巨型手里剑
consum/throws.png,10,0,16,16,misc/JAVELIN#0,
consum/throws.png,11,0,13,13,misc/TOMAHAWK#0,
consum/throws.png,12,0,14,14,misc/BOOMERANG#0,
consum/throws.png,13,0,16,16,misc/TRIDENT#0,
consum/throws.png,14,0,12,12,weapons/THROWING_HAMMER#0,
consum/throws.png,15,0,11,12,misc/FORCE_CUBE#0,
consum/throws.png,0,1,12,12,,逃脱小刀
consum/throws.png,1,1,14,16,,声波诱饵
consum/throws.png,2,1,14,14,,魔术手
consum/throws.png,3,1,14,14,,圆刃
consum/throws.png,4,1,15,14,,砖头
consum/throws.png,5,1,15,15,,金属标枪
consum/throws.png,6,1,14,13,,捕兽网
consum/throws.png,7,1,8,8,,骷髅头
consum/throws.png,8,1,13,9,,蝙蝠镖
consum/throws.png,9,1,14,15,,污秽团
consum/throws.png,10,1,12,11,misc/DUST#0,糯米团
consum/throws.png,0,2,12,12,,意念之箭头
consum/throws.png,1,2,12,12,,蜂蜜之箭头
consum/throws.png,0,4,16,16,misc/DOOR_BLOCK#0,门块放置器
consum/throws.png,1,4,16,16,,砖块放置器
consum/throws.png,2,4,16,16,misc/SPS_WATER_BLOCK#0,水块放置器
consum/throws.png,3,4,16,16,,雕像放置器
consum/throws.png,4,4,16,16,,木板放置器
consum/throws.png,5,4,16,16,,书架放置器
consum/throws.png,6,4,12,12,,花盆放置器
consum/throws.png,0,5,14,14,,小毒镖
consum/throws.png,1,5,15,15,,普通飞镖
consum/throws.png,2,5,15,15,weapons/ROT_DART#0,
consum/throws.png,3,5,15,15,weapons/INCENDIARY_DART#0,
consum/throws.png,4,5,15,15,weapons/ADRENALINE_DART#0,
consum/throws.png,5,5,15,15,weapons/HEALING_DART#0,
consum/throws.png,6,5,15,15,weapons/CHILLING_DART#0,
consum/throws.png,7,5,15,15,weapons/SHOCKING_DART#0,
consum/throws.png,8,5,15,15,weapons/POISON_DART#0,
consum/throws.png,9,5,15,15,weapons/CLEANSING_DART#0,
consum/throws.png,10,5,15,15,weapons/PARALYTIC_DART#0,
consum/throws.png,11,5,15,15,weapons/HOLY_DART#0,
consum/throws.png,12,5,15,15,weapons/DISPLACING_DART#0,
consum/throws.png,13,5,15,15,weapons/BLINDING_DART#0,
consum/useful/corpse_relics.png,0,0,12,12,stones/SEAL_SHARD#0,破碎的几种消耗品道具，来自英雄死亡后，下一局开启黄色英雄遗骸获取的英雄残破遗物
consum/useful/corpse_relics.png,1,0,14,10,weapons/BROKEN_STAFF#0,破碎的几种消耗品道具，来自英雄死亡后，下一局开启黄色英雄遗骸获取的英雄残破遗物
consum/useful/corpse_relics.png,2,0,9,9,misc/CLOAK_SCRAP#0,破碎的几种消耗品道具，来自英雄死亡后，下一局开启黄色英雄遗骸获取的英雄残破遗物
consum/useful/corpse_relics.png,3,0,12,9,weapons/BOW_FRAGMENT#0,破碎的几种消耗品道具，来自英雄死亡后，下一局开启黄色英雄遗骸获取的英雄残破遗物
consum/useful/corpse_relics.png,4,0,9,9,misc/BROKEN_HILT#0,破碎的几种消耗品道具，来自英雄死亡后，下一局开启黄色英雄遗骸获取的英雄残破遗物
consum/useful/corpse_relics.png,5,0,11,13,documents/TORN_PAGE#0,破碎的几种消耗品道具，来自英雄死亡后，下一局开启黄色英雄遗骸获取的英雄残破遗物
consum/useful/corpse_relics.png,6,0,12,11,misc/TRINKET_CATA#0,破碎的几种消耗品道具，来自英雄死亡后，下一局开启黄色英雄遗骸获取的英雄残破遗物
consum/useful/corpse_relics.png,14,0,16,2,(skip),
consum/useful/corpse_relics.png,15,0,13,1,(skip),
consum/useful/process_enhance.png,0,0,11,9,misc/MASK#0,
consum/useful/process_enhance.png,1,0,13,16,misc/MASTERY#0,
consum/useful/process_enhance.png,2,0,16,15,misc/KIT#0,
consum/useful/process_enhance.png,0,1,13,7,misc/CROWN#0,
consum/useful/process_enhance.png,1,1,13,16,documents/ARTIFACT_SPELLBOOK,
consum/useful/process_enhance.png,2,1,12,12,misc/ARMORKIT,
consum/useful/useful.png,0,0,10,16,(skip),
consum/useful/useful.png,1,0,12,13,misc/STYLUS,
consum/useful/useful.png,2,0,12,15,misc/TORCH#0,
consum/useful/useful.png,3,0,16,15,misc/BEACON#0,
consum/useful/useful.png,4,0,14,12,foods/HONEYPOT#0,
consum/useful/useful.png,5,0,14,12,misc/SHATTPOT,
consum/useful/useful.png,0,1,10,16,misc/ANKH,
consum/useful/useful.png,4,1,13,14,foods/PET_FOOD,
consum/useful/useful.png,5,1,6,13,weapons/SP_AMMO,
equipment/bags.png,0,0,14,15,bags/POUCH,
equipment/bags.png,1,0,16,16,bags/HOLDER,
equipment/bags.png,2,0,15,16,bags/BANDOLIER,
equipment/bags.png,3,0,15,16,bags/HOLSTER,
equipment/bags.png,4,0,11,14,bags/SPS_KEY_RING,
equipment/bags.png,5,0,16,16,bags/SHOPPING_CART#0,
equipment/bags.png,6,0,14,14,bags/SPS_ARROW_COLLECTER,
equipment/bags.png,7,0,16,16,bags/HEART_OF_SCARECROW#0,
equipment/bags.png,15,0,16,16,misc/BACKPACK#0,
equipment/equip/armor/basic_armor.png,0,0,15,12,armor/ARMOR_CLOTH#0,
equipment/equip/armor/basic_armor.png,1,0,14,13,armor/ARMOR_LEATHER#0,
equipment/equip/armor/basic_armor.png,2,0,14,12,armor/ARMOR_MAIL#0,
equipment/equip/armor/basic_armor.png,3,0,14,11,armor/ARMOR_SCALE#0,
equipment/equip/armor/basic_armor.png,4,0,12,12,armor/ARMOR_PLATE#0,
equipment/equip/armor/basic_armor.png,7,0,16,13,,战士英雄护甲
equipment/equip/armor/basic_armor.png,8,0,15,16,,法师英雄护甲
equipment/equip/armor/basic_armor.png,9,0,14,13,,盗贼英雄护甲
equipment/equip/armor/basic_armor.png,10,0,13,15,,女猎手英雄护甲
equipment/equip/armor/basic_armor.png,11,0,12,13,armor/ARMOR_DUELIST#0,
equipment/equip/armor/basic_armor.png,12,0,14,13,,演员英雄护甲
equipment/equip/armor/basic_armor.png,13,0,10,12,,星兵英雄护甲
equipment/equip/armor/basic_armor.png,14,0,15,13,,信徒英雄护甲
equipment/equip/armor/basic_armor.png,15,0,13,14,,苦修士英雄护甲
equipment/equip/armor/basic_armor.png,0,1,16,16,,隔断符，无意义
equipment/equip/armor/basic_armor.png,1,1,16,16,,隔断符，无意义
equipment/equip/armor/basic_armor.png,2,1,16,16,,隔断符，无意义
equipment/equip/armor/basic_armor.png,3,1,16,16,,隔断符，无意义
equipment/equip/armor/basic_armor.png,4,1,16,16,,隔断符，无意义
equipment/equip/armor/basic_armor.png,5,1,16,16,,隔断符，无意义
equipment/equip/armor/basic_armor.png,6,1,16,16,,隔断符，无意义
equipment/equip/armor/basic_armor.png,7,1,16,16,,隔断符，无意义
equipment/equip/armor/basic_armor.png,8,1,16,16,,隔断符，无意义
equipment/equip/armor/basic_armor.png,9,1,16,16,,隔断符，无意义
equipment/equip/armor/basic_armor.png,10,1,16,16,,隔断符，无意义
equipment/equip/armor/basic_armor.png,11,1,16,16,,隔断符，无意义
equipment/equip/armor/basic_armor.png,12,1,16,16,,隔断符，无意义
equipment/equip/armor/basic_armor.png,13,1,16,16,,隔断符，无意义
equipment/equip/armor/basic_armor.png,14,1,16,16,,隔断符，无意义
equipment/equip/armor/basic_armor.png,15,1,16,16,,隔断符，无意义
equipment/equip/armor/basic_armor.png,0,2,11,12,,背心
equipment/equip/armor/basic_armor.png,1,2,14,13,,橡胶衣
equipment/equip/armor/basic_armor.png,2,2,14,13,,光碟甲
equipment/equip/armor/basic_armor.png,3,2,14,12,,泡沫衣
equipment/equip/armor/basic_armor.png,4,2,14,11,,厚胶衣
equipment/equip/armor/basic_armor.png,5,2,8,12,,幻影护甲
equipment/equip/armor/basic_armor.png,0,3,15,12,,木甲
equipment/equip/armor/basic_armor.png,1,3,14,13,,陶瓷甲
equipment/equip/armor/basic_armor.png,2,3,14,13,,石甲
equipment/equip/armor/basic_armor.png,3,3,14,12,,厚锁链甲
equipment/equip/armor/basic_armor.png,4,3,14,11,,厚麟甲
equipment/equip/armor/basic_armor.png,5,3,16,13,,外骨骼机甲
equipment/equip/armor/basic_armor.png,0,4,15,13,,法衣
equipment/equip/armor/basic_armor.png,1,4,14,13,,兽皮法袍
equipment/equip/armor/basic_armor.png,2,4,14,13,,魔核法袍
equipment/equip/armor/basic_armor.png,3,4,14,13,,锁链法袍
equipment/equip/armor/basic_armor.png,4,4,14,13,,龙皮法袍
equipment/equip/armor/basic_armor.png,5,4,14,12,,翼装甲
equipment/equip/armor/unique_armor.png,0,0,14,16,,毛巾
equipment/equip/armor/unique_armor.png,1,0,15,8,,眼镜
equipment/equip/armor/unique_armor.png,2,0,10,14,,鲨鱼睡衣
equipment/equip/armor/unique_armor.png,3,0,14,13,,活性护甲
equipment/equip/armor/unique_armor.png,4,0,16,16,armor/SPS_BUNNY_ARMOR#0,
equipment/equip/weapon/basic_weapon.png,0,0,13,13,weapons/WORN_SHORTSWORD#0,
equipment/equip/weapon/basic_weapon.png,1,0,13,14,foods/RAPIER#0,
equipment/equip/weapon/basic_weapon.png,2,0,12,13,weapons/DAGGER#0,
equipment/equip/weapon/basic_weapon.png,3,0,15,14,,老法杖
equipment/equip/weapon/basic_weapon.png,4,0,12,15,,镶钉手套
equipment/equip/weapon/basic_weapon.png,5,0,15,10,,指虎
equipment/equip/weapon/basic_weapon.png,6,0,16,16,,隔断符，无意义
equipment/equip/weapon/basic_weapon.png,7,0,14,16,,魔纹词典
equipment/equip/weapon/basic_weapon.png,8,0,14,13,,对剑
equipment/equip/weapon/basic_weapon.png,9,0,14,14,,爪套
equipment/equip/weapon/basic_weapon.png,10,0,14,15,,双截棍
equipment/equip/weapon/basic_weapon.png,11,0,16,16,weapons/QUARTERSTAFF#0,
equipment/equip/weapon/basic_weapon.png,12,0,16,16,weapons/SPS_WEP_CLUB#0,
equipment/equip/weapon/basic_weapon.png,13,0,16,16,,迅捷剑
equipment/equip/weapon/basic_weapon.png,14,0,16,16,misc/SPS_TEKKO_KAGI#0,
equipment/equip/weapon/basic_weapon.png,0,1,13,13,weapons/SHORTSWORD#0,
equipment/equip/weapon/basic_weapon.png,1,1,12,14,weapons/HAND_AXE#0,
equipment/equip/weapon/basic_weapon.png,2,1,16,16,weapons/SPEAR#0,
equipment/equip/weapon/basic_weapon.png,3,1,16,16,weapons/SPS_WEP_SPEAR#0,
equipment/equip/weapon/basic_weapon.png,4,1,13,14,misc/DIRK#0,
equipment/equip/weapon/basic_weapon.png,5,1,15,15,misc/SICKLE#0,
equipment/equip/weapon/basic_weapon.png,6,1,16,16,,隔断符，无意义
equipment/equip/weapon/basic_weapon.png,7,1,16,13,,三角铁
equipment/equip/weapon/basic_weapon.png,8,1,6,16,,笛子
equipment/equip/weapon/basic_weapon.png,9,1,14,13,,战鼓
equipment/equip/weapon/basic_weapon.png,10,1,12,14,,号角
equipment/equip/weapon/basic_weapon.png,11,1,15,14,,竖琴
equipment/equip/weapon/basic_weapon.png,12,1,16,16,weapons/LEGACY_WOODEN_STAFF#0,
equipment/equip/weapon/basic_weapon.png,13,1,14,14,,魔力粉尘
equipment/equip/weapon/basic_weapon.png,14,1,15,15,,转经轮
equipment/equip/weapon/basic_weapon.png,15,1,11,16,,圣水
equipment/equip/weapon/basic_weapon.png,16,1,14,16,,持镜人偶
equipment/equip/weapon/basic_weapon.png,17,1,11,15,,风之葫芦
equipment/equip/weapon/basic_weapon.png,18,1,15,16,,神灯拳
equipment/equip/weapon/basic_weapon.png,19,1,15,16,,血刃
equipment/equip/weapon/basic_weapon.png,20,1,14,14,,附魔斧刃
equipment/equip/weapon/basic_weapon.png,21,1,16,16,misc/SPS_NINJA_FAN#0,
equipment/equip/weapon/basic_weapon.png,22,1,13,15,,导师套装
equipment/equip/weapon/basic_weapon.png,23,1,16,15,,扇子
equipment/equip/weapon/basic_weapon.png,24,1,14,16,,篮球
equipment/equip/weapon/basic_weapon.png,0,2,14,14,weapons/SWORD#0,
equipment/equip/weapon/basic_weapon.png,1,2,15,15,weapons/MACE#0,
equipment/equip/weapon/basic_weapon.png,2,2,13,16,,弯刀
equipment/equip/weapon/basic_weapon.png,3,2,16,16,misc/ROUND_SHIELD#0,
equipment/equip/weapon/basic_weapon.png,4,2,16,16,misc/SAI#0,
equipment/equip/weapon/basic_weapon.png,5,2,14,14,weapons/WHIP#0,
equipment/equip/weapon/basic_weapon.png,6,2,16,16,,隔断符，无意义
equipment/equip/weapon/basic_weapon.png,7,2,15,16,,战戟
equipment/equip/weapon/basic_weapon.png,8,2,16,16,,骑士枪
equipment/equip/weapon/basic_weapon.png,9,2,16,16,,十字架
equipment/equip/weapon/basic_weapon.png,10,2,16,16,,拟态宝箱
equipment/equip/weapon/basic_weapon.png,11,2,16,15,,火腿与钩子
equipment/equip/weapon/basic_weapon.png,12,2,15,15,,棒棒糖
equipment/equip/weapon/basic_weapon.png,13,2,13,15,,灌篮套装
equipment/equip/weapon/basic_weapon.png,14,2,10,13,,红包
equipment/equip/weapon/basic_weapon.png,15,2,14,14,,火箭
equipment/equip/weapon/basic_weapon.png,16,2,11,16,,圣诞树
equipment/equip/weapon/basic_weapon.png,17,2,15,15,,破魔之锤
equipment/equip/weapon/basic_weapon.png,18,2,8,14,,锈蚀钥匙
equipment/equip/weapon/basic_weapon.png,19,2,9,16,,复活节雕像
equipment/equip/weapon/basic_weapon.png,20,2,15,10,,高能指虎
equipment/equip/weapon/basic_weapon.png,21,2,14,14,,万圣节南瓜
equipment/equip/weapon/basic_weapon.png,22,2,15,10,,龙舟
equipment/equip/weapon/basic_weapon.png,23,2,16,16,misc/FIRE_CRACKER#0,
equipment/equip/weapon/basic_weapon.png,24,2,14,14,,铜钱剑
equipment/equip/weapon/basic_weapon.png,0,3,15,15,weapons/LONGSWORD#0,
equipment/equip/weapon/basic_weapon.png,1,3,16,16,weapons/BATTLE_AXE#0,
equipment/equip/weapon/basic_weapon.png,2,3,14,14,weapons/FLAIL#0,
equipment/equip/weapon/basic_weapon.png,3,3,16,16,,符文之剑
equipment/equip/weapon/basic_weapon.png,4,3,14,15,weapons/ASSASSINS_BLADE#0,
equipment/equip/weapon/basic_weapon.png,5,3,15,16,,大太刀
equipment/equip/weapon/basic_weapon.png,6,3,16,16,,隔断符，无意义
equipment/equip/weapon/basic_weapon.png,0,4,16,16,weapons/GREATSWORD#0,
equipment/equip/weapon/basic_weapon.png,1,4,16,16,weapons/WAR_HAMMER#0,
equipment/equip/weapon/basic_weapon.png,2,4,16,16,weapons/GLAIVE#0,
equipment/equip/weapon/basic_weapon.png,3,4,13,15,misc/GAUNTLETS#0,
equipment/equip/weapon/basic_weapon.png,4,4,12,16,misc/GREATSHIELD#0,
equipment/equip/weapon/basic_weapon.png,6,4,16,16,,隔断符，无意义
equipment/equip/weapon/basic_weapon.png,7,4,15,16,,巫女的御币
equipment/equip/weapon/basic_weapon.png,8,4,14,14,,皇家餐叉
equipment/equip/weapon/basic_weapon.png,0,5,14,15,weapons/WAR_SCYTHE#0,
equipment/equip/weapon/basic_weapon.png,1,5,12,16,weapons/GREATAXE#0,
equipment/equip/weapon/basic_weapon.png,6,5,16,16,,隔断符，无意义
equipment/equip/weapon/basic_weapon.png,7,5,16,16,misc/NEPTUNUS_TRIDENT#0,休克三叉水戟
equipment/equip/weapon/basic_weapon.png,8,5,14,14,,抽灵萃取长剑
equipment/equip/weapon/basic_weapon.png,9,5,15,14,,威慑落岩圆刃
equipment/equip/weapon/basic_weapon.png,10,5,14,16,,碎骨锯肉巨斧
equipment/equip/weapon/basic_weapon.png,11,5,16,14,,猛毒重型连枷
equipment/equip/weapon/basic_weapon.png,0,6,15,15,weapons/CROSSBOW#0,
equipment/equip/weapon/basic_weapon.png,6,6,16,16,,隔断符，无意义
equipment/equip/weapon/basic_weapon.png,7,6,14,14,,木弓
equipment/equip/weapon/basic_weapon.png,8,6,14,14,,破损的木弓
equipment/equip/weapon/basic_weapon.png,9,6,15,15,,复合弓
equipment/equip/weapon/basic_weapon.png,10,6,15,15,,满配复合弓
equipment/equip/weapon/basic_weapon.png,11,6,14,14,,弩
equipment/equip/weapon/basic_weapon.png,6,7,16,16,,隔断符，无意义
equipment/equip/weapon/basic_weapon.png,7,7,10,13,,手枪
equipment/equip/weapon/basic_weapon.png,8,7,12,16,,燧发枪
equipment/equip/weapon/basic_weapon.png,9,7,13,16,,机关枪
equipment/equip/weapon/basic_weapon.png,10,7,13,16,,霰弹枪
equipment/equip/weapon/basic_weapon.png,11,7,16,16,weapons/gun#4,
equipment/equip/weapon/basic_weapon.png,12,7,12,16,,药水枪
equipment/equip/weapon/basic_weapon.png,13,7,10,11,,投石索
equipment/equip/weapon/bomb.png,0,0,10,13,weapons/BOMB#0,
equipment/equip/weapon/bomb.png,1,0,14,13,weapons/DBL_BOMB#0,
equipment/equip/weapon/bomb.png,2,0,10,13,,弃用的炸弹贴图
equipment/equip/weapon/bomb.png,3,0,10,13,,弃用的炸弹贴图
equipment/equip/weapon/bomb.png,4,0,10,13,,弃用的炸弹贴图
equipment/equip/weapon/bomb.png,5,0,10,13,,弃用的炸弹贴图
equipment/equip/weapon/bomb.png,6,0,10,13,,弃用的炸弹贴图
equipment/equip/weapon/bomb.png,0,1,10,13,misc/FLASHBANG#0,
equipment/equip/weapon/bomb.png,1,1,10,13,weapons/HOLY_BOMB#0,
equipment/equip/weapon/bomb.png,2,1,10,13,weapons/WOOLY_BOMB#0,
equipment/equip/weapon/bomb.png,3,1,10,13,misc/NOISEMAKER#0,
equipment/equip/weapon/bomb.png,4,1,10,13,weapons/ARCANE_BOMB#0,
equipment/equip/weapon/bomb.png,5,1,10,13,weapons/SHRAPNEL_BOMB#0,
equipment/equip/weapon/bomb.png,6,1,10,13,weapons/SPS_HOLY_BOMB,弃用的炸弹贴图
equipment/equip/weapon/bomb.png,7,1,15,13,foods/SPS_FISHING_BOMB,
equipment/equip/weapon/bomb.png,0,2,10,9,weapons/SPS_MINI_BOMB,
equipment/equip/weapon/bomb.png,1,2,12,11,,哑火的地牢炸弹
equipment/equip/weapon/bomb.png,2,2,12,11,,地牢炸弹
equipment/equip/weapon/bomb.png,3,2,15,14,,一捆地牢炸弹
equipment/equip/weapon/bomb.png,4,2,13,12,weapons/FIRE_BOMB#0,
equipment/equip/weapon/bomb.png,5,2,13,12,weapons/FROST_BOMB#0,
equipment/equip/weapon/bomb.png,6,2,13,12,weapons/REGROWTH_BOMB#0,
equipment/equip/weapon/bomb.png,7,2,13,12,weapons/SMOKE_BOMB#0,
equipment/equip/weapon/unique_weapon.png,0,0,15,15,,海拉鲁传奇
equipment/equip/weapon/unique_weapon.png,1,0,15,16,,能量剑
equipment/equip/weapon/unique_weapon.png,2,0,15,16,,村正
equipment/equip/weapon/unique_weapon.png,3,0,14,13,,兔兔剑
equipment/equip/weapon/unique_weapon.png,4,0,16,16,,兔兔扳手
equipment/equip/weapon/unique_weapon.png,5,0,16,15,,雷切
equipment/equip/weapon/unique_weapon.png,6,0,16,16,,链锯剑
equipment/equip/weapon/unique_weapon.png,7,0,16,16,,光之法杖
equipment/equip/weapon/unique_weapon.png,0,1,16,16,weapons/LEGACY_HOLY_MACE#0,圣锤
equipment/equip/weapon/unique_weapon.png,1,1,13,16,,圣经
equipment/equip/weapon/unique_weapon.png,2,1,15,15,,史蒂夫的钻石镐
equipment/equip/weapon/unique_weapon.png,3,1,12,15,misc/TORCH#0,史蒂夫的火把
equipment/equip/weapon/unique_weapon.png,0,5,14,14,,女猎手的回旋镖
equipment/equip/weapon/unique_weapon.png,1,5,16,16,weapons/SPIRIT_BOW#0,
equipment/equip/weapon/unique_weapon.png,2,5,16,16,weapons/SPS_TAURCEN_BOW#0,
equipment/equip/weapon/unique_weapon.png,3,5,16,16,misc/MANY_KNIVE#0,
equipment/equip/weapon/unique_weapon.png,4,5,16,16,weapons/SPS_ELF_BOW#0,
equipment/equip/weapon/unique_weapon.png,5,5,14,13,,恶魔刀锋
equipment/equip/weapon/unique_weapon.png,6,5,13,7,,洛克大炮
equipment/equip/weapon/unique_weapon.png,7,5,6,6,,洛克子弹#0
equipment/equip/weapon/unique_weapon.png,8,5,10,7,,洛克子弹#1
equipment/equip/weapon/unique_weapon.png,9,5,15,14,,洛克子弹#2
equipment/equip/weapon/unique_weapon.png,10,5,14,16,,电磁霰弹枪
equipment/equip/weapon/unique_weapon.png,11,5,14,11,,彩弹枪
equipment/equip/weapon/unique_weapon.png,12,5,16,16,,强弓
equipment/equip/weapon/unique_weapon.png,13,5,16,16,,加特林
equipment/equip/weapon/unique_weapon.png,14,5,15,10,,露珠枪
equipment/jewellery/artifact.png,0,0,9,15,,暗影斗篷
equipment/jewellery/artifact.png,1,0,16,13,,盗贼袖章
equipment/jewellery/artifact.png,2,0,16,14,,荆棘斗篷
equipment/jewellery/artifact.png,3,0,15,13,,先见护符
equipment/jewellery/artifact.png,4,0,13,16,,时之沙漏
equipment/jewellery/artifact.png,5,0,15,13,,炼药工作台
equipment/jewellery/artifact.png,6,0,13,16,,无序法典
equipment/jewellery/artifact.png,7,0,15,16,,虚空锁链
equipment/jewellery/artifact.png,8,0,15,15,,丰饶号角#0
equipment/jewellery/artifact.png,9,0,15,15,,丰饶号角#1
equipment/jewellery/artifact.png,10,0,15,15,,丰饶号角#2
equipment/jewellery/artifact.png,11,0,16,16,,丰饶号角#3
equipment/jewellery/artifact.png,12,0,12,15,,鲜血圣杯#0
equipment/jewellery/artifact.png,13,0,12,15,,鲜血圣杯#1
equipment/jewellery/artifact.png,14,0,12,15,,鲜血圣杯#2
equipment/jewellery/artifact.png,15,0,16,5,,生长之靴#0
equipment/jewellery/artifact.png,16,0,16,6,,生长之靴#1
equipment/jewellery/artifact.png,17,0,16,9,,生长之靴#2
equipment/jewellery/artifact.png,18,0,16,14,,生长之靴#3
equipment/jewellery/artifact.png,19,0,8,16,artifacts/ARTIFACT_KEY#0,
equipment/jewellery/artifact.png,0,1,13,15,,幽灵玫瑰#0
equipment/jewellery/artifact.png,1,1,14,14,,幽灵玫瑰#1
equipment/jewellery/artifact.png,2,1,14,14,,幽灵玫瑰#2
equipment/jewellery/artifact.png,3,1,16,16,artifacts/ARTIFACT_BEACON#0,
equipment/jewellery/artifact.png,4,1,15,14,,便携水晶塔
equipment/jewellery/artifact.png,5,1,13,13,,机械心脏
equipment/jewellery/artifact.png,6,1,16,16,artifacts/ARTIFACT_ICE_EYE#0,
equipment/jewellery/artifact.png,7,1,12,14,,玻璃图腾
equipment/jewellery/artifact.png,8,1,16,16,misc/LEGACY_ALIEN_BAG#0,
equipment/jewellery/artifact.png,9,1,16,16,,小丑盒子
equipment/jewellery/artifact.png,10,1,16,16,,翔虫
equipment/jewellery/artifact.png,11,1,13,16,,十六夜的怀表
equipment/jewellery/artifact.png,11,2,5,1,,噪点
equipment/jewellery/artifact.png,0,3,16,15,,诅咒电话
equipment/jewellery/artifact.png,1,3,16,16,misc/LING_HEART#0,
equipment/jewellery/artifact.png,2,3,15,15,,月之钗
equipment/jewellery/artifact.png,3,3,12,12,,幸运徽章
equipment/jewellery/artifact.png,4,3,15,16,,四叶草徽章
equipment/jewellery/artifact.png,5,3,15,13,,药水认证徽章
equipment/jewellery/artifact.png,6,3,16,15,,齐姆林王冠
equipment/jewellery/artifact.png,17,3,16,14,,坚硬米饼
equipment/jewellery/artifact.png,18,3,14,15,,勇者的铁盾
equipment/jewellery/artifact.png,19,3,14,10,,不朽鱼干
equipment/jewellery/ring.png,0,0,8,10,rings/RING_HOLDER,
equipment/jewellery/ring.png,1,0,8,10,rings/RING_RUBY#0,
equipment/jewellery/ring.png,2,0,8,10,rings/RING_ELEMENTS#0,
equipment/jewellery/ring.png,3,0,8,10,rings/RING_ENERGY#0,
equipment/jewellery/ring.png,4,0,8,10,rings/RING_ONYX#0,
equipment/jewellery/ring.png,5,0,8,10,rings/RING_FORCE#0,
equipment/jewellery/ring.png,6,0,8,10,rings/RING_FUROR#0,
equipment/jewellery/ring.png,7,0,8,10,rings/RING_SAPPHIRE#0,
equipment/jewellery/ring.png,8,0,8,10,rings/RING_MIGHT#0,
equipment/jewellery/ring.png,9,0,8,10,rings/RING_SHARPSHOOT#0,
equipment/jewellery/ring.png,10,0,8,10,rings/RING_TENACITY#0,
equipment/jewellery/ring.png,11,0,8,10,rings/RING_DIAMOND#0,
equipment/jewellery/ring.png,0,2,14,10,rings/SPS_WING_RING,
equipment/non_equip.png,0,0,16,16,artifacts/LEGACY_ATTACK_SHOES#0,跳跃靴子
equipment/non_equip.png,1,0,10,14,,神圣护盾
equipment/non_equip.png,2,0,13,14,,露珠蘑菇
equipment/non_equip.png,3,0,12,12,,露珠瓶
equipment/non_equip.png,4,0,10,10,,普通露珠
equipment/non_equip.png,5,0,10,10,,黄色露珠
equipment/non_equip.png,6,0,10,13,,红色露珠
equipment/non_equip.png,7,0,10,10,,紫色露珠
equipment/non_equip.png,8,0,10,10,,绿色露珠
equipment/non_equip.png,9,0,14,11,,黄色强化精华
equipment/non_equip.png,10,0,14,11,,红色强化精华
equipment/non_equip.png,11,0,14,11,,紫色强化精华
equipment/non_equip.png,12,0,6,12,,纯净露珠水
equipment/non_equip.png,13,0,10,14,,空的精灵球
equipment/non_equip.png,14,0,10,14,,满的精灵球
equipment/non_equip.png,15,0,16,16,,紧急离线装置
equipment/non_equip.png,0,1,10,10,,神木圆盾
equipment/non_equip.png,1,1,12,14,,奇迹烧瓶
equipment/non_equip.png,2,1,16,16,misc/LEGACY_SHOVEL#0,
equipment/non_equip.png,3,1,16,12,,电磁手枪
equipment/non_equip.png,4,1,10,7,,电磁手枪子弹
equipment/non_equip.png,5,1,12,12,,隆的波动拳
equipment/non_equip.png,6,1,14,14,,信仰盒
equipment/non_equip.png,7,1,15,11,,蓄电池
equipment/non_equip.png,8,1,13,15,,金手指
equipment/non_equip.png,9,1,11,11,,蘑菇问号盒
equipment/non_equip.png,10,1,11,11,,小锤子
equipment/non_equip.png,11,1,11,14,,卡片盒
equipment/non_equip.png,12,1,13,16,,恶魔契约
equipment/non_equip.png,13,1,13,16,,混沌之契
equipment/non_equip.png,14,1,11,14,,混沌之血
equipment/non_equip.png,15,1,15,15,,仪式面具
equipment/non_equip.png,0,2,12,13,,符文骰子
equipment/non_equip.png,1,2,12,16,,堡垒旗帜
equipment/non_equip.png,2,2,16,16,misc/SPS_DICE_TOWER#0,
equipment/non_equip.png,3,2,16,11,,哆啦A梦的口袋
equipment/non_equip.png,4,2,14,16,,侦探套装
equipment/non_equip.png,5,2,14,16,,领主旗帜
equipment/non_equip.png,6,2,11,11,,医疗包
equipment/non_equip.png,7,2,13,12,,箭袋
equipment/non_equip.png,8,2,16,16,misc/SPS_SERIOUS_PUNCH#0,
equipment/non_equip.png,9,2,15,16,,通缉名单
equipment/non_equip.png,10,2,16,15,,侦测仪器
equipment/non_equip.png,11,2,13,13,,侵蚀核心
equipment/non_equip.png,12,2,14,14,,蛮族头盔
equipment/non_equip.png,13,2,16,15,,恶魔头盔
equipment/non_equip.png,14,2,14,15,,赤兔图腾
equipment/non_equip.png,15,2,12,14,,仿制露珠瓶
equipment/non_equip.png,0,5,10,12,,恶魔宝典
equipment/non_equip.png,1,5,13,16,,亡灵圣经
equipment/non_equip.png,2,5,13,16,,收集图鉴
equipment/non_equip.png,3,5,12,12,,报酬清单
equipment/non_equip.png,4,5,13,16,,森林养护指南
equipment/non_equip.png,5,5,14,16,,动物养护指南
equipment/non_equip.png,15,5,15,14,,社会升降器
equipment/non_equip.png,0,6,16,16,,战士英雄技能
equipment/non_equip.png,1,6,16,16,,法师英雄技能
equipment/non_equip.png,2,6,16,16,,盗贼英雄技能
equipment/non_equip.png,3,6,16,16,,女猎英雄技能
equipment/non_equip.png,4,6,16,16,,演员英雄技能
equipment/non_equip.png,5,6,16,16,,星兵英雄技能
equipment/non_equip.png,6,6,16,16,,信徒英雄技能
equipment/non_equip.png,7,6,16,16,armor/SPS_LIFE_ARMOR#0,
equipment/non_equip.png,14,6,14,13,,美味布丁
equipment/non_equip.png,15,6,15,15,misc/SPYGLASS#0,
equipment/non_equip.png,0,7,16,11,misc/RAT_SKULL#0,
equipment/non_equip.png,1,7,10,14,misc/PARCHMENT_SCRAP#0,
equipment/non_equip.png,2,7,9,9,seeds/PETRIFIED_SEED#0,
equipment/non_equip.png,3,7,15,13,stones/EXOTIC_CRYSTALS#0,
equipment/non_equip.png,4,7,12,11,misc/MOSSY_CLUMP#0,
equipment/non_equip.png,5,7,16,12,misc/SUNDIAL#0,
equipment/non_equip.png,6,7,11,15,misc/CLOVER#0,
equipment/non_equip.png,7,7,13,15,misc/TRAP_MECHANISM#0,
equipment/non_equip.png,8,7,8,15,misc/MIMIC_TOOTH#0,
equipment/non_equip.png,9,7,12,11,misc/WONDROUS_RESIN#0,
equipment/non_equip.png,10,7,12,12,misc/EYE_OF_NEWT#0,
equipment/non_equip.png,11,7,12,13,misc/SALT_CUBE#0,
equipment/non_equip.png,12,7,6,15,misc/BLOOD_VIAL#0,
equipment/non_equip.png,13,7,7,14,stones/OBLIVION_SHARD#0,
equipment/non_equip.png,14,7,13,15,misc/CHAOTIC_CENSER#0,
equipment/non_equip.png,15,7,16,15,misc/FERRET_TUFT#0,
equipment/wand/basic_wand.png,0,0,14,14,wands/WAND_SPS_MAGIC_MISSILE,
equipment/wand/basic_wand.png,1,0,14,14,wands/WAND_FIREBOLT#0,
equipment/wand/basic_wand.png,2,0,14,14,wands/WAND_FROST,
equipment/wand/basic_wand.png,3,0,14,14,wands/WAND_LIGHTNING,
equipment/wand/basic_wand.png,4,0,14,14,wands/WAND_DISINTEGRATION#0,
equipment/wand/basic_wand.png,5,0,16,15,wands/WAND_LIGHT,
equipment/wand/basic_wand.png,6,0,14,14,wands/WAND_WARDING#0,
equipment/wand/basic_wand.png,7,0,16,14,wands/WAND_REGROWTH,
equipment/wand/basic_wand.png,12,0,14,14,wands/WAND_SPS_ENERGY,
equipment/wand/basic_wand.png,13,0,14,14,wands/WAND_SPS_FIREBOLT,
equipment/wand/basic_wand.png,14,0,14,14,wands/WAND_SPS_FREEZE,
equipment/wand/basic_wand.png,15,0,14,14,wands/WAND_SPS_LIGHTNING,
equipment/wand/basic_wand.png,0,1,14,14,wands/WAND_POISON,
equipment/wand/basic_wand.png,1,1,14,14,wands/WAND_TRANSFUSION#0,
equipment/wand/basic_wand.png,2,1,14,14,wands/WAND_ACID,
equipment/wand/basic_wand.png,3,1,14,14,wands/WAND_LIVING_EARTH#0,
equipment/wand/basic_wand.png,4,1,14,14,wands/WAND_BLAST_WAVE#0,
equipment/wand/basic_wand.png,5,1,14,14,wands/WAND_CORRUPTION#0,
equipment/wand/basic_wand.png,6,1,14,14,wands/WAND_FLOW,
equipment/wand/basic_wand.png,7,1,14,14,wands/WAND_TCLOUD,
equipment/wand/basic_wand.png,12,1,6,1,(skip),
equipment/wand/basic_wand.png,13,1,14,14,wands/WAND_SPS_ACID,
equipment/wand/basic_wand.png,14,1,14,14,wands/WAND_SPS_LIGHT,
equipment/wand/basic_wand.png,15,1,14,14,wands/WAND_SPS_DARK,
equipment/wand/unique_wand.png,0,0,15,15,misc/LEGACY_CANNON_OF_MAGE,
ground/functional_falling.png,0,0,10,10,materials/dewdrop#0,
ground/functional_falling.png,1,0,10,10,materials/dewdrop#1,
ground/functional_falling.png,2,0,10,13,materials/dewdrop#2,
ground/functional_falling.png,3,0,10,10,materials/dewdrop#3,
ground/functional_falling.png,4,0,10,10,materials/dewdrop#4,
ground/functional_falling.png,0,1,8,8,misc/PETAL#0,
ground/functional_falling.png,1,1,10,10,misc/SANDBAG#0,
ground/functional_falling.png,2,1,11,11,weapons/SPIRIT_ARROW#0,
ground/functional_falling.png,3,1,10,10,weapons/TENGU_BOMB#0,
ground/functional_falling.png,4,1,10,10,misc/TENGU_SHOCKER#0,
ground/grounding_items.png,0,0,15,14,,普通遗骸
ground/grounding_items.png,1,0,15,14,,英雄骸骨
ground/grounding_items.png,3,0,16,15,misc/CHEST#0,
ground/grounding_items.png,4,0,16,15,misc/LOCKED_CHEST#0,
ground/grounding_items.png,5,0,16,15,stones/CRYSTAL_CHEST#0,
ground/grounding_items.png,6,0,16,14,,弃用的贴图
ground/grounding_items.png,7,0,16,14,,弃用的贴图
ground/grounding_items.png,8,0,16,14,,弃用的贴图
ground/grounding_items.png,9,0,16,14,misc/EBONY_CHEST#0,
ground/grounding_items.png,0,1,14,15,,普通墓碑
ground/grounding_items.png,1,1,14,15,,大理石墓碑
ground/grounding_items.png,0,2,14,15,misc/E_DUST#0,藏宝地
ground/grounding_items.png,1,2,14,15,,藏宝地
ground/grounding_items.png,0,3,16,16,,弃用的贴图
ground/grounding_items.png,1,3,16,15,,弃用的贴图
ground/grounding_items.png,2,3,14,15,,花盆
ground/grounding_items.png,3,3,16,15,,炼药釜
ground/grounding_items.png,4,3,16,14,,铁砧
ground/rock.png,0,0,16,15,misc/GEO_BOULDER#0,
specific/currency.png,0,0,15,13,misc/GOLD#0,
specific/currency.png,1,0,16,16,misc/ENERGY#0,
specific/currency.png,0,1,12,15,(skip),
specific/currency.png,1,1,15,15,(skip),
specific/key.png,0,0,8,14,keys/IRON_KEY,
specific/key.png,1,0,8,14,keys/GOLDEN_KEY,
specific/key.png,2,0,8,14,keys/WORN_KEY,
specific/key.png,3,0,8,14,stones/CRYSTAL_KEY,
specific/key.png,0,1,8,14,(skip),
specific/key.png,1,1,8,14,(skip),
specific/key.png,2,1,8,14,(skip),
specific/key.png,3,1,8,14,(skip),
specific/pages.png,0,0,10,11,documents/GUIDE_PAGE#0,
specific/pages.png,1,0,10,11,documents/ALCH_PAGE#0,
specific/pages.png,2,0,10,11,documents/SEWER_PAGE#0,
specific/pages.png,3,0,10,11,documents/PRISON_PAGE#0,
specific/pages.png,4,0,10,11,documents/CAVES_PAGE#0,
specific/pages.png,5,0,10,11,documents/CITY_PAGE#0,
specific/pages.png,6,0,10,11,documents/HALLS_PAGE#0,
specific/place_holder.png,0,0,16,7,misc/SPS_PH_ERROR,
specific/place_holder.png,1,0,14,14,misc/SPS_PH_WEAPON,
specific/place_holder.png,2,0,14,12,misc/SPS_PH_ARMOR,
specific/place_holder.png,3,0,14,14,wands/WAND_HOLDER#0,
specific/place_holder.png,4,0,15,15,artifacts/ARTIFACT_HOLDER#0,
specific/place_holder.png,5,0,16,11,misc/TRINKET_HOLDER#0,
specific/place_holder.png,6,0,14,11,misc/SPS_PH_FOOD,
specific/place_holder.png,7,0,14,14,misc/SPS_UI_ICON_CATALOG,
specific/place_holder.png,8,0,15,14,documents/SCROLL_HOLDER#0,
specific/place_holder.png,9,0,12,14,potions/POTION_HOLDER#0,
specific/place_holder.png,13,0,15,14,misc/MOB_HOLDER#0,
specific/place_holder.png,14,0,11,12,misc/SPS_UI_ICON_A,
specific/place_holder.png,15,0,13,10,misc/SPS_UI_ICON_B,
specific/place_holder.png,0,1,8,13,misc/SOMETHING#0,
specific/place_holder.png,1,1,14,14,misc/SPS_PH_WEAPON_BAD,
specific/place_holder.png,2,1,14,12,misc/SPS_PH_ARMOR_BAD,
specific/place_holder.png,3,1,14,14,misc/SPS_PH_WAND_BAD,
specific/place_holder.png,4,1,8,10,rings/RING_HOLDER#0,
specific/place_holder.png,6,1,15,11,foods/FOOD_HOLDER#0,
specific/place_holder.png,8,1,14,12,stones/STONE_HOLDER#0,
specific/place_holder.png,9,1,10,10,seeds/SEED_HOLDER#0,
specific/place_holder.png,13,1,14,11,misc/SPS_UI_ICON_C,
specific/place_holder.png,14,1,12,14,misc/SPS_UI_ICON_D,
specific/place_holder.png,15,1,13,14,misc/SPS_UI_ICON_E,
specific/place_holder.png,0,2,8,9,misc/SPS_PH_LOG,
specific/place_holder.png,1,2,14,14,misc/SPS_PH_WEAPON_TEST,
specific/place_holder.png,2,2,14,12,misc/SPS_PH_ARMOR_TEST,
specific/place_holder.png,3,2,14,14,misc/SPS_PH_WAND_TEST,
specific/place_holder.png,4,2,14,11,misc/SPS_PH_TRINKET,
specific/place_holder.png,6,2,10,10,misc/SPS_PH_ALCHEMY,
specific/place_holder.png,8,2,12,14,potions/ELIXIR_HOLDER#0,
specific/place_holder.png,9,2,8,16,misc/SPELL_HOLDER#0,
specific/place_holder.png,0,3,10,11,documents/DOCUMENT_HOLDER#0,
specific/place_holder.png,1,3,14,14,misc/SPS_PH_WEAPON_SPARE,
specific/place_holder.png,2,3,14,12,misc/SPS_PH_ARMOR_SPARE,
specific/place_holder.png,3,3,14,14,misc/SPS_PH_WAND_SPARE,
specific/place_holder.png,4,3,14,14,misc/SPS_PH_BADGE,
specific/place_holder.png,13,3,14,11,misc/SPS_GOLD_TO_SCOIN,
specific/place_holder.png,14,3,16,14,(skip),
specific/place_holder.png,15,3,10,9,misc/SPS_PH_BADGE_ALT,
specific/task.png,0,0,12,11,misc/TRINKET_CATA#0,
specific/task.png,1,0,13,14,,露珠蘑菇
specific/task.png,2,0,12,12,misc/CANDLE#0,
specific/task.png,3,0,12,11,misc/DUST#0,
specific/task.png,4,0,13,12,,豺狼风衣
specific/task.png,10,0,13,16,,全能之书
specific/task.png,11,0,13,16,,力量试炼
specific/task.png,12,0,13,16,,生命试炼
specific/task.png,13,0,12,11,,美味布丁
specific/task.png,14,0,14,14,,灵魂囚禁石
specific/task.png,15,0,13,15,,力量之手
specific/task.png,0,1,14,14,weapons/PICKAXE#0,
specific/task.png,1,1,15,15,misc/ORE#0,
specific/task.png,2,1,12,12,misc/TOKEN#0,
specific/task.png,3,1,12,11,misc/EMBER#0,
specific/task.png,10,1,13,16,,智慧试炼
specific/task.png,11,1,16,10,,全能三角
specific/task.png,12,1,15,15,,最终试炼
specific/task.png,13,1,16,16,misc/AMULET#0,
specific/task.png,14,1,14,14,,能量核心
specific/task.png,15,1,16,16,,最终奖杯
specific/task.png,0,2,14,15,,多利亚石板
specific/task.png,1,2,14,15,,灵魂之书
specific/task.png,2,2,12,15,,试炼之书
specific/task.png,3,2,16,16,misc/SEWER_CHALLENGE#0,
specific/task.png,4,2,16,16,,骷髅挑战
specific/task.png,5,2,16,16,misc/CAVE_CHALLENGE#0,
specific/task.png,6,2,16,16,,监狱挑战
specific/task.png,7,2,16,16,keys/POT_KEY#0,
specific/task.png,8,2,16,16,weapons/TENGU_SWORD#0,盗贼挑战
specific/task.png,0,3,10,11,,传送坐标
specific/task.png,3,3,12,16,,秘密藏宝地
specific/task.png,4,3,11,11,,魔法骷髅
specific/task.png,5,3,9,14,,带电海螺
specific/task.png,6,3,12,15,,朝廷秘奏
