group,class,cn_name,extends,refs,package,file
leaf,ActiveMrDestructo,,SpsSummonItem,1,,core/src/java/pd/items/summon/ActiveMrDestructo.java
leaf,AdamantArmor,,Item,1,,core/src/java/pd/items/AdamantArmor.java
leaf,AdamantRing,,Item,1,,core/src/java/pd/items/AdamantRing.java
leaf,AdamantWand,,Item,1,,core/src/java/pd/items/AdamantWand.java
leaf,AFlySock,,MeleeWeapon,1,,core/src/java/pd/items/equipment/weapon/melee/special/AFlySock.java
leaf,AlchemistsToolkit,,Artifact,1,,core/src/java/pd/items/equipment/artifacts/AlchemistsToolkit.java
leaf,AlloyBowN,,RangeWeapon,1,,core/src/java/pd/items/equipment/weapon/ranges/AlloyBowN.java
leaf,AlloyBowR,,RangeWeapon,1,,core/src/java/pd/items/equipment/weapon/ranges/AlloyBowR.java
leaf,AlloyBowS,,RangeWeapon,1,,core/src/java/pd/items/equipment/weapon/ranges/AlloyBowS.java
leaf,AncientCoin,,SpsBossKey,1,,core/src/java/pd/items/AncientCoin.java
leaf,Ankhshield,,Item,1,,core/src/java/pd/items/misc/Ankhshield.java
leaf,Apk931,,SellItem,1,,core/src/java/pd/items/specific/sellitem/Apk931.java
leaf,ApostleBox,,SellItem,1,,core/src/java/pd/items/specific/sellitem/ApostleBox.java
leaf,AresSword,,RelicMeleeWeapon,1,,core/src/java/pd/items/equipment/weapon/melee/relic/AresSword.java
leaf,Armor,,EquipableItem,1,,core/src/java/pd/items/equipment/armor/Armor.java
leaf,AsceticArmor,,NormalArmor,1,,core/src/java/pd/items/equipment/armor/specialarmor/AsceticArmor.java
leaf,AssassinsBlade,,NormalMeleeWeapon,1,,core/src/java/pd/items/equipment/weapon/melee/normalweapon/AssassinsBlade.java
leaf,AttackShield,,Item,1,,core/src/java/pd/items/misc/AttackShield.java
leaf,AutoPotion,,Ring,1,,core/src/java/pd/items/misc/AutoPotion.java
leaf,Bag,,Item,1,,core/src/java/pd/items/equipment/bags/Bag.java
leaf,BaseArmor,,NormalArmor,1,,core/src/java/pd/items/equipment/armor/normalarmor/BaseArmor.java
leaf,BattleAxe,,NormalMeleeWeapon,1,,core/src/java/pd/items/equipment/weapon/melee/normalweapon/BattleAxe.java
leaf,BattleFlower,,Vegetable,1,,core/src/java/pd/items/consum/food/vegetable/BattleFlower.java
leaf,BeastKnive,,NormalMeleeWeapon,1,,core/src/java/pd/items/equipment/weapon/melee/start/BeastKnive.java
leaf,Berry,,Food,1,,core/src/java/pd/items/consum/food/Berry.java
leaf,BigBattery,,Item,1,,core/src/java/pd/items/misc/BigBattery.java
leaf,BlindFruit,,MissileWeapon,1,,core/src/java/pd/items/equipment/weapon/missiles/arrows/BlindFruit.java
leaf,BlueMilk,,Pill,1,,core/src/java/pd/items/consum/medicine/BlueMilk.java
leaf,BlueNornStone,,NornStone,1,,core/src/java/pd/items/nornstone/BlueNornStone.java
leaf,Bone,,SpsBossKey,1,,core/src/java/pd/items/Bone.java
leaf,BossRush,,Item,1,,core/src/java/pd/items/BossRush.java
leaf,BottleFire,,TossWeapon,1,,core/src/java/pd/items/equipment/weapon/missiles/throwing/BottleFire.java
leaf,BraveBook,,NormalMeleeWeapon,1,,core/src/java/pd/items/equipment/weapon/melee/start/BraveBook.java
leaf,Brick,,MeleeThrowWeapon,1,,core/src/java/pd/items/equipment/weapon/missiles/meleethrow/Brick.java
leaf,BrokenHammer,,SellItem,1,,core/src/java/pd/items/specific/sellitem/BrokenHammer.java
leaf,BrokenSeal,,Item,2,,core/src/java/pd/items/BrokenSeal.java
leaf,BShovel,,Item,1,,core/src/java/pd/items/misc/BShovel.java
leaf,BugMeat,,Food,1,,core/src/java/pd/items/consum/food/BugMeat.java
leaf,BuildBomb,,Bomb,1,,core/src/java/pd/items/equipment/bombs/BuildBomb.java
leaf,BulletArmor,,NormalArmor,1,,core/src/java/pd/items/equipment/armor/normalarmor/BulletArmor.java
leaf,BunnyDagger,,NormalMeleeWeapon,1,,core/src/java/pd/items/equipment/weapon/melee/start/BunnyDagger.java
leaf,BunnySpanner,,NormalMeleeWeapon,1,,core/src/java/pd/items/equipment/weapon/melee/start/BunnySpanner.java
leaf,ButterflypetEgg,,Egg,1,,core/src/java/pd/items/consum/eggs/ButterflypetEgg.java
leaf,CallCoconut,,SpsSummonItem,1,,core/src/java/pd/items/summon/CallCoconut.java
leaf,CapeOfThorns,,Artifact,1,,core/src/java/pd/items/equipment/artifacts/CapeOfThorns.java
leaf,ChallengeBook,,ChallengeJournal,1,,core/src/java/pd/items/ChallengeBook.java
leaf,ChangeEquip,,Item,1,,core/src/java/pd/items/ChangeEquip.java
leaf,ChargrilledMeat,,Food,1,,core/src/java/pd/items/consum/food/ChargrilledMeat.java
leaf,CharmFruit,,SpsFruit,1,,core/src/java/pd/items/equipment/weapon/missiles/arrows/CharmFruit.java
leaf,ChinaMech,,SpsSummonItem,1,,core/src/java/pd/items/summon/ChinaMech.java
leaf,CityChallenge,,ChallengeList,1,,core/src/java/pd/items/specific/challengelists/CityChallenge.java
leaf,ClericArmor,,ClassArmor,1,,core/src/java/pd/items/equipment/armor/ClericArmor.java
leaf,CloakOfShadows,,Artifact,1,,core/src/java/pd/items/equipment/artifacts/CloakOfShadows.java
leaf,CocoCatEgg,,Egg,1,,core/src/java/pd/items/consum/eggs/CocoCatEgg.java
leaf,ConchShell,,SpsBossKey,1,,core/src/java/pd/items/ConchShell.java
leaf,CopyBall,,Item,2,,core/src/java/pd/items/misc/CopyBall.java
leaf,CourageChallenge,,ChallengeList,1,,core/src/java/pd/items/specific/challengelists/CourageChallenge.java
leaf,CromCruachAxe,,RelicMeleeWeapon,1,,core/src/java/pd/items/equipment/weapon/melee/relic/CromCruachAxe.java
leaf,CrossPhoto,,SellItem,1,,core/src/java/pd/items/specific/sellitem/CrossPhoto.java
leaf,Crystalnucleus,,Item,1,,core/src/java/pd/items/Crystalnucleus.java
leaf,CrystalVial,,Item,1,,core/src/java/pd/items/CrystalVial.java
leaf,Cudgel,,MeleeWeapon,1,,core/src/java/pd/items/equipment/weapon/melee/Cudgel.java
leaf,CurseBlood,,Item,1,,core/src/java/pd/items/CurseBlood.java
leaf,CurseBox,,NormalMeleeWeapon,1,,core/src/java/pd/items/equipment/weapon/melee/CurseBox.java
leaf,CursePhone,,MiscEquippable,1,,core/src/java/pd/items/misc/CursePhone.java
leaf,Dagger,,NormalMeleeWeapon,1,,core/src/java/pd/items/equipment/weapon/melee/normalweapon/Dagger.java
leaf,DanceLion,,Item,1,,core/src/java/pd/items/misc/DanceLion.java
leaf,DangerousBomb,,Bomb,1,,core/src/java/pd/items/equipment/bombs/DangerousBomb.java
leaf,DarkBomb,,Bomb,1,,core/src/java/pd/items/equipment/bombs/DarkBomb.java
leaf,Dart,,MissileWeapon,1,,core/src/java/pd/items/equipment/weapon/missiles/darts/Dart.java
leaf,DeathCap,,Pill,1,,core/src/java/pd/items/consum/medicine/DeathCap.java
leaf,DemoScroll,,Item,1,,core/src/java/pd/items/misc/DemoScroll.java
leaf,DiamondPickaxe,,NormalMeleeWeapon,1,,core/src/java/pd/items/equipment/weapon/melee/start/DiamondPickaxe.java
leaf,DiscArmor,,NormalArmor,1,,core/src/java/pd/items/equipment/armor/normalarmor/DiscArmor.java
leaf,DriedRose,,Artifact,4,,core/src/java/pd/items/equipment/artifacts/DriedRose.java
leaf,Dualknive,,NormalMeleeWeapon,1,,core/src/java/pd/items/equipment/weapon/melee/normalweapon/Dualknive.java
leaf,EarthBomb,,Bomb,1,,core/src/java/pd/items/equipment/bombs/EarthBomb.java
leaf,Earthstar,,Pill,1,,core/src/java/pd/items/consum/medicine/Earthstar.java
leaf,EleKatana,,NormalMeleeWeapon,1,,core/src/java/pd/items/equipment/weapon/melee/start/EleKatana.java
leaf,ElfBow,,Weapon,1,,core/src/java/pd/items/equipment/weapon/missiles/ElfBow.java
leaf,ElixirOfHoneyedHealing,,Elixir,1,,core/src/java/pd/items/consum/potions/elixirs/ElixirOfHoneyedHealing.java
leaf,EmpBola,,MissileWeapon,1,,core/src/java/pd/items/equipment/weapon/missiles/throwing/EmpBola.java
leaf,EmptyBody,,Item,1,,core/src/java/pd/items/EmptyBody.java
leaf,ErrorAmmo,,MissileWeapon,1,,core/src/java/pd/items/equipment/weapon/missiles/throwing/ErrorAmmo.java
leaf,ErrorArmor,,NormalArmor,1,,core/src/java/pd/items/equipment/armor/normalarmor/ErrorArmor.java
leaf,ErrorW,,MeleeWeapon,1,,core/src/java/pd/items/equipment/weapon/melee/special/ErrorW.java
leaf,EscapeKnive,,MissileWeapon,1,,core/src/java/pd/items/equipment/weapon/missiles/throwing/EscapeKnive.java
leaf,EtherealChains,,Artifact,1,,core/src/java/pd/items/equipment/artifacts/EtherealChains.java
leaf,FaithSign,,Item,1,,core/src/java/pd/items/misc/FaithSign.java
leaf,FightGloves,,NormalMeleeWeapon,1,,core/src/java/pd/items/equipment/weapon/melee/normalweapon/FightGloves.java
leaf,FishBone,,MiscEquippable,1,,core/src/java/pd/items/misc/FishBone.java
leaf,FishCracker,,Food,1,,core/src/java/pd/items/consum/food/FishCracker.java
leaf,FishingBomb,,Bomb,1,,core/src/java/pd/items/equipment/bombs/FishingBomb.java
leaf,FishPetFood,,PetFood,1,,core/src/java/pd/items/consum/food/completefood/FishPetFood.java
leaf,Flag,,Item,1,,core/src/java/pd/items/Flag.java
leaf,Foamedbeverage,,Pill,1,,core/src/java/pd/items/consum/medicine/Foamedbeverage.java
leaf,FollowerArmor,,NormalArmor,1,,core/src/java/pd/items/equipment/armor/specialarmor/FollowerArmor.java
leaf,FollowerSkill,,ClassSkill,1,,core/src/java/pd/items/skills/FollowerSkill.java
leaf,FoodFans,,CompleteFood,1,,core/src/java/pd/items/consum/food/completefood/FoodFans.java
leaf,FourClover,,Ring,1,,core/src/java/pd/items/misc/FourClover.java
leaf,FrozenCarpaccio,,Food,1,,core/src/java/pd/items/consum/food/FrozenCarpaccio.java
leaf,Fruitsalad,,CompleteFood,1,,core/src/java/pd/items/consum/food/completefood/Fruitsalad.java
leaf,FunnyFood,,MeatFood,1,,core/src/java/pd/items/consum/food/meatfood/FunnyFood.java
leaf,Garbage,,Item,1,,core/src/java/pd/items/Garbage.java
leaf,Gel,,CompleteFood,1,,core/src/java/pd/items/consum/food/completefood/Gel.java
leaf,GhostGirlRose,,MiscEquippable,1,,core/src/java/pd/items/misc/GhostGirlRose.java
leaf,Glaive,,NormalMeleeWeapon,1,,core/src/java/pd/items/equipment/weapon/melee/normalweapon/Glaive.java
leaf,GnollMark,,Item,1,,core/src/java/pd/items/misc/GnollMark.java
leaf,GoblinShield,,NormalMeleeWeapon,1,,core/src/java/pd/items/equipment/weapon/melee/block/GoblinShield.java
leaf,Goei,,SpsSpecialMeleeWeapon,1,,core/src/java/pd/items/equipment/weapon/melee/special/Goei.java
leaf,GoldBag,,Item,1,,core/src/java/pd/items/GoldBag.java
leaf,GoldenJelly,,Pill,1,,core/src/java/pd/items/consum/medicine/GoldenJelly.java
leaf,GoldenNut,,Fruit,1,,core/src/java/pd/items/consum/food/GoldenNut.java
leaf,GoldenSkeletonKey,,Key,1,,core/src/java/pd/items/specific/keys/GoldenSkeletonKey.java
leaf,GrassBook,,Item,1,,core/src/java/pd/items/misc/GrassBook.java
leaf,Greaterpill,,Pill,1,,core/src/java/pd/items/consum/medicine/Greaterpill.java
leaf,GreenNornStone,,NornStone,1,,core/src/java/pd/items/nornstone/GreenNornStone.java
leaf,GreenSpore,,Pill,1,,core/src/java/pd/items/consum/medicine/GreenSpore.java
leaf,Gsword,,NormalMeleeWeapon,1,,core/src/java/pd/items/equipment/weapon/melee/normalweapon/Gsword.java
leaf,GunOfSoldier,,Item,2,,core/src/java/pd/items/misc/GunOfSoldier.java
leaf,Halberd,,NormalMeleeWeapon,1,,core/src/java/pd/items/equipment/weapon/melee/normalweapon/Halberd.java
leaf,Handaxe,,NormalMeleeWeapon,1,,core/src/java/pd/items/equipment/weapon/melee/normalweapon/Handaxe.java
leaf,Handcannon,,MeleeWeapon,1,,core/src/java/pd/items/equipment/weapon/melee/special/Handcannon.java
leaf,HandLight,,NormalMeleeWeapon,1,,core/src/java/pd/items/equipment/weapon/melee/HandLight.java
leaf,Hardpill,,Pill,1,,core/src/java/pd/items/consum/medicine/Hardpill.java
leaf,HaroEgg,,Egg,1,,core/src/java/pd/items/consum/eggs/HaroEgg.java
leaf,Harp,,Scimitar,1,,core/src/java/pd/items/equipment/weapon/melee/fusion/Harp.java
leaf,HealBag,,Item,1,,core/src/java/pd/items/misc/HealBag.java
leaf,HealGrass,,Vegetable,1,,core/src/java/pd/items/consum/food/vegetable/HealGrass.java
leaf,Herbmeat,,CompleteFood,1,,core/src/java/pd/items/consum/food/completefood/Herbmeat.java
leaf,HolyTome,,Artifact,1,,core/src/java/pd/items/equipment/artifacts/HolyTome.java
leaf,Honey,,Food,1,,core/src/java/pd/items/consum/food/Honey.java
leaf,HoneyGel,,CompleteFood,1,,core/src/java/pd/items/consum/food/completefood/HoneyGel.java
leaf,Honeymeat,,CompleteFood,1,,core/src/java/pd/items/consum/food/completefood/Honeymeat.java
leaf,HoneyWater,,CompleteFood,1,,core/src/java/pd/items/consum/food/completefood/HoneyWater.java
leaf,HookHam,,SpsSpecialMeleeWeapon,1,,core/src/java/pd/items/equipment/weapon/melee/special/HookHam.java
leaf,HorseTotem,,MiscEquippable,1,,core/src/java/pd/items/misc/HorseTotem.java
leaf,HugeBomb,,Bomb,1,,core/src/java/pd/items/equipment/bombs/HugeBomb.java
leaf,HugeShuriken,,MeleeThrowWeapon,1,,core/src/java/pd/items/equipment/weapon/missiles/meleethrow/HugeShuriken.java
leaf,HummingTool,,SellItem,1,,core/src/java/pd/items/specific/sellitem/HummingTool.java
leaf,HuntressArmor,,NormalArmor,1,,core/src/java/pd/items/equipment/armor/specialarmor/HuntressArmor.java
leaf,HuntressArmor,,ClassArmor,1,,core/src/java/pd/items/equipment/armor/HuntressArmor.java
leaf,HuntressSkill,,ClassSkill,1,,core/src/java/pd/items/skills/HuntressSkill.java
leaf,IceBomb,,Bomb,1,,core/src/java/pd/items/equipment/bombs/IceBomb.java
leaf,IceChallenge,,ChallengeList,1,,core/src/java/pd/items/specific/challengelists/IceChallenge.java
leaf,JackOLantern,,Pill,1,,core/src/java/pd/items/consum/medicine/JackOLantern.java
leaf,JumperDancer,,SellItem,1,,core/src/java/pd/items/specific/sellitem/JumperDancer.java
leaf,JupitersWraith,,RelicMeleeWeapon,1,,core/src/java/pd/items/equipment/weapon/melee/relic/JupitersWraith.java
leaf,Katana,,MeleeWeapon,1,,core/src/java/pd/items/equipment/weapon/melee/Katana.java
leaf,KeyWeapon,,SpsSpecialMeleeWeapon,1,,core/src/java/pd/items/equipment/weapon/melee/special/KeyWeapon.java
leaf,KnowledgeBook,,Item,1,,core/src/java/pd/items/KnowledgeBook.java
leaf,Knuckles,,NormalMeleeWeapon,1,,core/src/java/pd/items/equipment/weapon/melee/normalweapon/Knuckles.java
leaf,Lance,,NormalMeleeWeapon,1,,core/src/java/pd/items/equipment/weapon/melee/normalweapon/Lance.java
leaf,LeaderFlag,,Item,1,,core/src/java/pd/items/misc/LeaderFlag.java
leaf,LightBomb,,Bomb,1,,core/src/java/pd/items/equipment/bombs/LightBomb.java
leaf,LingPotion,,Pill,1,,core/src/java/pd/items/consum/medicine/LingPotion.java
leaf,LinkSword,,NormalMeleeWeapon,1,,core/src/java/pd/items/equipment/weapon/melee/start/LinkSword.java
leaf,LokisFlail,,RelicMeleeWeapon,1,,core/src/java/pd/items/equipment/weapon/melee/relic/LokisFlail.java
leaf,LynnDoll,,TossWeapon,1,,core/src/java/pd/items/equipment/weapon/missiles/throwing/LynnDoll.java
leaf,MachineArmor,,NormalArmor,1,,core/src/java/pd/items/equipment/armor/normalarmor/MachineArmor.java
leaf,MageArmor,,ClassArmor,1,,core/src/java/pd/items/equipment/armor/MageArmor.java
leaf,MageArmor,,NormalArmor,1,,core/src/java/pd/items/equipment/armor/specialarmor/MageArmor.java
leaf,MageBook,,NormalMeleeWeapon,1,,core/src/java/pd/items/equipment/weapon/melee/normalweapon/MageBook.java
leaf,MageSkill,,ClassSkill,1,,core/src/java/pd/items/skills/MageSkill.java
leaf,MagesStaff,,MeleeWeapon,1,,core/src/java/pd/items/equipment/weapon/melee/MagesStaff.java
leaf,MagicPill,,Pill,1,,core/src/java/pd/items/consum/medicine/MagicPill.java
leaf,ManyKnive,,Weapon,1,,core/src/java/pd/items/equipment/weapon/missiles/ManyKnive.java
leaf,MasterThievesArmband,,Artifact,1,,core/src/java/pd/items/equipment/artifacts/MasterThievesArmband.java
leaf,MeatPie,,Food,1,,core/src/java/pd/items/consum/food/MeatPie.java
leaf,Meatroll,,CompleteFood,1,,core/src/java/pd/items/consum/food/completefood/Meatroll.java
leaf,MechPocket,,Item,1,,core/src/java/pd/items/misc/MechPocket.java
leaf,Mediummeat,,CompleteFood,1,,core/src/java/pd/items/consum/food/completefood/Mediummeat.java
leaf,MegaCannon,,SpsRangedWeapon,4,,core/src/java/pd/items/equipment/weapon/missiles/MegaCannon.java
leaf,MeleePan,,MeleeWeapon,1,,core/src/java/pd/items/equipment/weapon/melee/special/MeleePan.java
leaf,MetalBowN,,RangeWeapon,1,,core/src/java/pd/items/equipment/weapon/ranges/MetalBowN.java
leaf,MetalBowR,,RangeWeapon,1,,core/src/java/pd/items/equipment/weapon/ranges/MetalBowR.java
leaf,MetalBowS,,RangeWeapon,1,,core/src/java/pd/items/equipment/weapon/ranges/MetalBowS.java
leaf,MindArrow,,MissileWeapon,1,,core/src/java/pd/items/equipment/weapon/missiles/throwing/MindArrow.java
leaf,MiniMoai,,MeleeThrowWeapon,1,,core/src/java/pd/items/equipment/weapon/missiles/meleethrow/MiniMoai.java
leaf,Mirror2,,SellItem,1,,core/src/java/pd/items/specific/sellitem/Mirror2.java
leaf,MissileShield,,Item,2,,core/src/java/pd/items/misc/MissileShield.java
leaf,MitBottle,,Item,1,,core/src/java/pd/items/MitBottle.java
leaf,MixPizza,,CompleteFood,1,,core/src/java/pd/items/consum/food/completefood/MixPizza.java
leaf,MKbox,,Item,1,,core/src/java/pd/items/misc/MKbox.java
leaf,Mobile,,SpsSummonItem,1,,core/src/java/pd/items/summon/Mobile.java
leaf,MoneyBook,,TossWeapon,1,,core/src/java/pd/items/equipment/weapon/missiles/throwing/MoneyBook.java
leaf,MultiplelayerArmor,,NormalArmor,1,,core/src/java/pd/items/equipment/armor/normalarmor/MultiplelayerArmor.java
leaf,Mushroom,,Item,1,,core/src/java/pd/items/quest/Mushroom.java
leaf,Musicpill,,Pill,1,,core/src/java/pd/items/consum/medicine/Musicpill.java
leaf,NeedPaper,,Item,1,,core/src/java/pd/items/misc/NeedPaper.java
leaf,NewHome,,JournalPage,1,,core/src/java/pd/items/specific/journalpages/NewHome.java
leaf,NmHealBag,,Item,1,,core/src/java/pd/items/misc/NmHealBag.java
leaf,NoomlinCrown,,Artifact,1,,core/src/java/pd/items/equipment/artifacts/fusion/NoomlinCrown.java
leaf,NormalRation,,StapleFood,1,,core/src/java/pd/items/consum/food/staplefood/NormalRation.java
leaf,NouthSouth,,SellItem,1,,core/src/java/pd/items/specific/sellitem/NouthSouth.java
leaf,Nunchakus,,NormalMeleeWeapon,1,,core/src/java/pd/items/equipment/weapon/melee/normalweapon/Nunchakus.java
leaf,Nut,,Food,1,,core/src/java/pd/items/consum/food/fusion/Nut.java
leaf,NutFruit,,SpsFruit,1,,core/src/java/pd/items/equipment/weapon/missiles/arrows/NutFruit.java
leaf,OrangeNornStone,,NornStone,1,,core/src/java/pd/items/nornstone/OrangeNornStone.java
leaf,OrbOfZot,,Item,1,,core/src/java/pd/items/OrbOfZot.java
leaf,OverpricedRation,,StapleFood,1,,core/src/java/pd/items/consum/food/staplefood/OverpricedRation.java
leaf,Palantir,,Item,1,,core/src/java/pd/items/Palantir.java
leaf,PaperFan,,SpsSpecialMeleeWeapon,1,,core/src/java/pd/items/equipment/weapon/melee/special/PaperFan.java
leaf,Pasty,,StapleFood,6,,core/src/java/pd/items/consum/food/staplefood/Pasty.java
leaf,Pasty,,Food,4,,core/src/java/pd/items/consum/food/Pasty.java
leaf,PerfectFood,,CompleteFood,1,,core/src/java/pd/items/consum/food/completefood/PerfectFood.java
leaf,PerformerArmor,,NormalArmor,1,,core/src/java/pd/items/equipment/armor/specialarmor/PerformerArmor.java
leaf,PixelTorch,,NormalMeleeWeapon,1,,core/src/java/pd/items/equipment/weapon/melee/start/PixelTorch.java
leaf,PixieParasol,,Pill,1,,core/src/java/pd/items/consum/medicine/PixieParasol.java
leaf,PlantPotBlock,,BuildBlock,1,,core/src/java/pd/items/equipment/weapon/missiles/buildblock/PlantPotBlock.java
leaf,Playericon,,Item,1,,core/src/java/pd/items/Playericon.java
leaf,PocketBall,,Item,1,,core/src/java/pd/items/PocketBall.java
leaf,PocketBallFull,,Item,1,,core/src/java/pd/items/PocketBallFull.java
leaf,Porksoup,,CompleteFood,1,,core/src/java/pd/items/consum/food/completefood/Porksoup.java
leaf,PotionOfMage,,Item,2,,core/src/java/pd/items/misc/PotionOfMage.java
leaf,PotionOfMending,,SpsPotion,1,,core/src/java/pd/items/consum/potions/PotionOfMending.java
leaf,PotionOfMight,,SpsPotion,1,,core/src/java/pd/items/consum/potions/PotionOfMight.java
leaf,PotionOfMixing,,SpsPotion,1,,core/src/java/pd/items/consum/potions/PotionOfMixing.java
leaf,PotionOfOverHealing,,SpsPotion,1,,core/src/java/pd/items/consum/potions/PotionOfOverHealing.java
leaf,PotionOfShield,,SpsPotion,1,,core/src/java/pd/items/consum/potions/PotionOfShield.java
leaf,Powerpill,,Pill,1,,core/src/java/pd/items/consum/medicine/Powerpill.java
leaf,PPC,,Item,1,,core/src/java/pd/items/misc/PPC.java
leaf,PPC2,,Item,1,,core/src/java/pd/items/misc/PPC2.java
leaf,ProtectiveclothingArmor,,NormalArmor,1,,core/src/java/pd/items/equipment/armor/normalarmor/ProtectiveclothingArmor.java
leaf,PuddingCup,,Item,1,,core/src/java/pd/items/PuddingCup.java
leaf,Pumpkin,,MeleeWeapon,1,,core/src/java/pd/items/equipment/weapon/melee/special/Pumpkin.java
leaf,PurpleNornStone,,NornStone,1,,core/src/java/pd/items/nornstone/PurpleNornStone.java
leaf,PVCBowN,,RangeWeapon,1,,core/src/java/pd/items/equipment/weapon/ranges/PVCBowN.java
leaf,PVCBowR,,RangeWeapon,1,,core/src/java/pd/items/equipment/weapon/ranges/PVCBowR.java
leaf,PVCBowS,,RangeWeapon,1,,core/src/java/pd/items/equipment/weapon/ranges/PVCBowS.java
leaf,RainShield,,MiscEquippable,1,,core/src/java/pd/items/misc/RainShield.java
leaf,RandomEasterEgg,,Egg,1,,core/src/java/pd/items/consum/eggs/RandomEasterEgg.java
leaf,RandomEgg,,Item,1,,core/src/java/pd/items/consum/eggs/randomone/RandomEgg.java
leaf,RangeBag,,MiscEquippable,1,,core/src/java/pd/items/misc/RangeBag.java
leaf,RangePan,,RangeWeapon,1,,core/src/java/pd/items/equipment/weapon/ranges/RangePan.java
leaf,Rapier,,NormalMeleeWeapon,1,,core/src/java/pd/items/equipment/weapon/melee/normalweapon/Rapier.java
leaf,RealgarWine,,Pill,1,,core/src/java/pd/items/consum/medicine/RealgarWine.java
leaf,ReedPipe,,Whip,1,,core/src/java/pd/items/equipment/weapon/melee/fusion/ReedPipe.java
leaf,RewardPaper,,Item,1,,core/src/java/pd/items/misc/RewardPaper.java
leaf,RobotDMT,,Artifact,1,,core/src/java/pd/items/equipment/artifacts/RobotDMT.java
leaf,RockManJumpshoes,,Item,1,,core/src/java/pd/items/misc/RockManJumpshoes.java
leaf,RogueArmor,,ClassArmor,1,,core/src/java/pd/items/equipment/armor/RogueArmor.java
leaf,RogueArmor,,NormalArmor,1,,core/src/java/pd/items/equipment/armor/specialarmor/RogueArmor.java
leaf,RogueSkill,,ClassSkill,1,,core/src/java/pd/items/skills/RogueSkill.java
leaf,RubberArmor,,NormalArmor,1,,core/src/java/pd/items/equipment/armor/normalarmor/RubberArmor.java
leaf,RunicBlade,,MeleeWeapon,1,,core/src/java/pd/items/equipment/weapon/melee/special/RunicBlade.java
leaf,RunicBlade,,MeleeWeapon,1,,core/src/java/pd/items/equipment/weapon/melee/RunicBlade.java
leaf,RustybladeCat,,Item,1,,core/src/java/pd/items/summon/RustybladeCat.java
leaf,SacrificeBook,,Item,1,,core/src/java/pd/items/SacrificeBook.java
leaf,SavageHelmet,,MiscEquippable,1,,core/src/java/pd/items/misc/SavageHelmet.java
leaf,SellMushroom,,Pill,1,,core/src/java/pd/items/specific/sellitem/SellMushroom.java
leaf,SellPermit,,SellItem,1,,core/src/java/pd/items/specific/sellitem/SellPermit.java
leaf,ShadowDragonEgg,,Egg,1,,core/src/java/pd/items/consum/eggs/ShadowDragonEgg.java
leaf,ShadowEater,,MeleeWeapon,1,,core/src/java/pd/items/equipment/weapon/melee/special/ShadowEater.java
leaf,ShadowEaterKey,,Item,1,,core/src/java/pd/items/ShadowEaterKey.java
leaf,SheepFur,,SellItem,1,,core/src/java/pd/items/specific/sellitem/SheepFur.java
leaf,ShitBall,,MissileWeapon,1,,core/src/java/pd/items/equipment/weapon/missiles/ShitBall.java
leaf,ShootGun,,SpsRangedWeapon,3,,core/src/java/pd/items/equipment/weapon/missiles/ShootGun.java
leaf,Shootpill,,Pill,1,,core/src/java/pd/items/consum/medicine/Shootpill.java
leaf,ShortSword,,NormalMeleeWeapon,1,,core/src/java/pd/items/equipment/weapon/melee/normalweapon/ShortSword.java
leaf,Simple360,,SellItem,1,,core/src/java/pd/items/specific/sellitem/Simple360.java
leaf,SJRBMusic,,MeleeWeapon,1,,core/src/java/pd/items/equipment/weapon/melee/special/SJRBMusic.java
leaf,SkillOfAtk,,SkillBook,1,,core/src/java/pd/items/misc/SkillOfAtk.java
leaf,SkillOfDef,,SkillBook,1,,core/src/java/pd/items/misc/SkillOfDef.java
leaf,SkillOfMig,,SkillBook,1,,core/src/java/pd/items/misc/SkillOfMig.java
leaf,SmallChakram,,MeleeThrowWeapon,1,,core/src/java/pd/items/equipment/weapon/missiles/meleethrow/SmallChakram.java
leaf,SmallMeat,,Food,1,,core/src/java/pd/items/consum/food/SmallMeat.java
leaf,SmallRation,,Food,1,,core/src/java/pd/items/consum/food/SmallRation.java
leaf,Smashpill,,Pill,1,,core/src/java/pd/items/consum/medicine/Smashpill.java
leaf,SoldierArmor,,NormalArmor,1,,core/src/java/pd/items/equipment/armor/specialarmor/SoldierArmor.java
leaf,SpecialCoin,,Item,1,,core/src/java/pd/items/SpecialCoin.java
leaf,Spellblade,,MeleeWeapon,1,,core/src/java/pd/items/equipment/weapon/melee/Spellblade.java
leaf,SpKnuckles,,NormalMeleeWeapon,1,,core/src/java/pd/items/equipment/weapon/melee/block/SpKnuckles.java
leaf,Spork,,MeleeWeapon,1,,core/src/java/pd/items/equipment/weapon/melee/Spork.java
leaf,StoneBowN,,RangeWeapon,1,,core/src/java/pd/items/equipment/weapon/ranges/StoneBowN.java
leaf,StoneBowR,,RangeWeapon,1,,core/src/java/pd/items/equipment/weapon/ranges/StoneBowR.java
leaf,StoneBowS,,RangeWeapon,1,,core/src/java/pd/items/equipment/weapon/ranges/StoneBowS.java
leaf,StoneCross,,NormalMeleeWeapon,1,,core/src/java/pd/items/equipment/weapon/melee/StoneCross.java
leaf,StormBomb,,Bomb,1,,core/src/java/pd/items/equipment/bombs/StormBomb.java
leaf,StrBottle,,Item,1,,core/src/java/pd/items/StrBottle.java
leaf,SupplyRation,,Food,1,,core/src/java/pd/items/consum/food/SupplyRation.java
leaf,TalismanOfForesight,,Artifact,1,,core/src/java/pd/items/equipment/artifacts/TalismanOfForesight.java
leaf,Tamahawk,,MeleeThrowWeapon,1,,core/src/java/pd/items/equipment/weapon/missiles/meleethrow/Tamahawk.java
leaf,TenguKey,,SpsBossKey,1,,core/src/java/pd/items/TenguKey.java
leaf,TestArmor,,NormalArmor,1,,core/src/java/pd/items/equipment/armor/specialarmor/TestArmor.java
leaf,TestCloak,,Item,1,,core/src/java/pd/items/TestCloak.java
leaf,TestWeapon,,NormalMeleeWeapon,1,,core/src/java/pd/items/equipment/weapon/melee/special/TestWeapon.java
leaf,TimekeepersHourglass,,Artifact,1,,core/src/java/pd/items/equipment/artifacts/TimekeepersHourglass.java
leaf,TimeOclock,,Artifact,1,,core/src/java/pd/items/equipment/artifacts/TimeOclock.java
leaf,Tissue,,SellItem,1,,core/src/java/pd/items/specific/sellitem/Tissue.java
leaf,ToyGun,,GunWeapon,1,,core/src/java/pd/items/equipment/weapon/guns/ToyGun.java
leaf,TransmutationBall,,Item,1,,core/src/java/pd/items/TransmutationBall.java
leaf,TreasureMap,,Item,1,,core/src/java/pd/items/TreasureMap.java
leaf,Tree,,MeleeThrowWeapon,1,,core/src/java/pd/items/equipment/weapon/missiles/meleethrow/Tree.java
leaf,TrickSand,,NormalMeleeWeapon,1,,core/src/java/pd/items/equipment/weapon/melee/normalweapon/TrickSand.java
leaf,TrinketCatalyst,,Item,1,,core/src/java/pd/items/equipment/trinkets/TrinketCatalyst.java
leaf,Truffles,,Vegetable,1,,core/src/java/pd/items/consum/food/vegetable/Truffles.java
leaf,UnBlessAnkh,,Item,1,,core/src/java/pd/items/UnBlessAnkh.java
leaf,UndeadBook,,Item,1,,core/src/java/pd/items/misc/UndeadBook.java
leaf,UpgradeBlobRed,,UpgradeBlob,1,,core/src/java/pd/items/UpgradeBlobRed.java
leaf,UpgradeBlobViolet,,UpgradeBlob,1,,core/src/java/pd/items/UpgradeBlobViolet.java
leaf,UpgradeBlobYellow,,UpgradeBlob,1,,core/src/java/pd/items/UpgradeBlobYellow.java
leaf,UpgradeEatBall,,Item,1,,core/src/java/pd/items/UpgradeEatBall.java
leaf,Vegetableroll,,CompleteFood,1,,core/src/java/pd/items/consum/food/completefood/Vegetableroll.java
leaf,VestArmor,,NormalArmor,1,,core/src/java/pd/items/equipment/armor/normalarmor/VestArmor.java
leaf,Vialupdater,,Item,1,,core/src/java/pd/items/Vialupdater.java
leaf,VIPcard,,SellItem,1,,core/src/java/pd/items/specific/sellitem/VIPcard.java
leaf,WandOf13,,DamageWand,1,,core/src/java/pd/items/equipment/wands/WandOf13.java
leaf,WandOfBlackMeow,,Wand,1,,core/src/java/pd/items/equipment/wands/WandOfBlackMeow.java
leaf,WandOfBlood,,DamageWand,1,,core/src/java/pd/items/equipment/wands/fusion/WandOfBlood.java
leaf,WandOfCharm,,Wand,1,,core/src/java/pd/items/equipment/wands/WandOfCharm.java
leaf,WandOfCorrosion,,Wand,1,,core/src/java/pd/items/equipment/wands/WandOfCorrosion.java
leaf,WandOfDisintegration,,DamageWand,1,,core/src/java/pd/items/equipment/wands/WandOfDisintegration.java
leaf,WandOfError,,Wand,1,,core/src/java/pd/items/equipment/wands/WandOfError.java
leaf,WandOfFlock,,Wand,1,,core/src/java/pd/items/equipment/wands/WandOfFlock.java
leaf,WandOfFreeze,,DamageWand,1,,core/src/java/pd/items/equipment/wands/WandOfFreeze.java
leaf,WandOfMeteorite,,DamageWand,1,,core/src/java/pd/items/equipment/wands/WandOfMeteorite.java
leaf,WandOfPrismaticLight,,DamageWand,1,,core/src/java/pd/items/equipment/wands/WandOfPrismaticLight.java
leaf,WandOfTest,,DamageWand,1,,core/src/java/pd/items/equipment/wands/WandOfTest.java
leaf,WarHammer,,NormalMeleeWeapon,1,,core/src/java/pd/items/equipment/weapon/melee/normalweapon/WarHammer.java
leaf,WarriorArmor,,NormalArmor,1,,core/src/java/pd/items/equipment/armor/specialarmor/WarriorArmor.java
leaf,WarriorArmor,,ClassArmor,1,,core/src/java/pd/items/equipment/armor/WarriorArmor.java
leaf,WarriorSkill,,ClassSkill,1,,core/src/java/pd/items/skills/WarriorSkill.java
leaf,Waterskin,,Item,1,,core/src/java/pd/items/Waterskin.java
leaf,Wave,,MissileWeapon,1,,core/src/java/pd/items/equipment/weapon/missiles/throwing/Wave.java
leaf,Weightstone,,Item,1,,core/src/java/pd/items/Weightstone.java
leaf,Whisk,,NormalMeleeWeapon,1,,core/src/java/pd/items/equipment/weapon/melee/start/Whisk.java
leaf,WraithBreath,,SpsSpecialMeleeWeapon,1,,core/src/java/pd/items/equipment/weapon/melee/special/WraithBreath.java
leaf,XiXiBox,,MeleeWeapon,1,,core/src/java/pd/items/equipment/weapon/melee/special/XiXiBox.java
leaf,XSaber,,NormalMeleeWeapon,1,,core/src/java/pd/items/equipment/weapon/melee/start/XSaber.java
leaf,YearFood,,CompleteFood,1,,core/src/java/pd/items/consum/food/completefood/YearFood.java
leaf,YearPetEgg,,Egg,1,,core/src/java/pd/items/consum/eggs/YearPetEgg.java
leaf,YellowNornStone,,NornStone,1,,core/src/java/pd/items/nornstone/YellowNornStone.java
mid,ChallengeJournal,,Item,1,,core/src/java/pd/items/quest/ChallengeJournal.java
mid,Egg,,Item,1,,core/src/java/pd/items/consum/eggs/Egg.java
mid,Food,,Item,1,,core/src/java/pd/items/consum/food/Food.java
mid,Fruit,,Food,1,,core/src/java/pd/items/consum/food/fruit/Fruit.java
mid,GunWeapon,,SpsRangedWeapon,1,,core/src/java/pd/items/equipment/weapon/guns/GunWeapon.java
mid,Item,,,1,,core/src/java/pd/items/Item.java
mid,JournalPage,,Item,1,,core/src/java/pd/items/specific/journalpages/JournalPage.java
mid,MissileWeapon,,Weapon,1,,core/src/java/pd/items/equipment/weapon/missiles/MissileWeapon.java
mid,NornStone,,Item,1,,core/src/java/pd/items/nornstone/NornStone.java
mid,Ring,,KindofMisc,2,,core/src/java/pd/items/equipment/rings/Ring.java
mid,Scimitar,,NormalMeleeWeapon,1,,core/src/java/pd/items/equipment/weapon/melee/normalweapon/Scimitar.java
mid,StapleFood,,Food,1,,core/src/java/pd/items/consum/food/staplefood/StapleFood.java
mid,Vegetable,,Food,1,,core/src/java/pd/items/consum/food/vegetable/Vegetable.java
mid,Whip,,NormalMeleeWeapon,1,,core/src/java/pd/items/equipment/weapon/melee/normalweapon/Whip.java
abstract,ChallengeReward,,Item,1,,core/src/java/pd/items/specific/reward/ChallengeReward.java
abstract,RandomPetEgg,,Egg,1,,core/src/java/pd/items/consum/eggs/randomone/RandomPetEgg.java
abstract,RangeWeapon,,SpsRangedWeapon,1,,core/src/java/pd/items/equipment/weapon/ranges/RangeWeapon.java
abstract,RockCode,,Item,1,,core/src/java/pd/items/equipment/weapon/rockcode/RockCode.java
abstract,Scroll,,Item,15,,core/src/java/pd/items/consum/scrolls/Scroll.java
