id,dict,const,atlas,x,y,w,h
6306,ConsumFoodFoodDict,SMALL_RATION_PACK,sprites/items/consum/food/food.png,1,3,14,11
6307,ConsumFoodFoodDict,RATION_PACK,sprites/items/consum/food/food.png,16,2,16,12
6308,ConsumFoodFoodDict,MEAR_PIE,sprites/items/consum/food/food.png,32,3,16,11
6309,ConsumFoodFoodDict,WHOLE_MEAT_PANCAKE,sprites/items/consum/food/food.png,48,2,16,12
6310,ConsumFoodFoodDict,RICE_FOOD,sprites/items/consum/food/food.png,65,3,14,11
6311,ConsumFoodFoodDict,RICE_GRUEL,sprites/items/consum/food/food.png,82,3,12,11
6312,ConsumFoodFoodDict,PUMPKIN_PIE,sprites/items/consum/food/food.png,97,3,14,11
6313,ConsumFoodFoodDict,PIZZA,sprites/items/consum/food/food.png,113,2,15,12
6314,ConsumFoodFoodDict,MOON_CAKE,sprites/items/consum/food/food.png,129,2,14,12
6315,ConsumFoodFoodDict,HAMBURGER,sprites/items/consum/food/food.png,144,1,16,14
6316,ConsumFoodFoodDict,HEARTY_MEAL,sprites/items/consum/food/food.png,161,5,14,9
6317,ConsumFoodFoodDict,SOUP_DUMPLING,sprites/items/consum/food/food.png,177,0,14,16
6318,ConsumFoodFoodDict,SLIME_RICE,sprites/items/consum/food/food.png,193,3,14,11
6319,ConsumFoodFoodDict,PATCHOULI_PIE,sprites/items/consum/food/food.png,209,3,14,11
6320,ConsumFoodFoodDict,SUMMER_HOMEWORK,sprites/items/consum/food/food.png,225,0,14,16
6321,ConsumFoodFoodDict,SANDWICH,sprites/items/consum/food/food.png,240,0,16,15
6322,ConsumFoodFoodDict,BONE_SOUP,sprites/items/consum/food/food.png,256,2,16,11
6323,ConsumFoodFoodDict,VEGETABLE_SOUP,sprites/items/consum/food/food.png,272,1,16,12
6324,ConsumFoodFoodDict,RAW_NUT,sprites/items/consum/food/food.png,291,3,10,10
6325,ConsumFoodFoodDict,FRENCH_FRIES,sprites/items/consum/food/food.png,306,2,12,13
6326,ConsumFoodFoodDict,AFLY_FOOD,sprites/items/consum/food/food.png,0,17,16,14
6327,ConsumFoodFoodDict,PERFECT_MEAL,sprites/items/consum/food/food.png,17,18,14,13
6328,ConsumFoodFoodDict,SPAGHETTI,sprites/items/consum/food/food.png,32,17,16,15
6329,ConsumFoodFoodDict,ZONGZI,sprites/items/consum/food/food.png,49,18,14,13
6330,ConsumFoodFoodDict,STEAMED_FISH_0,sprites/items/consum/food/food.png,64,18,16,12
6331,ConsumFoodFoodDict,FISH_LEFTOVER_0,sprites/items/consum/food/food.png,80,18,16,12
6332,ConsumFoodFoodDict,EASTER_EGG_0,sprites/items/consum/food/food.png,98,17,12,14
6333,ConsumFoodFoodDict,BIRTHDAY_CAKE,sprites/items/consum/food/food.png,113,18,14,13
6334,ConsumFoodFoodDict,HOLIDAY_CAKE,sprites/items/consum/food/food.png,129,18,14,13
6335,ConsumFoodFoodDict,BRAISED_CHICKEN,sprites/items/consum/food/food.png,0,32,16,16
6336,ConsumFoodFoodDict,SPS_TURKEY_MEAT_0,sprites/items/consum/food/food.png,16,32,16,16
6337,ConsumFoodFoodDict,CHICKENNUGGET,sprites/items/consum/food/food.png,34,33,12,15
6338,ConsumFoodFoodDict,CHICKEN_WRAP,sprites/items/consum/food/food.png,49,34,14,12
6339,ConsumFoodFoodDict,KEBAB,sprites/items/consum/food/food.png,66,34,12,12
6340,ConsumFoodFoodDict,NUT_COOKIE,sprites/items/consum/food/food.png,0,48,16,15
6341,ConsumFoodFoodDict,EASTER_EGG_CANDY,sprites/items/consum/food/food.png,18,49,11,14
6342,ConsumFoodFoodDict,CANDY_CANE_0,sprites/items/consum/food/food.png,34,48,13,16
6343,ConsumFoodFoodDict,FRUIT_CANDY,sprites/items/consum/food/food.png,48,51,15,10
6344,ConsumFoodFoodDict,CHOCOLATE,sprites/items/consum/food/food.png,66,51,12,12
6345,ConsumFoodFoodDict,FRUIT_SMOOTHIE,sprites/items/consum/food/food.png,82,49,13,15
6346,ConsumFoodFoodDict,MIXED_SODA,sprites/items/consum/food/food.png,98,49,12,14
6347,ConsumFoodFoodDict,SPARKLING_POTION_0,sprites/items/consum/food/food.png,116,48,7,16
6348,ConsumFoodFoodDict,RAINBOW_POTION_0,sprites/items/consum/food/food.png,130,49,12,14
6349,ConsumFoodFoodDict,COCKTAIL,sprites/items/consum/food/food.png,3,64,12,15
6350,ConsumFoodFoodDict,LEMONADE,sprites/items/consum/food/food.png,20,66,9,13
6351,ConsumFoodFoodDict,MINERAL_WATER,sprites/items/consum/food/food.png,37,65,7,14
6352,ConsumFoodFoodDict,REALGAR_WINE,sprites/items/consum/food/food.png,51,68,9,9
6353,ConsumFoodFoodDict,EFFERVESCENT_SODA,sprites/items/consum/food/food.png,66,65,12,14
6354,ConsumFoodFoodDict,CANNED_HONEY,sprites/items/consum/food/food.png,3,82,9,13
6355,ConsumFoodFoodDict,DILUTED_HONEY,sprites/items/consum/food/food.png,19,82,10,12
6356,ConsumFoodFoodDict,HONEY_RICE,sprites/items/consum/food/food.png,33,83,14,11
6357,ConsumFoodFoodDict,ICECREAM,sprites/items/consum/food/food.png,50,80,13,16
6358,ConsumFoodFoodDict,HONEY_ROAST_MEAT,sprites/items/consum/food/food.png,64,83,15,11
6359,ConsumFoodFoodDict,NUT_CAKE,sprites/items/consum/food/food.png,80,81,16,14
6360,ConsumFoodFoodDict,MEAT,sprites/items/consum/food/food.png,0,99,15,11
6361,ConsumFoodFoodDict,MONSTER_MEAT,sprites/items/consum/food/food.png,16,99,15,11
6362,ConsumFoodFoodDict,FROZEN_MEAT,sprites/items/consum/food/food.png,32,99,15,11
6363,ConsumFoodFoodDict,STEWED_MEAT,sprites/items/consum/food/food.png,48,99,15,11
6364,ConsumFoodFoodDict,ROAST_MEAT,sprites/items/consum/food/food.png,64,99,15,11
6365,ConsumFoodFoodDict,HERB_SAUCED_MEAT,sprites/items/consum/food/food.png,80,99,15,11
6366,ConsumFoodFoodDict,PHANTOM_MEAT,sprites/items/consum/food/food.png,96,99,15,11
6367,ConsumFoodFoodDict,BLACKBERRY,sprites/items/consum/food/food.png,2,113,12,13
6368,ConsumFoodFoodDict,CLOUDBERRY,sprites/items/consum/food/food.png,19,113,12,13
6369,ConsumFoodFoodDict,BLUEBERRY,sprites/items/consum/food/food.png,34,113,12,13
6370,ConsumFoodFoodDict,MOONBERRY,sprites/items/consum/food/food.png,51,113,12,13
6371,ConsumFoodFoodDict,FULLMOONBERRY,sprites/items/consum/food/food.png,67,113,12,13
6372,ConsumFoodFoodDict,BLANDFRUIT,sprites/items/consum/food/food.png,0,128,9,12
6373,ConsumFoodFoodDict,BLAND_CHUNKS,sprites/items/consum/food/food.png,16,128,14,6
6374,ConsumFoodFoodDict,PINK_BRICK,sprites/items/consum/food/food.png,1,164,14,9
6375,ConsumFoodFoodDict,PINK_FISH,sprites/items/consum/food/food.png,18,165,12,7
6376,ConsumFoodFoodDict,BLUE_FISH,sprites/items/consum/food/food.png,34,165,12,7
6377,ConsumFoodFoodDict,FUNNY_PARASITE,sprites/items/consum/food/food.png,256,161,15,15
6378,ConsumFoodFoodDict,STRAWBERRY,sprites/items/consum/food/food.png,275,162,10,13
6379,ConsumFoodFoodDict,CHERRY,sprites/items/consum/food/food.png,289,161,14,14
6380,ConsumFoodFoodDict,AUTHOR_NUT,sprites/items/consum/food/food.png,306,161,13,14
6381,ConsumGoodsMaterialsGoodsDict,RAT_SKULL_0,sprites/items/consum/goods_materials/goods.png,0,2,16,11
6382,ConsumGoodsMaterialsGoodsDict,BOTTLE_FLOWER,sprites/items/consum/goods_materials/goods.png,17,0,15,15
6383,ConsumGoodsMaterialsGoodsDict,WHITE_SOCK,sprites/items/consum/goods_materials/goods.png,33,2,14,12
6384,ConsumGoodsMaterialsGoodsDict,TEST_SUBJECT,sprites/items/consum/goods_materials/goods.png,49,1,14,14
6385,ConsumGoodsMaterialsGoodsDict,FLYER,sprites/items/consum/goods_materials/goods.png,68,1,9,12
6386,ConsumGoodsMaterialsGoodsDict,BROKEN_CROSSBOW,sprites/items/consum/goods_materials/goods.png,82,3,12,12
6387,ConsumGoodsMaterialsGoodsDict,SWITCH_CONSOLE,sprites/items/consum/goods_materials/goods.png,98,3,12,9
6388,ConsumGoodsMaterialsGoodsDict,EXTERNAL_TEST_CODE,sprites/items/consum/goods_materials/goods.png,114,2,12,13
6389,ConsumGoodsMaterialsGoodsDict,ERROR_IMAGE,sprites/items/consum/goods_materials/goods.png,128,2,16,14
6390,ConsumGoodsMaterialsGoodsDict,SPROUTING_TROPHY,sprites/items/consum/goods_materials/goods.png,147,1,10,14
6391,ConsumGoodsMaterialsGoodsDict,EXCLUSIVE_COLLECTION,sprites/items/consum/goods_materials/goods.png,160,1,16,13
6392,ConsumGoodsMaterialsGoodsDict,BROKEN_REAGENT,sprites/items/consum/goods_materials/goods.png,178,2,12,12
6393,ConsumGoodsMaterialsGoodsDict,FLAME_IN_BOTTLE,sprites/items/consum/goods_materials/goods.png,194,2,12,13
6394,ConsumGoodsMaterialsGoodsDict,UNCLE_DUMBBELL,sprites/items/consum/goods_materials/goods.png,209,3,14,10
6395,ConsumGoodsMaterialsGoodsDict,HUMMINGBIRD_OPENER,sprites/items/consum/goods_materials/goods.png,226,0,12,15
6396,ConsumGoodsMaterialsGoodsDict,MOLDY_DONUT,sprites/items/consum/goods_materials/goods.png,242,2,12,12
6397,ConsumGoodsMaterialsGoodsDict,WOODEN_FISH,sprites/items/consum/goods_materials/goods.png,2,18,12,13
6398,ConsumGoodsMaterialsGoodsDict,EARTH_CRYSTAL,sprites/items/consum/goods_materials/goods.png,18,18,12,11
6399,ConsumGoodsMaterialsGoodsDict,BLUE_CAT_TEST_CODE,sprites/items/consum/goods_materials/goods.png,32,16,16,14
6400,ConsumGoodsMaterialsGoodsDict,RED_GHOST,sprites/items/consum/goods_materials/goods.png,49,17,12,12
6401,ConsumGoodsMaterialsGoodsDict,RAINBOW_AXE_BLADE,sprites/items/consum/goods_materials/goods.png,65,17,14,14
6402,ConsumGoodsMaterialsGoodsDict,RABBIT_HEAD_DOLL,sprites/items/consum/goods_materials/goods.png,81,17,15,15
6403,ConsumGoodsMaterialsGoodsDict,RAINBOW_BOUQUET,sprites/items/consum/goods_materials/goods.png,96,17,16,15
6404,ConsumGoodsMaterialsGoodsDict,TV_GHOST,sprites/items/consum/goods_materials/goods.png,112,18,16,12
6405,ConsumGoodsMaterialsGoodsDict,DANCING_FIGURE_0,sprites/items/consum/goods_materials/goods.png,0,80,16,16
6406,ConsumGoodsMaterialsGoodsDict,DANCING_FIGURE_1,sprites/items/consum/goods_materials/goods.png,16,80,16,16
6407,ConsumGoodsMaterialsGoodsDict,DANCING_FIGURE_2,sprites/items/consum/goods_materials/goods.png,32,80,16,16
6408,ConsumGoodsMaterialsGoodsDict,DANCING_FIGURE_3,sprites/items/consum/goods_materials/goods.png,48,80,16,16
6409,ConsumGoodsMaterialsMaterialsDict,COLORLESS_ORE,sprites/items/consum/goods_materials/materials.png,4,3,8,10
6410,ConsumGoodsMaterialsMaterialsDict,GREEN_NORN_ORE,sprites/items/consum/goods_materials/materials.png,19,3,10,10
6411,ConsumGoodsMaterialsMaterialsDict,BLUE_NORN_ORE,sprites/items/consum/goods_materials/materials.png,36,3,8,10
6412,ConsumGoodsMaterialsMaterialsDict,ORANGE_NORN_ORE,sprites/items/consum/goods_materials/materials.png,51,3,10,10
6413,ConsumGoodsMaterialsMaterialsDict,PURPLE_NORN_ORE,sprites/items/consum/goods_materials/materials.png,68,3,8,10
6414,ConsumGoodsMaterialsMaterialsDict,YELLOW_NORN_ORE,sprites/items/consum/goods_materials/materials.png,82,4,11,9
6415,ConsumGoodsMaterialsMaterialsDict,WEAPON_WELD_PART,sprites/items/consum/goods_materials/materials.png,0,16,16,16
6416,ConsumGoodsMaterialsMaterialsDict,ARMOR_WELD_PART,sprites/items/consum/goods_materials/materials.png,16,17,16,14
6417,ConsumGoodsMaterialsMaterialsDict,WAND_WELD_PART,sprites/items/consum/goods_materials/materials.png,33,17,14,14
6418,ConsumGoodsMaterialsMaterialsDict,RING_WELD_PART,sprites/items/consum/goods_materials/materials.png,52,19,8,10
6419,ConsumGoodsMaterialsMaterialsDict,SCRAP,sprites/items/consum/goods_materials/materials.png,2,49,12,14
6420,ConsumGoodsMaterialsMaterialsDict,BLOB_0,sprites/items/consum/goods_materials/materials.png,16,48,10,9
6421,ConsumGoodsMaterialsMaterialsDict,SHARD_0,sprites/items/consum/goods_materials/materials.png,32,48,8,10
6422,ConsumGoodsMaterialsMaterialsDict,ESCAPE_0,sprites/items/consum/goods_materials/materials.png,48,48,8,16
6423,ConsumGoodsMaterialsMaterialsDict,STATUE_0,sprites/items/consum/goods_materials/materials.png,64,48,10,16
6424,ConsumPotionSeedBasicPotionDict,POTION_CRIMSON_0,sprites/items/consum/potion_seed/basic_potion.png,0,0,12,14
6425,ConsumPotionSeedBasicPotionDict,POTION_HEALING_0,sprites/items/consum/potion_seed/basic_potion.png,16,0,12,14
6426,ConsumPotionSeedBasicPotionDict,POTION_MINDVIS_0,sprites/items/consum/potion_seed/basic_potion.png,32,0,12,14
6427,ConsumPotionSeedBasicPotionDict,POTION_JADE_0,sprites/items/consum/potion_seed/basic_potion.png,48,0,12,14
6428,ConsumPotionSeedBasicPotionDict,POTION_TURQUOISE_0,sprites/items/consum/potion_seed/basic_potion.png,64,0,12,14
6429,ConsumPotionSeedBasicPotionDict,POTION_AZURE_0,sprites/items/consum/potion_seed/basic_potion.png,80,0,12,14
6430,ConsumPotionSeedBasicPotionDict,POTION_INDIGO_0,sprites/items/consum/potion_seed/basic_potion.png,96,0,12,14
6431,ConsumPotionSeedBasicPotionDict,POTION_INVIS_0,sprites/items/consum/potion_seed/basic_potion.png,112,0,12,14
6432,ConsumPotionSeedBasicPotionDict,POTION_BISTRE_0,sprites/items/consum/potion_seed/basic_potion.png,128,0,12,14
6433,ConsumPotionSeedBasicPotionDict,POTION_CHARCOAL_0,sprites/items/consum/potion_seed/basic_potion.png,144,0,12,14
6434,ConsumPotionSeedBasicPotionDict,POTION_SILVER_0,sprites/items/consum/potion_seed/basic_potion.png,160,0,12,14
6435,ConsumPotionSeedBasicPotionDict,POTION_EXP_0,sprites/items/consum/potion_seed/basic_potion.png,176,0,12,14
6436,ConsumPotionSeedBasicPotionDict,LIQUID_METAL_0,sprites/items/consum/potion_seed/basic_potion.png,192,0,8,15
6437,ConsumPotionSeedBasicPotionDict,STRENGTH_BOTTLE,sprites/items/consum/potion_seed/basic_potion.png,244,2,9,12
6438,ConsumPotionSeedBasicPotionDict,POTION_MASTERY_0,sprites/items/consum/potion_seed/basic_potion.png,0,16,12,13
6439,ConsumPotionSeedBasicPotionDict,POTION_SHIELDING_0,sprites/items/consum/potion_seed/basic_potion.png,16,16,12,13
6440,ConsumPotionSeedBasicPotionDict,POTION_MAGISIGHT_0,sprites/items/consum/potion_seed/basic_potion.png,32,16,12,13
6441,ConsumPotionSeedBasicPotionDict,POTION_SNAPFREEZ_0,sprites/items/consum/potion_seed/basic_potion.png,48,16,12,13
6442,ConsumPotionSeedBasicPotionDict,EXOTIC_TURQUOISE_0,sprites/items/consum/potion_seed/basic_potion.png,64,16,12,13
6443,ConsumPotionSeedBasicPotionDict,POTION_CORROGAS_0,sprites/items/consum/potion_seed/basic_potion.png,80,16,12,13
6444,ConsumPotionSeedBasicPotionDict,POTION_STAMINA_0,sprites/items/consum/potion_seed/basic_potion.png,96,16,12,13
6445,ConsumPotionSeedBasicPotionDict,POTION_SHROUDFOG_0,sprites/items/consum/potion_seed/basic_potion.png,112,16,12,13
6446,ConsumPotionSeedBasicPotionDict,EXOTIC_BISTRE_0,sprites/items/consum/potion_seed/basic_potion.png,128,16,12,13
6447,ConsumPotionSeedBasicPotionDict,POTION_EARTHARMR_0,sprites/items/consum/potion_seed/basic_potion.png,144,16,12,13
6448,ConsumPotionSeedBasicPotionDict,POTION_CLEANSE_0,sprites/items/consum/potion_seed/basic_potion.png,160,16,12,13
6449,ConsumPotionSeedBasicPotionDict,EXOTIC_IVORY_0,sprites/items/consum/potion_seed/basic_potion.png,176,16,12,13
6450,ConsumPotionSeedBasicPotionDict,BREW_UNSTABLE_0,sprites/items/consum/potion_seed/basic_potion.png,192,16,11,13
6451,ConsumPotionSeedBasicPotionDict,ALCHEMY_FLUX,sprites/items/consum/potion_seed/basic_potion.png,245,17,6,15
6452,ConsumPotionSeedBasicPotionDict,FIRE_PHOSPHORUS_FRUIT,sprites/items/consum/potion_seed/basic_potion.png,2,34,12,13
6453,ConsumPotionSeedBasicPotionDict,EARTH_RIFT_FRUIT,sprites/items/consum/potion_seed/basic_potion.png,16,33,16,15
6454,ConsumPotionSeedBasicPotionDict,DEW_FUNGUS_SPORE,sprites/items/consum/potion_seed/basic_potion.png,35,37,12,9
6455,ConsumPotionSeedBasicPotionDict,POISON_MUSHROOM,sprites/items/consum/potion_seed/basic_potion.png,50,35,11,12
6456,ConsumPotionSeedBasicPotionDict,MONOCHROME_BLOCK,sprites/items/consum/potion_seed/basic_potion.png,67,35,11,12
6457,ConsumPotionSeedBasicPotionDict,LETHAL_FUNGUS,sprites/items/consum/potion_seed/basic_potion.png,82,36,12,11
6458,ConsumPotionSeedBasicPotionDict,BLUE_CAP_MUSHROOM,sprites/items/consum/potion_seed/basic_potion.png,97,35,12,12
6459,ConsumPotionSeedBasicPotionDict,PILL,sprites/items/consum/potion_seed/basic_potion.png,115,34,11,11
6460,ConsumPotionSeedBasicPotionDict,BREW_INFERNAL_0,sprites/items/consum/potion_seed/basic_potion.png,48,48,11,13
6461,ConsumPotionSeedBasicPotionDict,BREW_BLIZZARD_0,sprites/items/consum/potion_seed/basic_potion.png,64,48,11,13
6462,ConsumPotionSeedBasicPotionDict,BREW_SHOCKING_0,sprites/items/consum/potion_seed/basic_potion.png,80,48,12,14
6463,ConsumPotionSeedBasicPotionDict,BREW_CAUSTIC_0,sprites/items/consum/potion_seed/basic_potion.png,96,48,12,14
6464,ConsumPotionSeedBasicPotionDict,BREW_AQUA_0,sprites/items/consum/potion_seed/basic_potion.png,112,48,9,11
6465,ConsumPotionSeedBasicPotionDict,BREW_LEFT,sprites/items/consum/potion_seed/basic_potion.png,128,48,12,14
6466,ConsumPotionSeedBasicPotionDict,ELIXIR_AQUA_0,sprites/items/consum/potion_seed/basic_potion.png,144,48,12,14
6467,ConsumPotionSeedBasicPotionDict,ELIXIR_MIGHT_0,sprites/items/consum/potion_seed/basic_potion.png,160,48,12,14
6468,ConsumPotionSeedBasicPotionDict,ELIXIR_DRAGON_0,sprites/items/consum/potion_seed/basic_potion.png,176,48,12,14
6469,ConsumPotionSeedBasicPotionDict,ELIXIR_TOXIC_0,sprites/items/consum/potion_seed/basic_potion.png,192,48,12,14
6470,ConsumPotionSeedBasicPotionDict,ELIXIR_ICY_0,sprites/items/consum/potion_seed/basic_potion.png,208,48,12,14
6471,ConsumPotionSeedBasicPotionDict,ELIXIR_ARCANE_0,sprites/items/consum/potion_seed/basic_potion.png,224,48,12,14
6472,ConsumPotionSeedBasicPotionDict,ELIXIR_FEATHER_0,sprites/items/consum/potion_seed/basic_potion.png,240,48,12,14
6473,ConsumPotionSeedSeedDict,SEED_ROT_BERRY,sprites/items/consum/potion_seed/seed.png,3,3,10,10
6474,ConsumPotionSeedSeedDict,SEED_FIREBLOOM,sprites/items/consum/potion_seed/seed.png,19,3,10,10
6475,ConsumPotionSeedSeedDict,SEED_SWIFTTHISTLE,sprites/items/consum/potion_seed/seed.png,35,3,10,10
6476,ConsumPotionSeedSeedDict,SEED_SUNGRASS,sprites/items/consum/potion_seed/seed.png,51,3,10,10
6477,ConsumPotionSeedSeedDict,SEED_ICECAP,sprites/items/consum/potion_seed/seed.png,67,3,10,10
6478,ConsumPotionSeedSeedDict,SEED_STORMVINE,sprites/items/consum/potion_seed/seed.png,83,3,10,10
6479,ConsumPotionSeedSeedDict,SEED_SORROWMOSS_0,sprites/items/consum/potion_seed/seed.png,99,3,10,10
6480,ConsumPotionSeedSeedDict,SEED_MAGEROYAL_0,sprites/items/consum/potion_seed/seed.png,115,3,10,10
6481,ConsumPotionSeedSeedDict,SEED_EARTHROOT_0,sprites/items/consum/potion_seed/seed.png,131,3,10,10
6482,ConsumPotionSeedSeedDict,SEED_BLINDWEED_0,sprites/items/consum/potion_seed/seed.png,147,3,10,10
6483,ConsumPotionSeedSeedDict,SEED_FADELEAF_0,sprites/items/consum/potion_seed/seed.png,163,3,10,10
6484,ConsumPotionSeedSeedDict,SEED_STARFLOWER_0,sprites/items/consum/potion_seed/seed.png,179,3,10,10
6485,ConsumPotionSeedSeedDict,SEED_NUTVINE,sprites/items/consum/potion_seed/seed.png,195,3,10,10
6486,ConsumPotionSeedSeedDict,SEED_STAREATER,sprites/items/consum/potion_seed/seed.png,211,3,10,10
6487,ConsumPotionSeedSeedDict,SEED_TRANSMUTE_CAGE,sprites/items/consum/potion_seed/seed.png,227,3,10,10
6488,ConsumPotionSeedSeedDict,SEED_QUARTZFLOWER,sprites/items/consum/potion_seed/seed.png,243,3,10,10
6489,ConsumPotionSeedSeedDict,SEED_POD,sprites/items/consum/potion_seed/seed.png,275,3,10,10
6490,ConsumPotionSeedSeedDict,DURIAN,sprites/items/consum/potion_seed/seed.png,2,35,12,9
6491,ConsumPotionSeedSeedDict,FIRE_PEPPER,sprites/items/consum/potion_seed/seed.png,17,34,14,12
6492,ConsumPotionSeedSeedDict,MARIGOLD,sprites/items/consum/potion_seed/seed.png,33,33,14,14
6493,ConsumPotionSeedSeedDict,SUNFLOWER,sprites/items/consum/potion_seed/seed.png,49,32,14,16
6494,ConsumPotionSeedSeedDict,ICE_MINT,sprites/items/consum/potion_seed/seed.png,66,35,12,12
6495,ConsumPotionSeedSeedDict,TULIP,sprites/items/consum/potion_seed/seed.png,83,32,10,16
6496,ConsumPotionSeedSeedDict,TOXIC_EGGPLANT,sprites/items/consum/potion_seed/seed.png,97,33,14,14
6497,ConsumPotionSeedSeedDict,DREAM_LEAF,sprites/items/consum/potion_seed/seed.png,114,34,13,13
6498,ConsumPotionSeedSeedDict,YAM_FLOWER,sprites/items/consum/potion_seed/seed.png,178,33,13,14
6499,ConsumPotionSeedSeedDict,NUT_VEGETABLE,sprites/items/consum/potion_seed/seed.png,194,34,11,12
6500,ConsumPotionSeedSeedDict,STAREATER_FLOWER,sprites/items/consum/potion_seed/seed.png,210,36,13,10
6501,ConsumPotionSeedSeedDict,TRANSMUTE_CAGE,sprites/items/consum/potion_seed/seed.png,228,36,10,9
6502,ConsumPotionSeedSeedDict,RED_ROSE,sprites/items/consum/potion_seed/seed.png,193,49,13,15
6503,ConsumScrollAmuletAmuletDict,STONE_AGGRESSION,sprites/items/consum/scroll_amulet/amulet.png,0,0,14,12
6504,ConsumScrollAmuletAmuletDict,STONE_AUGMENTATION_0,sprites/items/consum/scroll_amulet/amulet.png,16,0,14,12
6505,ConsumScrollAmuletAmuletDict,STONE_FEAR_0,sprites/items/consum/scroll_amulet/amulet.png,32,0,14,12
6506,ConsumScrollAmuletAmuletDict,STONE_BLAST_0,sprites/items/consum/scroll_amulet/amulet.png,48,0,14,12
6507,ConsumScrollAmuletAmuletDict,STONE_BLINK_0,sprites/items/consum/scroll_amulet/amulet.png,64,0,14,12
6508,ConsumScrollAmuletAmuletDict,STONE_CLAIRVOYANCE_0,sprites/items/consum/scroll_amulet/amulet.png,80,0,14,12
6509,ConsumScrollAmuletAmuletDict,STONE_SLEEP_0,sprites/items/consum/scroll_amulet/amulet.png,96,0,14,12
6510,ConsumScrollAmuletAmuletDict,STONE_DETECT_0,sprites/items/consum/scroll_amulet/amulet.png,112,0,14,12
6511,ConsumScrollAmuletAmuletDict,STONE_ENCHANT_0,sprites/items/consum/scroll_amulet/amulet.png,128,0,14,12
6512,ConsumScrollAmuletAmuletDict,STONE_FLOCK_0,sprites/items/consum/scroll_amulet/amulet.png,144,0,14,12
6513,ConsumScrollAmuletAmuletDict,STONE_INTUITION_0,sprites/items/consum/scroll_amulet/amulet.png,160,0,14,12
6514,ConsumScrollAmuletAmuletDict,STONE_SHOCK_0,sprites/items/consum/scroll_amulet/amulet.png,176,0,14,12
6515,ConsumScrollAmuletCrystalDict,WILD_ENERGY_0,sprites/items/consum/scroll_amulet/crystal.png,0,0,6,15
6516,ConsumScrollAmuletCrystalDict,PHASE_SHIFT_0,sprites/items/consum/scroll_amulet/crystal.png,16,0,12,10
6517,ConsumScrollAmuletCrystalDict,TELE_GRAB_0,sprites/items/consum/scroll_amulet/crystal.png,32,0,10,10
6518,ConsumScrollAmuletCrystalDict,UNSTABLE_SPELL_0,sprites/items/consum/scroll_amulet/crystal.png,48,0,12,13
6519,ConsumScrollAmuletCrystalDict,CURSE_INFUSE_0,sprites/items/consum/scroll_amulet/crystal.png,64,0,10,16
6520,ConsumScrollAmuletCrystalDict,MAGIC_INFUSE_0,sprites/items/consum/scroll_amulet/crystal.png,80,0,10,14
6521,ConsumScrollAmuletCrystalDict,ALCHEMIZE_0,sprites/items/consum/scroll_amulet/crystal.png,96,0,12,12
6522,ConsumScrollAmuletCrystalDict,RECYCLE_0,sprites/items/consum/scroll_amulet/crystal.png,112,0,12,13
6523,ConsumScrollAmuletCrystalDict,RECLAIM_TRAP_0,sprites/items/consum/scroll_amulet/crystal.png,128,0,14,11
6524,ConsumScrollAmuletCrystalDict,RETURN_BEACON_0,sprites/items/consum/scroll_amulet/crystal.png,144,0,8,16
6525,ConsumScrollAmuletCrystalDict,SUMMON_ELE_0,sprites/items/consum/scroll_amulet/crystal.png,160,0,8,16
6526,ConsumScrollAmuletCrystalDict,SUMMON_ELE_1,sprites/items/consum/scroll_amulet/crystal.png,176,0,8,16
6527,ConsumScrollAmuletCrystalDict,SUMMON_ELE_2,sprites/items/consum/scroll_amulet/crystal.png,192,0,8,16
6528,ConsumScrollAmuletCrystalDict,SUMMON_ELE_3,sprites/items/consum/scroll_amulet/crystal.png,208,0,8,16
6529,ConsumScrollAmuletCrystalDict,SUMMON_ELE_4,sprites/items/consum/scroll_amulet/crystal.png,224,0,8,16
6530,ConsumScrollAmuletScrollDict,SCROLL_ENCHANT_LEGACY,sprites/items/consum/scroll_amulet/scroll.png,1,1,15,14
6531,ConsumScrollAmuletScrollDict,EXOTIC_SOWILO_LEGACY,sprites/items/consum/scroll_amulet/scroll.png,17,1,15,14
6532,ConsumScrollAmuletScrollDict,EXOTIC_LAGUZ_LEGACY,sprites/items/consum/scroll_amulet/scroll.png,33,1,15,14
6533,ConsumScrollAmuletScrollDict,EXOTIC_YNGVI_LEGACY,sprites/items/consum/scroll_amulet/scroll.png,49,1,15,14
6534,ConsumScrollAmuletScrollDict,SCROLL_MYSTENRG_LEGACY,sprites/items/consum/scroll_amulet/scroll.png,65,1,15,14
6535,ConsumScrollAmuletScrollDict,EXOTIC_RAIDO_LEGACY,sprites/items/consum/scroll_amulet/scroll.png,81,1,15,14
6536,ConsumScrollAmuletScrollDict,SCROLL_SIREN_LEGACY,sprites/items/consum/scroll_amulet/scroll.png,97,1,15,14
6537,ConsumScrollAmuletScrollDict,SCROLL_FORESIGHT_LEGACY,sprites/items/consum/scroll_amulet/scroll.png,113,1,15,14
6538,ConsumScrollAmuletScrollDict,SCROLL_CHALLENGE_LEGACY,sprites/items/consum/scroll_amulet/scroll.png,129,1,15,14
6539,ConsumScrollAmuletScrollDict,EXOTIC_BERKANAN_LEGACY,sprites/items/consum/scroll_amulet/scroll.png,145,1,15,14
6540,ConsumScrollAmuletScrollDict,SCROLL_DREAD_LEGACY,sprites/items/consum/scroll_amulet/scroll.png,161,1,15,14
6541,ConsumScrollAmuletScrollDict,SCROLL_METAMORPH_LEGACY,sprites/items/consum/scroll_amulet/scroll.png,177,1,15,14
6542,ConsumScrollAmuletScrollDict,SPS_SCROLL_A,sprites/items/consum/scroll_amulet/scroll.png,193,1,15,14
6543,ConsumScrollAmuletScrollDict,SPS_SCROLL_B,sprites/items/consum/scroll_amulet/scroll.png,209,1,15,14
6544,ConsumScrollAmuletScrollDict,SPS_SCROLL_C,sprites/items/consum/scroll_amulet/scroll.png,225,1,15,14
6545,ConsumScrollAmuletScrollDict,SCROLL_ENCHANT_0,sprites/items/consum/scroll_amulet/scroll.png,0,16,15,14
6546,ConsumScrollAmuletScrollDict,EXOTIC_SOWILO_0,sprites/items/consum/scroll_amulet/scroll.png,16,16,15,14
6547,ConsumScrollAmuletScrollDict,EXOTIC_LAGUZ_0,sprites/items/consum/scroll_amulet/scroll.png,32,16,15,14
6548,ConsumScrollAmuletScrollDict,EXOTIC_YNGVI_0,sprites/items/consum/scroll_amulet/scroll.png,48,16,15,14
6549,ConsumScrollAmuletScrollDict,SCROLL_MYSTENRG_0,sprites/items/consum/scroll_amulet/scroll.png,64,16,15,14
6550,ConsumScrollAmuletScrollDict,EXOTIC_RAIDO_0,sprites/items/consum/scroll_amulet/scroll.png,80,16,15,14
6551,ConsumScrollAmuletScrollDict,SCROLL_SIREN_0,sprites/items/consum/scroll_amulet/scroll.png,96,16,15,14
6552,ConsumScrollAmuletScrollDict,SCROLL_FORESIGHT_0,sprites/items/consum/scroll_amulet/scroll.png,112,16,15,14
6553,ConsumScrollAmuletScrollDict,SCROLL_CHALLENGE_0,sprites/items/consum/scroll_amulet/scroll.png,128,16,15,14
6554,ConsumScrollAmuletScrollDict,EXOTIC_BERKANAN_0,sprites/items/consum/scroll_amulet/scroll.png,144,16,15,14
6555,ConsumScrollAmuletScrollDict,SCROLL_DREAD_0,sprites/items/consum/scroll_amulet/scroll.png,160,16,15,14
6556,ConsumScrollAmuletScrollDict,SCROLL_METAMORPH_0,sprites/items/consum/scroll_amulet/scroll.png,176,16,15,14
6557,ConsumScrollAmuletScrollDict,SCROLL_OF_PRECISION,sprites/items/consum/scroll_amulet/scroll.png,193,17,15,14
6558,ConsumScrollAmuletScrollDict,SCROLL_OF_PROTECTION,sprites/items/consum/scroll_amulet/scroll.png,209,17,15,14
6559,ConsumScrollAmuletScrollDict,SCROLL_OF_MAGIC,sprites/items/consum/scroll_amulet/scroll.png,225,17,15,14
6560,ConsumScrollAmuletScrollDict,ENCHANT_CUBE,sprites/items/consum/scroll_amulet/scroll.png,210,50,12,13
6561,ConsumScrollAmuletScrollDict,ARCANE_RESIN,sprites/items/consum/scroll_amulet/scroll.png,226,51,12,11
6562,ConsumSummorDict,RANDOM_INITIAL_SOUL,sprites/items/consum/summor.png,2,2,11,12
6563,ConsumSummorDict,RANDOM_SOUL,sprites/items/consum/summor.png,16,0,16,16
6564,ConsumSummorDict,SUMMON_TEMPLATE_1,sprites/items/consum/summor.png,32,0,16,16
6565,ConsumSummorDict,SUMMON_TEMPLATE_2,sprites/items/consum/summor.png,48,0,16,16
6566,ConsumSummorDict,SCORPION_EGG_0,sprites/items/consum/summor.png,0,16,16,16
6567,ConsumSummorDict,BLUE_GIRL_EGG_0,sprites/items/consum/summor.png,16,16,16,16
6568,ConsumSummorDict,LERY_FIRE_EGG_0,sprites/items/consum/summor.png,32,16,16,16
6569,ConsumSummorDict,RED_DRAGON_EGG_0,sprites/items/consum/summor.png,48,16,16,16
6570,ConsumSummorDict,BLUE_DRAGON_EGG_0,sprites/items/consum/summor.png,64,16,16,16
6571,ConsumSummorDict,VIOLET_DRAGON_EGG_0,sprites/items/consum/summor.png,80,16,16,16
6572,ConsumSummorDict,GREEN_DRAGON_EGG_0,sprites/items/consum/summor.png,96,16,16,16
6573,ConsumSummorDict,RABBIT_PET_EGG_0,sprites/items/consum/summor.png,128,16,16,16
6574,ConsumSummorDict,VELOCIROOSTER_EGG_0,sprites/items/consum/summor.png,144,16,16,16
6575,ConsumSummorDict,BUG_DRAGON_EGG_0,sprites/items/consum/summor.png,160,16,16,16
6576,ConsumSummorDict,LIGHT_DRAGON_EGG_0,sprites/items/consum/summor.png,176,16,16,16
6577,ConsumSummorDict,GOLD_DRAGON_EGG_0,sprites/items/consum/summor.png,192,16,16,16
6578,ConsumSummorDict,AFLY_EGG_0,sprites/items/consum/summor.png,208,16,16,16
6579,ConsumSummorDict,STAR_KID_EGG_0,sprites/items/consum/summor.png,224,16,16,16
6580,ConsumSummorDict,STONE_PET_EGG_0,sprites/items/consum/summor.png,240,16,16,16
6581,ConsumSummorDict,DATURA_EGG_0,sprites/items/consum/summor.png,0,32,16,16
6582,ConsumSummorDict,DOG_PET_EGG_0,sprites/items/consum/summor.png,16,32,16,16
6583,ConsumSummorDict,DWARF_BOY_EGG_0,sprites/items/consum/summor.png,32,32,16,16
6584,ConsumSummorDict,FLY_EGG_0,sprites/items/consum/summor.png,48,32,16,16
6585,ConsumSummorDict,FOX_HELPER_EGG_0,sprites/items/consum/summor.png,64,32,16,16
6586,ConsumSummorDict,FROG_PET_EGG_0,sprites/items/consum/summor.png,80,32,16,16
6587,ConsumSummorDict,GENTLE_CRAB_EGG_0,sprites/items/consum/summor.png,96,32,16,16
6588,ConsumSummorDict,KODORA_EGG_0,sprites/items/consum/summor.png,112,32,16,16
6589,ConsumSummorDict,LIT_DEMON_EGG_0,sprites/items/consum/summor.png,128,32,16,16
6590,ConsumSummorDict,MONKEY_EGG_0,sprites/items/consum/summor.png,144,32,16,16
6591,ConsumSummorDict,PIG_PET_EGG_0,sprites/items/consum/summor.png,160,32,16,16
6592,ConsumSummorDict,RIBBON_RAT_EGG_0,sprites/items/consum/summor.png,176,32,16,16
6593,ConsumSummorDict,SNAKE_PET_EGG_0,sprites/items/consum/summor.png,192,32,16,16
6594,ConsumSummorDict,SPIDER_PET_EGG_0,sprites/items/consum/summor.png,208,32,16,16
6595,ConsumSummorDict,CHOCOBO_EGG_0,sprites/items/consum/summor.png,224,32,16,16
6596,ConsumSummorDict,SOLDIER_SUMMON,sprites/items/consum/summor.png,2,48,12,16
6597,ConsumSummorDict,FAIRY_DOLL,sprites/items/consum/summor.png,18,49,12,15
6598,ConsumSummorDict,FAIRY_CARD_0,sprites/items/consum/summor.png,32,48,16,16
6599,ConsumSummorDict,DESTRUCTION_DRONE,sprites/items/consum/summor.png,48,48,15,16
6600,ConsumSummorDict,LASER_TURRET,sprites/items/consum/summor.png,64,49,15,14
6601,ConsumSummorDict,CAT_EAR_BOX,sprites/items/consum/summor.png,83,54,11,9
6602,ConsumThrowsDict,THROWING_SPIKE_0,sprites/items/consum/throws.png,3,3,11,10
6603,ConsumThrowsDict,THROWING_KNIFE_0,sprites/items/consum/throws.png,18,2,12,13
6604,ConsumThrowsDict,THROWING_STONE_0,sprites/items/consum/throws.png,34,3,12,10
6605,ConsumThrowsDict,FISHING_SPEAR_0,sprites/items/consum/throws.png,51,3,11,11
6606,ConsumThrowsDict,SHURIKEN_0,sprites/items/consum/throws.png,66,2,12,12
6607,ConsumThrowsDict,THROWING_CLUB_0,sprites/items/consum/throws.png,82,2,12,12
6608,ConsumThrowsDict,THROWING_SPEAR_0,sprites/items/consum/throws.png,98,2,13,13
6609,ConsumThrowsDict,BOLAS_0,sprites/items/consum/throws.png,112,1,15,14
6610,ConsumThrowsDict,KUNAI_0,sprites/items/consum/throws.png,128,0,15,15
6611,ConsumThrowsDict,GIANT_SHURIKEN,sprites/items/consum/throws.png,144,0,16,16
6612,ConsumThrowsDict,JAVELIN_0,sprites/items/consum/throws.png,160,0,16,16
6613,ConsumThrowsDict,TOMAHAWK_0,sprites/items/consum/throws.png,177,1,13,13
6614,ConsumThrowsDict,BOOMERANG_0,sprites/items/consum/throws.png,193,1,14,14
6615,ConsumThrowsDict,TRIDENT_0,sprites/items/consum/throws.png,208,0,16,16
6616,ConsumThrowsDict,THROWING_HAMMER_0,sprites/items/consum/throws.png,226,2,12,12
6617,ConsumThrowsDict,FORCE_CUBE_0,sprites/items/consum/throws.png,242,2,11,12
6618,ConsumThrowsDict,ESCAPE_KNIFE,sprites/items/consum/throws.png,2,18,12,12
6619,ConsumThrowsDict,SONIC_BAIT,sprites/items/consum/throws.png,17,16,14,16
6620,ConsumThrowsDict,MAGIC_HAND,sprites/items/consum/throws.png,33,17,14,14
6621,ConsumThrowsDict,ROUND_BLADE,sprites/items/consum/throws.png,49,17,14,14
6622,ConsumThrowsDict,BRICK,sprites/items/consum/throws.png,65,17,15,14
6623,ConsumThrowsDict,METAL_JAVELIN,sprites/items/consum/throws.png,81,16,15,15
6624,ConsumThrowsDict,TRAP_NET,sprites/items/consum/throws.png,97,18,14,13
6625,ConsumThrowsDict,SKULL,sprites/items/consum/throws.png,116,20,8,8
6626,ConsumThrowsDict,BATARANG,sprites/items/consum/throws.png,130,20,13,9
6627,ConsumThrowsDict,FILTH_LUMP,sprites/items/consum/throws.png,145,17,14,15
6628,ConsumThrowsDict,RICE_BALL,sprites/items/consum/throws.png,162,19,12,11
6629,ConsumThrowsDict,PSYCHIC_ARROW,sprites/items/consum/throws.png,2,34,12,12
6630,ConsumThrowsDict,HONEY_ARROW,sprites/items/consum/throws.png,18,34,12,12
6631,ConsumThrowsDict,DOOR_BLOCK_PLACER,sprites/items/consum/throws.png,0,64,16,16
6632,ConsumThrowsDict,BRICK_BLOCK_PLACER,sprites/items/consum/throws.png,16,64,16,16
6633,ConsumThrowsDict,WATER_BLOCK_PLACER,sprites/items/consum/throws.png,32,64,16,16
6634,ConsumThrowsDict,STATUE_PLACER,sprites/items/consum/throws.png,48,64,16,16
6635,ConsumThrowsDict,PLANK_PLACER,sprites/items/consum/throws.png,64,64,16,16
6636,ConsumThrowsDict,BOOKSHELF_PLACER,sprites/items/consum/throws.png,80,64,16,16
6637,ConsumThrowsDict,FLOWER_POT_PLACER,sprites/items/consum/throws.png,98,66,12,12
6638,ConsumThrowsDict,SMALL_POISON_DART,sprites/items/consum/throws.png,0,80,14,14
6639,ConsumThrowsDict,NORMAL_DART,sprites/items/consum/throws.png,16,80,15,15
6640,ConsumThrowsDict,ROT_DART_0,sprites/items/consum/throws.png,32,80,15,15
6641,ConsumThrowsDict,INCENDIARY_DART_0,sprites/items/consum/throws.png,48,80,15,15
6642,ConsumThrowsDict,ADRENALINE_DART_0,sprites/items/consum/throws.png,64,80,15,15
6643,ConsumThrowsDict,HEALING_DART_0,sprites/items/consum/throws.png,80,80,15,15
6644,ConsumThrowsDict,CHILLING_DART_0,sprites/items/consum/throws.png,96,80,15,15
6645,ConsumThrowsDict,SHOCKING_DART_0,sprites/items/consum/throws.png,112,80,15,15
6646,ConsumThrowsDict,POISON_DART_0,sprites/items/consum/throws.png,128,80,15,15
6647,ConsumThrowsDict,CLEANSING_DART_0,sprites/items/consum/throws.png,144,80,15,15
6648,ConsumThrowsDict,PARALYTIC_DART_0,sprites/items/consum/throws.png,160,80,15,15
6649,ConsumThrowsDict,HOLY_DART_0,sprites/items/consum/throws.png,176,80,15,15
6650,ConsumThrowsDict,DISPLACING_DART_0,sprites/items/consum/throws.png,192,80,15,15
6651,ConsumThrowsDict,BLINDING_DART_0,sprites/items/consum/throws.png,208,80,15,15
6652,ConsumUsefulCorpseRelicsDict,SEAL_SHARD_0,sprites/items/consum/useful/corpse_relics.png,0,0,12,12
6653,ConsumUsefulCorpseRelicsDict,BROKEN_STAFF_0,sprites/items/consum/useful/corpse_relics.png,16,0,14,10
6654,ConsumUsefulCorpseRelicsDict,CLOAK_SCRAP_0,sprites/items/consum/useful/corpse_relics.png,32,0,9,9
6655,ConsumUsefulCorpseRelicsDict,BOW_FRAGMENT_0,sprites/items/consum/useful/corpse_relics.png,48,0,12,9
6656,ConsumUsefulCorpseRelicsDict,BROKEN_HILT_0,sprites/items/consum/useful/corpse_relics.png,64,0,9,9
6657,ConsumUsefulCorpseRelicsDict,TORN_PAGE_0,sprites/items/consum/useful/corpse_relics.png,80,0,11,13
6658,ConsumUsefulCorpseRelicsDict,TRINKET_CATA_0,sprites/items/consum/useful/corpse_relics.png,96,0,12,11
6659,ConsumUsefulProcessEnhanceDict,MASK_0,sprites/items/consum/useful/process_enhance.png,0,0,11,9
6660,ConsumUsefulProcessEnhanceDict,MASTERY_0,sprites/items/consum/useful/process_enhance.png,17,0,13,16
6661,ConsumUsefulProcessEnhanceDict,KIT_0,sprites/items/consum/useful/process_enhance.png,32,0,16,15
6662,ConsumUsefulProcessEnhanceDict,CROWN_0,sprites/items/consum/useful/process_enhance.png,0,16,13,7
6663,ConsumUsefulProcessEnhanceDict,ARTIFACT_SPELLBOOK,sprites/items/consum/useful/process_enhance.png,17,16,13,16
6664,ConsumUsefulProcessEnhanceDict,ARMORKIT,sprites/items/consum/useful/process_enhance.png,34,18,12,12
6665,ConsumUsefulUsefulDict,STYLUS,sprites/items/consum/useful/useful.png,18,1,12,13
6666,ConsumUsefulUsefulDict,TORCH_0,sprites/items/consum/useful/useful.png,32,0,12,15
6667,ConsumUsefulUsefulDict,BEACON_0,sprites/items/consum/useful/useful.png,48,0,16,15
6668,ConsumUsefulUsefulDict,HONEYPOT_0,sprites/items/consum/useful/useful.png,65,2,14,12
6669,ConsumUsefulUsefulDict,SHATTPOT,sprites/items/consum/useful/useful.png,81,2,14,12
6670,ConsumUsefulUsefulDict,ANKH,sprites/items/consum/useful/useful.png,3,16,10,16
6671,ConsumUsefulUsefulDict,PET_FOOD,sprites/items/consum/useful/useful.png,65,17,13,14
6672,ConsumUsefulUsefulDict,SP_AMMO,sprites/items/consum/useful/useful.png,85,18,6,13
6673,EquipmentBagsDict,POUCH,sprites/items/equipment/bags.png,1,0,14,15
6674,EquipmentBagsDict,HOLDER,sprites/items/equipment/bags.png,16,0,16,16
6675,EquipmentBagsDict,BANDOLIER,sprites/items/equipment/bags.png,32,0,15,16
6676,EquipmentBagsDict,HOLSTER,sprites/items/equipment/bags.png,48,0,15,16
6677,EquipmentBagsDict,SPS_KEY_RING,sprites/items/equipment/bags.png,67,1,11,14
6678,EquipmentBagsDict,SHOPPING_CART_0,sprites/items/equipment/bags.png,80,0,16,16
6679,EquipmentBagsDict,SPS_ARROW_COLLECTER,sprites/items/equipment/bags.png,97,1,14,14
6680,EquipmentBagsDict,HEART_OF_SCARECROW_0,sprites/items/equipment/bags.png,112,0,16,16
6681,EquipmentBagsDict,BACKPACK_0,sprites/items/equipment/bags.png,240,0,16,16
6682,EquipmentEquipArmorBasicArmorDict,ARMOR_CLOTH_0,sprites/items/equipment/equip/armor/basic_armor.png,0,2,15,12
6683,EquipmentEquipArmorBasicArmorDict,ARMOR_LEATHER_0,sprites/items/equipment/equip/armor/basic_armor.png,17,2,14,13
6684,EquipmentEquipArmorBasicArmorDict,ARMOR_MAIL_0,sprites/items/equipment/equip/armor/basic_armor.png,33,2,14,12
6685,EquipmentEquipArmorBasicArmorDict,ARMOR_SCALE_0,sprites/items/equipment/equip/armor/basic_armor.png,49,2,14,11
6686,EquipmentEquipArmorBasicArmorDict,ARMOR_PLATE_0,sprites/items/equipment/equip/armor/basic_armor.png,66,2,12,12
6687,EquipmentEquipArmorBasicArmorDict,HERO_ARMOR_WARRIOR,sprites/items/equipment/equip/armor/basic_armor.png,112,2,16,13
6688,EquipmentEquipArmorBasicArmorDict,HERO_ARMOR_MAGE,sprites/items/equipment/equip/armor/basic_armor.png,128,0,15,16
6689,EquipmentEquipArmorBasicArmorDict,HERO_ARMOR_ROGUE,sprites/items/equipment/equip/armor/basic_armor.png,145,2,14,13
6690,EquipmentEquipArmorBasicArmorDict,HERO_ARMOR_HUNTRESS,sprites/items/equipment/equip/armor/basic_armor.png,161,1,13,15
6691,EquipmentEquipArmorBasicArmorDict,ARMOR_DUELIST_0,sprites/items/equipment/equip/armor/basic_armor.png,178,1,12,13
6692,EquipmentEquipArmorBasicArmorDict,HERO_ARMOR_PERFORMER,sprites/items/equipment/equip/armor/basic_armor.png,193,2,14,13
6693,EquipmentEquipArmorBasicArmorDict,HERO_ARMOR_STAR_SOLDIER,sprites/items/equipment/equip/armor/basic_armor.png,211,2,10,12
6694,EquipmentEquipArmorBasicArmorDict,HERO_ARMOR_CLERIC,sprites/items/equipment/equip/armor/basic_armor.png,224,2,15,13
6695,EquipmentEquipArmorBasicArmorDict,HERO_ARMOR_ASCETIC,sprites/items/equipment/equip/armor/basic_armor.png,241,2,13,14
6696,EquipmentEquipArmorBasicArmorDict,VEST,sprites/items/equipment/equip/armor/basic_armor.png,3,34,11,12
6697,EquipmentEquipArmorBasicArmorDict,RUBBER_SUIT,sprites/items/equipment/equip/armor/basic_armor.png,17,34,14,13
6698,EquipmentEquipArmorBasicArmorDict,CD_ARMOR,sprites/items/equipment/equip/armor/basic_armor.png,33,34,14,13
6699,EquipmentEquipArmorBasicArmorDict,STYROFOAM_ARMOR,sprites/items/equipment/equip/armor/basic_armor.png,49,34,14,12
6700,EquipmentEquipArmorBasicArmorDict,THICK_RUBBER_SUIT,sprites/items/equipment/equip/armor/basic_armor.png,65,34,14,11
6701,EquipmentEquipArmorBasicArmorDict,PHANTOM_ARMOR,sprites/items/equipment/equip/armor/basic_armor.png,84,34,8,12
6702,EquipmentEquipArmorBasicArmorDict,WOODEN_ARMOR,sprites/items/equipment/equip/armor/basic_armor.png,1,50,15,12
6703,EquipmentEquipArmorBasicArmorDict,CERAMICS_ARMOR,sprites/items/equipment/equip/armor/basic_armor.png,17,50,14,13
6704,EquipmentEquipArmorBasicArmorDict,STONE_ARMOR,sprites/items/equipment/equip/armor/basic_armor.png,33,50,14,13
6705,EquipmentEquipArmorBasicArmorDict,HEAVY_CHAIN_ARMOR,sprites/items/equipment/equip/armor/basic_armor.png,49,50,14,12
6706,EquipmentEquipArmorBasicArmorDict,HEAVY_SCALE_ARMOR,sprites/items/equipment/equip/armor/basic_armor.png,65,50,14,11
6707,EquipmentEquipArmorBasicArmorDict,EXOSKELETON_ARMOR,sprites/items/equipment/equip/armor/basic_armor.png,80,49,16,13
6708,EquipmentEquipArmorBasicArmorDict,ROBE,sprites/items/equipment/equip/armor/basic_armor.png,1,66,15,13
6709,EquipmentEquipArmorBasicArmorDict,HIDE_ROBE,sprites/items/equipment/equip/armor/basic_armor.png,17,66,14,13
6710,EquipmentEquipArmorBasicArmorDict,MAGIC_CORE_ROBE,sprites/items/equipment/equip/armor/basic_armor.png,33,66,14,13
6711,EquipmentEquipArmorBasicArmorDict,CHAIN_ROBE,sprites/items/equipment/equip/armor/basic_armor.png,49,66,14,13
6712,EquipmentEquipArmorBasicArmorDict,DRAGON_HIDE_ROBE,sprites/items/equipment/equip/armor/basic_armor.png,65,66,14,13
6713,EquipmentEquipArmorBasicArmorDict,WING_ARMOR,sprites/items/equipment/equip/armor/basic_armor.png,81,67,14,12
6714,EquipmentEquipArmorUniqueArmorDict,TOWEL,sprites/items/equipment/equip/armor/unique_armor.png,1,0,14,16
6715,EquipmentEquipArmorUniqueArmorDict,SPECTACLES,sprites/items/equipment/equip/armor/unique_armor.png,16,4,15,8
6716,EquipmentEquipArmorUniqueArmorDict,SHARK_PAJAMAS,sprites/items/equipment/equip/armor/unique_armor.png,34,1,10,14
6717,EquipmentEquipArmorUniqueArmorDict,LIVING_ARMOR,sprites/items/equipment/equip/armor/unique_armor.png,49,2,14,13
6718,EquipmentEquipArmorUniqueArmorDict,SPS_BUNNY_ARMOR_0,sprites/items/equipment/equip/armor/unique_armor.png,64,0,16,16
6719,EquipmentEquipWeaponBasicWeaponDict,WORN_SHORTSWORD_0,sprites/items/equipment/equip/weapon/basic_weapon.png,0,0,13,13
6720,EquipmentEquipWeaponBasicWeaponDict,RAPIER_0,sprites/items/equipment/equip/weapon/basic_weapon.png,16,0,13,14
6721,EquipmentEquipWeaponBasicWeaponDict,DAGGER_0,sprites/items/equipment/equip/weapon/basic_weapon.png,32,0,12,13
6722,EquipmentEquipWeaponBasicWeaponDict,OLD_STAFF,sprites/items/equipment/equip/weapon/basic_weapon.png,48,2,15,14
6723,EquipmentEquipWeaponBasicWeaponDict,GLOVES,sprites/items/equipment/equip/weapon/basic_weapon.png,64,0,12,15
6724,EquipmentEquipWeaponBasicWeaponDict,KNUCKLES,sprites/items/equipment/equip/weapon/basic_weapon.png,80,4,15,10
6725,EquipmentEquipWeaponBasicWeaponDict,RUNE_DICTIONARY,sprites/items/equipment/equip/weapon/basic_weapon.png,112,0,14,16
6726,EquipmentEquipWeaponBasicWeaponDict,DUAL_SWORDS,sprites/items/equipment/equip/weapon/basic_weapon.png,129,2,14,13
6727,EquipmentEquipWeaponBasicWeaponDict,CLAW_SHEATH,sprites/items/equipment/equip/weapon/basic_weapon.png,145,0,14,14
6728,EquipmentEquipWeaponBasicWeaponDict,NUNCHAKU,sprites/items/equipment/equip/weapon/basic_weapon.png,161,1,14,15
6729,EquipmentEquipWeaponBasicWeaponDict,QUARTERSTAFF_0,sprites/items/equipment/equip/weapon/basic_weapon.png,176,0,16,16
6730,EquipmentEquipWeaponBasicWeaponDict,SPS_WEP_CLUB_0,sprites/items/equipment/equip/weapon/basic_weapon.png,192,0,16,16
6731,EquipmentEquipWeaponBasicWeaponDict,SWIFT_SWORD,sprites/items/equipment/equip/weapon/basic_weapon.png,208,0,16,16
6732,EquipmentEquipWeaponBasicWeaponDict,SPS_TEKKO_KAGI_0,sprites/items/equipment/equip/weapon/basic_weapon.png,224,0,16,16
6733,EquipmentEquipWeaponBasicWeaponDict,SHORTSWORD_0,sprites/items/equipment/equip/weapon/basic_weapon.png,0,16,13,13
6734,EquipmentEquipWeaponBasicWeaponDict,HAND_AXE_0,sprites/items/equipment/equip/weapon/basic_weapon.png,16,16,12,14
6735,EquipmentEquipWeaponBasicWeaponDict,SPEAR_0,sprites/items/equipment/equip/weapon/basic_weapon.png,32,16,16,16
6736,EquipmentEquipWeaponBasicWeaponDict,SPS_WEP_SPEAR_0,sprites/items/equipment/equip/weapon/basic_weapon.png,48,16,16,16
6737,EquipmentEquipWeaponBasicWeaponDict,DIRK_0,sprites/items/equipment/equip/weapon/basic_weapon.png,64,16,13,14
6738,EquipmentEquipWeaponBasicWeaponDict,SICKLE_0,sprites/items/equipment/equip/weapon/basic_weapon.png,80,16,15,15
6739,EquipmentEquipWeaponBasicWeaponDict,TRIANGLE,sprites/items/equipment/equip/weapon/basic_weapon.png,112,18,16,13
6740,EquipmentEquipWeaponBasicWeaponDict,FLUTE,sprites/items/equipment/equip/weapon/basic_weapon.png,133,16,6,16
6741,EquipmentEquipWeaponBasicWeaponDict,WAR_DRUM,sprites/items/equipment/equip/weapon/basic_weapon.png,145,17,14,13
6742,EquipmentEquipWeaponBasicWeaponDict,HORN,sprites/items/equipment/equip/weapon/basic_weapon.png,162,17,12,14
6743,EquipmentEquipWeaponBasicWeaponDict,HARP,sprites/items/equipment/equip/weapon/basic_weapon.png,177,18,15,14
6744,EquipmentEquipWeaponBasicWeaponDict,LEGACY_WOODEN_STAFF_0,sprites/items/equipment/equip/weapon/basic_weapon.png,192,16,16,16
6745,EquipmentEquipWeaponBasicWeaponDict,MAGIC_DUST,sprites/items/equipment/equip/weapon/basic_weapon.png,209,17,14,14
6746,EquipmentEquipWeaponBasicWeaponDict,PRAYER_WHEEL,sprites/items/equipment/equip/weapon/basic_weapon.png,225,16,15,15
6747,EquipmentEquipWeaponBasicWeaponDict,HOLY_WATER,sprites/items/equipment/equip/weapon/basic_weapon.png,243,16,11,16
6748,EquipmentEquipWeaponBasicWeaponDict,MIRROR_DOLL,sprites/items/equipment/equip/weapon/basic_weapon.png,257,16,14,16
6749,EquipmentEquipWeaponBasicWeaponDict,WIND_GOURD,sprites/items/equipment/equip/weapon/basic_weapon.png,274,16,11,15
6750,EquipmentEquipWeaponBasicWeaponDict,LAMP_PUNCH,sprites/items/equipment/equip/weapon/basic_weapon.png,288,16,15,16
6751,EquipmentEquipWeaponBasicWeaponDict,BLOOD_BLADE,sprites/items/equipment/equip/weapon/basic_weapon.png,304,16,15,16
6752,EquipmentEquipWeaponBasicWeaponDict,ENCHANTED_AXE_BLADE,sprites/items/equipment/equip/weapon/basic_weapon.png,321,17,14,14
6753,EquipmentEquipWeaponBasicWeaponDict,SPS_NINJA_FAN_0,sprites/items/equipment/equip/weapon/basic_weapon.png,336,16,16,16
6754,EquipmentEquipWeaponBasicWeaponDict,MENTOR_SET,sprites/items/equipment/equip/weapon/basic_weapon.png,353,16,13,15
6755,EquipmentEquipWeaponBasicWeaponDict,FAN,sprites/items/equipment/equip/weapon/basic_weapon.png,368,17,16,15
6756,EquipmentEquipWeaponBasicWeaponDict,BASKETBALL,sprites/items/equipment/equip/weapon/basic_weapon.png,385,16,14,16
6757,EquipmentEquipWeaponBasicWeaponDict,SWORD_0,sprites/items/equipment/equip/weapon/basic_weapon.png,0,32,14,14
6758,EquipmentEquipWeaponBasicWeaponDict,MACE_0,sprites/items/equipment/equip/weapon/basic_weapon.png,16,32,15,15
6759,EquipmentEquipWeaponBasicWeaponDict,SCIMITAR,sprites/items/equipment/equip/weapon/basic_weapon.png,33,32,13,16
6760,EquipmentEquipWeaponBasicWeaponDict,ROUND_SHIELD_0,sprites/items/equipment/equip/weapon/basic_weapon.png,48,32,16,16
6761,EquipmentEquipWeaponBasicWeaponDict,SAI_0,sprites/items/equipment/equip/weapon/basic_weapon.png,64,32,16,16
6762,EquipmentEquipWeaponBasicWeaponDict,WHIP_0,sprites/items/equipment/equip/weapon/basic_weapon.png,80,32,14,14
6763,EquipmentEquipWeaponBasicWeaponDict,HALBERD,sprites/items/equipment/equip/weapon/basic_weapon.png,112,32,16,16
6764,EquipmentEquipWeaponBasicWeaponDict,LANCE,sprites/items/equipment/equip/weapon/basic_weapon.png,128,32,16,16
6765,EquipmentEquipWeaponBasicWeaponDict,CROSS,sprites/items/equipment/equip/weapon/basic_weapon.png,144,32,16,16
6766,EquipmentEquipWeaponBasicWeaponDict,MIMIC_CHEST,sprites/items/equipment/equip/weapon/basic_weapon.png,161,32,15,16
6767,EquipmentEquipWeaponBasicWeaponDict,HAM_AND_HOOK,sprites/items/equipment/equip/weapon/basic_weapon.png,176,33,16,15
6768,EquipmentEquipWeaponBasicWeaponDict,LOLLIPOP,sprites/items/equipment/equip/weapon/basic_weapon.png,192,33,15,15
6769,EquipmentEquipWeaponBasicWeaponDict,SLAM_DUNK_SET,sprites/items/equipment/equip/weapon/basic_weapon.png,209,33,13,15
6770,EquipmentEquipWeaponBasicWeaponDict,MONEY_PACK,sprites/items/equipment/equip/weapon/basic_weapon.png,227,34,10,13
6771,EquipmentEquipWeaponBasicWeaponDict,ROCKET,sprites/items/equipment/equip/weapon/basic_weapon.png,241,33,14,14
6772,EquipmentEquipWeaponBasicWeaponDict,CHRISTMAS_TREE,sprites/items/equipment/equip/weapon/basic_weapon.png,258,32,11,16
6773,EquipmentEquipWeaponBasicWeaponDict,DWARF_HAMMER,sprites/items/equipment/equip/weapon/basic_weapon.png,272,33,15,15
6774,EquipmentEquipWeaponBasicWeaponDict,RUSTY_KEY,sprites/items/equipment/equip/weapon/basic_weapon.png,292,33,8,14
6775,EquipmentEquipWeaponBasicWeaponDict,EASTER_STATUE,sprites/items/equipment/equip/weapon/basic_weapon.png,308,32,9,16
6776,EquipmentEquipWeaponBasicWeaponDict,POWER_KNUCKLES,sprites/items/equipment/equip/weapon/basic_weapon.png,321,36,15,10
6777,EquipmentEquipWeaponBasicWeaponDict,HALLOWEEN_PUMPKIN,sprites/items/equipment/equip/weapon/basic_weapon.png,337,33,14,14
6778,EquipmentEquipWeaponBasicWeaponDict,DRAGON_BOAT,sprites/items/equipment/equip/weapon/basic_weapon.png,353,36,15,10
6779,EquipmentEquipWeaponBasicWeaponDict,FIRE_CRACKER_0,sprites/items/equipment/equip/weapon/basic_weapon.png,368,32,16,16
6780,EquipmentEquipWeaponBasicWeaponDict,COIN_SWORD,sprites/items/equipment/equip/weapon/basic_weapon.png,385,33,14,14
6781,EquipmentEquipWeaponBasicWeaponDict,LONGSWORD_0,sprites/items/equipment/equip/weapon/basic_weapon.png,0,48,15,15
6782,EquipmentEquipWeaponBasicWeaponDict,BATTLE_AXE_0,sprites/items/equipment/equip/weapon/basic_weapon.png,16,48,16,16
6783,EquipmentEquipWeaponBasicWeaponDict,FLAIL_0,sprites/items/equipment/equip/weapon/basic_weapon.png,32,48,14,14
6784,EquipmentEquipWeaponBasicWeaponDict,RUNE_SWORD,sprites/items/equipment/equip/weapon/basic_weapon.png,48,48,16,16
6785,EquipmentEquipWeaponBasicWeaponDict,ASSASSINS_BLADE_0,sprites/items/equipment/equip/weapon/basic_weapon.png,64,48,14,15
6786,EquipmentEquipWeaponBasicWeaponDict,ODACHI,sprites/items/equipment/equip/weapon/basic_weapon.png,80,48,15,16
6787,EquipmentEquipWeaponBasicWeaponDict,GREATSWORD_0,sprites/items/equipment/equip/weapon/basic_weapon.png,0,64,16,16
6788,EquipmentEquipWeaponBasicWeaponDict,WAR_HAMMER_0,sprites/items/equipment/equip/weapon/basic_weapon.png,16,64,16,16
6789,EquipmentEquipWeaponBasicWeaponDict,GLAIVE_0,sprites/items/equipment/equip/weapon/basic_weapon.png,32,64,16,16
6790,EquipmentEquipWeaponBasicWeaponDict,GAUNTLETS_0,sprites/items/equipment/equip/weapon/basic_weapon.png,48,64,13,15
6791,EquipmentEquipWeaponBasicWeaponDict,GREATSHIELD_0,sprites/items/equipment/equip/weapon/basic_weapon.png,64,64,12,16
6792,EquipmentEquipWeaponBasicWeaponDict,GOHEI,sprites/items/equipment/equip/weapon/basic_weapon.png,112,64,15,16
6793,EquipmentEquipWeaponBasicWeaponDict,ROYAL_FORK,sprites/items/equipment/equip/weapon/basic_weapon.png,129,65,14,14
6794,EquipmentEquipWeaponBasicWeaponDict,WAR_SCYTHE_0,sprites/items/equipment/equip/weapon/basic_weapon.png,0,80,14,15
6795,EquipmentEquipWeaponBasicWeaponDict,GREATAXE_0,sprites/items/equipment/equip/weapon/basic_weapon.png,16,80,12,16
6796,EquipmentEquipWeaponBasicWeaponDict,SHOCK_TRIDENT,sprites/items/equipment/equip/weapon/basic_weapon.png,112,80,16,16
6797,EquipmentEquipWeaponBasicWeaponDict,SOUL_DRAIN_LONGSWORD,sprites/items/equipment/equip/weapon/basic_weapon.png,129,81,14,14
6798,EquipmentEquipWeaponBasicWeaponDict,DETERRENT_ROCK_BLADE,sprites/items/equipment/equip/weapon/basic_weapon.png,144,81,15,14
6799,EquipmentEquipWeaponBasicWeaponDict,BONE_SAW_GREATAXE,sprites/items/equipment/equip/weapon/basic_weapon.png,160,80,14,16
6800,EquipmentEquipWeaponBasicWeaponDict,VENOMOUS_HEAVY_FLAIL,sprites/items/equipment/equip/weapon/basic_weapon.png,176,82,16,14
6801,EquipmentEquipWeaponBasicWeaponDict,CROSSBOW_0,sprites/items/equipment/equip/weapon/basic_weapon.png,0,96,15,15
6802,EquipmentEquipWeaponBasicWeaponDict,WOODEN_BOW,sprites/items/equipment/equip/weapon/basic_weapon.png,113,97,14,14
6803,EquipmentEquipWeaponBasicWeaponDict,DAMAGED_WOODEN_BOW,sprites/items/equipment/equip/weapon/basic_weapon.png,129,97,14,14
6804,EquipmentEquipWeaponBasicWeaponDict,COMPOSITE_BOW,sprites/items/equipment/equip/weapon/basic_weapon.png,144,97,15,15
6805,EquipmentEquipWeaponBasicWeaponDict,FULL_COMPOSITE_BOW,sprites/items/equipment/equip/weapon/basic_weapon.png,160,97,15,15
6806,EquipmentEquipWeaponBasicWeaponDict,CROSSBOW,sprites/items/equipment/equip/weapon/basic_weapon.png,177,97,14,14
6807,EquipmentEquipWeaponBasicWeaponDict,PISTOL,sprites/items/equipment/equip/weapon/basic_weapon.png,115,114,10,13
6808,EquipmentEquipWeaponBasicWeaponDict,FLINTLOCK,sprites/items/equipment/equip/weapon/basic_weapon.png,130,112,12,16
6809,EquipmentEquipWeaponBasicWeaponDict,MACHINE_GUN,sprites/items/equipment/equip/weapon/basic_weapon.png,146,112,13,16
6810,EquipmentEquipWeaponBasicWeaponDict,SHOTGUN,sprites/items/equipment/equip/weapon/basic_weapon.png,161,112,13,16
6811,EquipmentEquipWeaponBasicWeaponDict,GUN_4,sprites/items/equipment/equip/weapon/basic_weapon.png,176,112,16,16
6812,EquipmentEquipWeaponBasicWeaponDict,POTION_GUN,sprites/items/equipment/equip/weapon/basic_weapon.png,194,112,12,16
6813,EquipmentEquipWeaponBasicWeaponDict,SLING,sprites/items/equipment/equip/weapon/basic_weapon.png,211,115,10,11
6814,EquipmentEquipWeaponBombDict,BOMB_0,sprites/items/equipment/equip/weapon/bomb.png,3,1,10,13
6815,EquipmentEquipWeaponBombDict,DBL_BOMB_0,sprites/items/equipment/equip/weapon/bomb.png,17,1,14,13
6816,EquipmentEquipWeaponBombDict,FLASHBANG_0,sprites/items/equipment/equip/weapon/bomb.png,3,17,10,13
6817,EquipmentEquipWeaponBombDict,HOLY_BOMB_0,sprites/items/equipment/equip/weapon/bomb.png,19,17,10,13
6818,EquipmentEquipWeaponBombDict,WOOLY_BOMB_0,sprites/items/equipment/equip/weapon/bomb.png,35,17,10,13
6819,EquipmentEquipWeaponBombDict,NOISEMAKER_0,sprites/items/equipment/equip/weapon/bomb.png,51,17,10,13
6820,EquipmentEquipWeaponBombDict,ARCANE_BOMB_0,sprites/items/equipment/equip/weapon/bomb.png,67,17,10,13
6821,EquipmentEquipWeaponBombDict,SHRAPNEL_BOMB_0,sprites/items/equipment/equip/weapon/bomb.png,83,17,10,13
6822,EquipmentEquipWeaponBombDict,SPS_FISHING_BOMB,sprites/items/equipment/equip/weapon/bomb.png,112,18,15,13
6823,EquipmentEquipWeaponBombDict,SPS_MINI_BOMB,sprites/items/equipment/equip/weapon/bomb.png,3,36,10,9
6824,EquipmentEquipWeaponBombDict,DUD_DUNGEON_BOMB,sprites/items/equipment/equip/weapon/bomb.png,18,35,12,11
6825,EquipmentEquipWeaponBombDict,DUNGEON_BOMB,sprites/items/equipment/equip/weapon/bomb.png,34,35,12,11
6826,EquipmentEquipWeaponBombDict,DUNGEON_BOMB_BUNDLE,sprites/items/equipment/equip/weapon/bomb.png,48,33,15,14
6827,EquipmentEquipWeaponBombDict,FIRE_BOMB_0,sprites/items/equipment/equip/weapon/bomb.png,66,34,13,12
6828,EquipmentEquipWeaponBombDict,FROST_BOMB_0,sprites/items/equipment/equip/weapon/bomb.png,82,34,13,12
6829,EquipmentEquipWeaponBombDict,REGROWTH_BOMB_0,sprites/items/equipment/equip/weapon/bomb.png,98,34,13,12
6830,EquipmentEquipWeaponBombDict,SMOKE_BOMB_0,sprites/items/equipment/equip/weapon/bomb.png,114,34,13,12
6831,EquipmentEquipWeaponUniqueWeaponDict,HYRULE_LEGEND,sprites/items/equipment/equip/weapon/unique_weapon.png,1,0,15,15
6832,EquipmentEquipWeaponUniqueWeaponDict,ENERGY_SWORD,sprites/items/equipment/equip/weapon/unique_weapon.png,17,0,15,16
6833,EquipmentEquipWeaponUniqueWeaponDict,MURAMASA,sprites/items/equipment/equip/weapon/unique_weapon.png,33,0,15,16
6834,EquipmentEquipWeaponUniqueWeaponDict,RABBIT_SWORD,sprites/items/equipment/equip/weapon/unique_weapon.png,49,2,14,13
6835,EquipmentEquipWeaponUniqueWeaponDict,RABBIT_WRENCH,sprites/items/equipment/equip/weapon/unique_weapon.png,64,0,16,16
6836,EquipmentEquipWeaponUniqueWeaponDict,RAIKIRI,sprites/items/equipment/equip/weapon/unique_weapon.png,80,0,16,15
6837,EquipmentEquipWeaponUniqueWeaponDict,CHAINSAW_SWORD,sprites/items/equipment/equip/weapon/unique_weapon.png,96,0,16,16
6838,EquipmentEquipWeaponUniqueWeaponDict,LIGHT_WAND,sprites/items/equipment/equip/weapon/unique_weapon.png,112,0,16,16
6839,EquipmentEquipWeaponUniqueWeaponDict,HOLY_HAMMER,sprites/items/equipment/equip/weapon/unique_weapon.png,0,16,16,16
6840,EquipmentEquipWeaponUniqueWeaponDict,BIBLE,sprites/items/equipment/equip/weapon/unique_weapon.png,17,16,13,16
6841,EquipmentEquipWeaponUniqueWeaponDict,STEVE_DIAMOND_PICKAXE,sprites/items/equipment/equip/weapon/unique_weapon.png,32,17,15,15
6842,EquipmentEquipWeaponUniqueWeaponDict,STEVE_TORCH,sprites/items/equipment/equip/weapon/unique_weapon.png,50,16,12,15
6843,EquipmentEquipWeaponUniqueWeaponDict,HUNTRESS_BOOMERANG,sprites/items/equipment/equip/weapon/unique_weapon.png,1,81,14,14
6844,EquipmentEquipWeaponUniqueWeaponDict,SPIRIT_BOW_0,sprites/items/equipment/equip/weapon/unique_weapon.png,16,80,16,16
6845,EquipmentEquipWeaponUniqueWeaponDict,SPS_TAURCEN_BOW_0,sprites/items/equipment/equip/weapon/unique_weapon.png,32,80,16,16
6846,EquipmentEquipWeaponUniqueWeaponDict,MANY_KNIVE_0,sprites/items/equipment/equip/weapon/unique_weapon.png,48,80,16,16
6847,EquipmentEquipWeaponUniqueWeaponDict,SPS_ELF_BOW_0,sprites/items/equipment/equip/weapon/unique_weapon.png,64,80,16,16
6848,EquipmentEquipWeaponUniqueWeaponDict,DEMON_BLADE,sprites/items/equipment/equip/weapon/unique_weapon.png,81,82,14,13
6849,EquipmentEquipWeaponUniqueWeaponDict,ROCK_CANNON,sprites/items/equipment/equip/weapon/unique_weapon.png,97,84,13,7
6850,EquipmentEquipWeaponUniqueWeaponDict,ROCK_BULLET_0,sprites/items/equipment/equip/weapon/unique_weapon.png,117,85,6,6
6851,EquipmentEquipWeaponUniqueWeaponDict,ROCK_BULLET_1,sprites/items/equipment/equip/weapon/unique_weapon.png,131,85,10,7
6852,EquipmentEquipWeaponUniqueWeaponDict,ROCK_BULLET_2,sprites/items/equipment/equip/weapon/unique_weapon.png,145,81,15,14
6853,EquipmentEquipWeaponUniqueWeaponDict,ELECTROMAGNETIC_SHOTGUN,sprites/items/equipment/equip/weapon/unique_weapon.png,160,80,14,16
6854,EquipmentEquipWeaponUniqueWeaponDict,PAINTBALL_GUN,sprites/items/equipment/equip/weapon/unique_weapon.png,177,84,14,11
6855,EquipmentEquipWeaponUniqueWeaponDict,STRONG_BOW,sprites/items/equipment/equip/weapon/unique_weapon.png,192,80,16,16
6856,EquipmentEquipWeaponUniqueWeaponDict,GATLING,sprites/items/equipment/equip/weapon/unique_weapon.png,208,80,16,16
6857,EquipmentEquipWeaponUniqueWeaponDict,DEWDROP_GUN,sprites/items/equipment/equip/weapon/unique_weapon.png,225,83,15,10
6858,EquipmentJewelleryArtifactDict,CLOAK_OF_SHADOWS,sprites/items/equipment/jewellery/artifact.png,3,0,9,15
6859,EquipmentJewelleryArtifactDict,MASTER_THIEVES_ARMBAND,sprites/items/equipment/jewellery/artifact.png,16,2,16,13
6860,EquipmentJewelleryArtifactDict,CAPE_OF_THORNS,sprites/items/equipment/jewellery/artifact.png,32,1,16,14
6861,EquipmentJewelleryArtifactDict,TALISMAN_OF_FORESIGHT,sprites/items/equipment/jewellery/artifact.png,48,1,15,13
6862,EquipmentJewelleryArtifactDict,TIMEKEEPERS_HOURGLASS,sprites/items/equipment/jewellery/artifact.png,65,0,13,16
6863,EquipmentJewelleryArtifactDict,ALCHEMISTS_TOOLKIT,sprites/items/equipment/jewellery/artifact.png,81,1,15,13
6864,EquipmentJewelleryArtifactDict,UNSTABLE_SPELLBOOK,sprites/items/equipment/jewellery/artifact.png,97,0,13,16
6865,EquipmentJewelleryArtifactDict,ETHEREAL_CHAINS,sprites/items/equipment/jewellery/artifact.png,113,0,15,16
6866,EquipmentJewelleryArtifactDict,HORN_OF_PLENTY_0,sprites/items/equipment/jewellery/artifact.png,129,0,15,15
6867,EquipmentJewelleryArtifactDict,HORN_OF_PLENTY_1,sprites/items/equipment/jewellery/artifact.png,145,0,15,15
6868,EquipmentJewelleryArtifactDict,HORN_OF_PLENTY_2,sprites/items/equipment/jewellery/artifact.png,161,0,15,15
6869,EquipmentJewelleryArtifactDict,HORN_OF_PLENTY_3,sprites/items/equipment/jewellery/artifact.png,176,0,16,16
6870,EquipmentJewelleryArtifactDict,CHALICE_OF_BLOOD_0,sprites/items/equipment/jewellery/artifact.png,194,1,12,15
6871,EquipmentJewelleryArtifactDict,CHALICE_OF_BLOOD_1,sprites/items/equipment/jewellery/artifact.png,210,1,12,15
6872,EquipmentJewelleryArtifactDict,CHALICE_OF_BLOOD_2,sprites/items/equipment/jewellery/artifact.png,226,1,12,15
6873,EquipmentJewelleryArtifactDict,SANDALS_OF_NATURE_0,sprites/items/equipment/jewellery/artifact.png,240,7,16,5
6874,EquipmentJewelleryArtifactDict,SANDALS_OF_NATURE_1,sprites/items/equipment/jewellery/artifact.png,256,7,16,6
6875,EquipmentJewelleryArtifactDict,SANDALS_OF_NATURE_2,sprites/items/equipment/jewellery/artifact.png,272,5,16,9
6876,EquipmentJewelleryArtifactDict,SANDALS_OF_NATURE_3,sprites/items/equipment/jewellery/artifact.png,288,1,16,14
6877,EquipmentJewelleryArtifactDict,ARTIFACT_KEY_0,sprites/items/equipment/jewellery/artifact.png,308,0,8,16
6878,EquipmentJewelleryArtifactDict,DRIED_ROSE_0,sprites/items/equipment/jewellery/artifact.png,2,16,13,15
6879,EquipmentJewelleryArtifactDict,DRIED_ROSE_1,sprites/items/equipment/jewellery/artifact.png,17,17,14,14
6880,EquipmentJewelleryArtifactDict,DRIED_ROSE_2,sprites/items/equipment/jewellery/artifact.png,33,17,14,14
6881,EquipmentJewelleryArtifactDict,ARTIFACT_BEACON_0,sprites/items/equipment/jewellery/artifact.png,48,16,16,16
6882,EquipmentJewelleryArtifactDict,PYLON,sprites/items/equipment/jewellery/artifact.png,64,18,15,14
6883,EquipmentJewelleryArtifactDict,MECHANICAL_HEART,sprites/items/equipment/jewellery/artifact.png,82,18,13,13
6884,EquipmentJewelleryArtifactDict,ARTIFACT_ICE_EYE_0,sprites/items/equipment/jewellery/artifact.png,96,16,16,16
6885,EquipmentJewelleryArtifactDict,GLASS_TOTEM,sprites/items/equipment/jewellery/artifact.png,114,17,12,14
6886,EquipmentJewelleryArtifactDict,LEGACY_ALIEN_BAG_0,sprites/items/equipment/jewellery/artifact.png,128,16,16,16
6887,EquipmentJewelleryArtifactDict,JESTER_BOX,sprites/items/equipment/jewellery/artifact.png,144,16,16,16
6888,EquipmentJewelleryArtifactDict,WIREBUG,sprites/items/equipment/jewellery/artifact.png,160,16,16,16
6889,EquipmentJewelleryArtifactDict,IZAYOI_WATCH,sprites/items/equipment/jewellery/artifact.png,178,16,13,16
6890,EquipmentJewelleryArtifactDict,CURSED_PHONE,sprites/items/equipment/jewellery/artifact.png,0,48,16,15
6891,EquipmentJewelleryArtifactDict,LING_HEART_0,sprites/items/equipment/jewellery/artifact.png,16,48,16,16
6892,EquipmentJewelleryArtifactDict,MOON_HAIRPIN,sprites/items/equipment/jewellery/artifact.png,33,49,15,15
6893,EquipmentJewelleryArtifactDict,LUCKY_BADGE,sprites/items/equipment/jewellery/artifact.png,50,50,12,12
6894,EquipmentJewelleryArtifactDict,CLOVER_BADGE,sprites/items/equipment/jewellery/artifact.png,64,48,15,16
6895,EquipmentJewelleryArtifactDict,POTION_BADGE,sprites/items/equipment/jewellery/artifact.png,80,50,15,13
6896,EquipmentJewelleryArtifactDict,KINGS_CROWN,sprites/items/equipment/jewellery/artifact.png,96,49,16,15
6897,EquipmentJewelleryArtifactDict,HARD_RICE_CRACKER,sprites/items/equipment/jewellery/artifact.png,272,49,16,14
6898,EquipmentJewelleryArtifactDict,HERO_IRON_SHIELD,sprites/items/equipment/jewellery/artifact.png,289,49,14,15
6899,EquipmentJewelleryArtifactDict,IMMORTAL_DRIED_FISH,sprites/items/equipment/jewellery/artifact.png,305,51,14,10
6900,EquipmentJewelleryRingDict,RING_HOLDER,sprites/items/equipment/jewellery/ring.png,4,3,8,10
6901,EquipmentJewelleryRingDict,RING_RUBY_0,sprites/items/equipment/jewellery/ring.png,20,3,8,10
6902,EquipmentJewelleryRingDict,RING_ELEMENTS_0,sprites/items/equipment/jewellery/ring.png,36,3,8,10
6903,EquipmentJewelleryRingDict,RING_ENERGY_0,sprites/items/equipment/jewellery/ring.png,52,3,8,10
6904,EquipmentJewelleryRingDict,RING_ONYX_0,sprites/items/equipment/jewellery/ring.png,68,3,8,10
6905,EquipmentJewelleryRingDict,RING_FORCE_0,sprites/items/equipment/jewellery/ring.png,84,3,8,10
6906,EquipmentJewelleryRingDict,RING_FUROR_0,sprites/items/equipment/jewellery/ring.png,100,3,8,10
6907,EquipmentJewelleryRingDict,RING_SAPPHIRE_0,sprites/items/equipment/jewellery/ring.png,116,3,8,10
6908,EquipmentJewelleryRingDict,RING_MIGHT_0,sprites/items/equipment/jewellery/ring.png,132,3,8,10
6909,EquipmentJewelleryRingDict,RING_SHARPSHOOT_0,sprites/items/equipment/jewellery/ring.png,148,3,8,10
6910,EquipmentJewelleryRingDict,RING_TENACITY_0,sprites/items/equipment/jewellery/ring.png,164,3,8,10
6911,EquipmentJewelleryRingDict,RING_DIAMOND_0,sprites/items/equipment/jewellery/ring.png,180,3,8,10
6912,EquipmentJewelleryRingDict,SPS_WING_RING,sprites/items/equipment/jewellery/ring.png,1,35,14,10
6913,EquipmentNonEquipDict,JUMP_BOOTS,sprites/items/equipment/non_equip.png,0,0,16,16
6914,EquipmentNonEquipDict,HOLY_SHIELD,sprites/items/equipment/non_equip.png,19,1,10,14
6915,EquipmentNonEquipDict,DEWDROP_MUSHROOM,sprites/items/equipment/non_equip.png,33,1,13,14
6916,EquipmentNonEquipDict,WATERSKIN,sprites/items/equipment/non_equip.png,50,2,12,12
6917,EquipmentNonEquipDict,DEWDROP,sprites/items/equipment/non_equip.png,67,3,10,10
6918,EquipmentNonEquipDict,YELLOW_DEWDROP,sprites/items/equipment/non_equip.png,83,3,10,10
6919,EquipmentNonEquipDict,RED_DEWDROP,sprites/items/equipment/non_equip.png,99,3,10,13
6920,EquipmentNonEquipDict,VIOLET_DEWDROP,sprites/items/equipment/non_equip.png,115,3,10,10
6921,EquipmentNonEquipDict,GREEN_DEWDROP,sprites/items/equipment/non_equip.png,131,3,10,10
6922,EquipmentNonEquipDict,YELLOW_UPGRADE_BLOB,sprites/items/equipment/non_equip.png,145,3,14,11
6923,EquipmentNonEquipDict,RED_UPGRADE_BLOB,sprites/items/equipment/non_equip.png,161,3,14,11
6924,EquipmentNonEquipDict,VIOLET_UPGRADE_BLOB,sprites/items/equipment/non_equip.png,177,3,14,11
6925,EquipmentNonEquipDict,PURE_DEWDROP_WATER,sprites/items/equipment/non_equip.png,197,2,6,12
6926,EquipmentNonEquipDict,EMPTY_POCKET_BALL,sprites/items/equipment/non_equip.png,211,1,10,14
6927,EquipmentNonEquipDict,FULL_POCKET_BALL,sprites/items/equipment/non_equip.png,227,1,10,14
6928,EquipmentNonEquipDict,SAVE_YOUR_LIFE,sprites/items/equipment/non_equip.png,240,0,16,16
6929,EquipmentNonEquipDict,DIVINE_WOOD_SHIELD,sprites/items/equipment/non_equip.png,3,19,10,10
6930,EquipmentNonEquipDict,MIRACLE_FLASK,sprites/items/equipment/non_equip.png,18,17,12,14
6931,EquipmentNonEquipDict,LEGACY_SHOVEL_0,sprites/items/equipment/non_equip.png,32,16,16,16
6932,EquipmentNonEquipDict,ELECTROMAGNETIC_PISTOL,sprites/items/equipment/non_equip.png,48,19,16,12
6933,EquipmentNonEquipDict,ELECTROMAGNETIC_BULLET,sprites/items/equipment/non_equip.png,67,21,10,7
6934,EquipmentNonEquipDict,RYU_HADOKEN,sprites/items/equipment/non_equip.png,81,18,12,12
6935,EquipmentNonEquipDict,FAITH_BOX,sprites/items/equipment/non_equip.png,97,17,14,14
6936,EquipmentNonEquipDict,BATTERY,sprites/items/equipment/non_equip.png,112,19,15,11
6937,EquipmentNonEquipDict,CHEAT_CODE,sprites/items/equipment/non_equip.png,130,17,13,15
6938,EquipmentNonEquipDict,MUSHROOM_QUESTION_BOX,sprites/items/equipment/non_equip.png,146,19,11,11
6939,EquipmentNonEquipDict,SMALL_HAMMER,sprites/items/equipment/non_equip.png,163,18,11,11
6940,EquipmentNonEquipDict,CARD_BOX,sprites/items/equipment/non_equip.png,178,17,11,14
6941,EquipmentNonEquipDict,DEMON_CONTRACT,sprites/items/equipment/non_equip.png,193,16,13,16
6942,EquipmentNonEquipDict,CHAOS_PACK,sprites/items/equipment/non_equip.png,210,16,13,16
6943,EquipmentNonEquipDict,CHAOS_BLOOD,sprites/items/equipment/non_equip.png,227,16,11,14
6944,EquipmentNonEquipDict,RITUAL_MASK,sprites/items/equipment/non_equip.png,241,17,15,15
6945,EquipmentNonEquipDict,RUNE_DICE,sprites/items/equipment/non_equip.png,2,33,12,13
6946,EquipmentNonEquipDict,FORTRESS_BANNER,sprites/items/equipment/non_equip.png,18,32,12,16
6947,EquipmentNonEquipDict,SPS_DICE_TOWER_0,sprites/items/equipment/non_equip.png,32,32,16,16
6948,EquipmentNonEquipDict,DORAEMON_POCKET,sprites/items/equipment/non_equip.png,48,35,16,11
6949,EquipmentNonEquipDict,DETECTIVE_SUIT,sprites/items/equipment/non_equip.png,65,32,14,16
6950,EquipmentNonEquipDict,LORD_BANNER,sprites/items/equipment/non_equip.png,81,32,14,16
6951,EquipmentNonEquipDict,MEDKIT,sprites/items/equipment/non_equip.png,98,35,11,11
6952,EquipmentNonEquipDict,QUIVER,sprites/items/equipment/non_equip.png,113,34,13,12
6953,EquipmentNonEquipDict,SPS_SERIOUS_PUNCH_0,sprites/items/equipment/non_equip.png,128,32,16,16
6954,EquipmentNonEquipDict,WANTED_LIST,sprites/items/equipment/non_equip.png,144,32,15,16
6955,EquipmentNonEquipDict,DETECTOR,sprites/items/equipment/non_equip.png,160,32,16,15
6956,EquipmentNonEquipDict,EROSION_CORE,sprites/items/equipment/non_equip.png,177,34,13,13
6957,EquipmentNonEquipDict,BARBARIAN_HELMET,sprites/items/equipment/non_equip.png,193,33,14,14
6958,EquipmentNonEquipDict,DEMON_HELMET,sprites/items/equipment/non_equip.png,208,33,16,15
6959,EquipmentNonEquipDict,RED_HARE_TOTEM,sprites/items/equipment/non_equip.png,225,33,14,15
6960,EquipmentNonEquipDict,FAKE_DEWDROP_VIAL,sprites/items/equipment/non_equip.png,242,33,12,14
6961,EquipmentNonEquipDict,DEMON_BOOK,sprites/items/equipment/non_equip.png,3,83,10,12
6962,EquipmentNonEquipDict,UNDEAD_BIBLE,sprites/items/equipment/non_equip.png,17,80,13,16
6963,EquipmentNonEquipDict,COLLECTION_BOOK,sprites/items/equipment/non_equip.png,33,80,13,16
6964,EquipmentNonEquipDict,REWARD_LIST,sprites/items/equipment/non_equip.png,50,82,12,12
6965,EquipmentNonEquipDict,FOREST_GUIDE,sprites/items/equipment/non_equip.png,65,80,13,16
6966,EquipmentNonEquipDict,ANIMAL_GUIDE,sprites/items/equipment/non_equip.png,81,80,14,16
6967,EquipmentNonEquipDict,ELEVATOR,sprites/items/equipment/non_equip.png,240,81,15,14
6968,EquipmentNonEquipDict,HERO_SKILL_WARRIOR,sprites/items/equipment/non_equip.png,0,96,16,16
6969,EquipmentNonEquipDict,HERO_SKILL_MAGE,sprites/items/equipment/non_equip.png,16,96,16,16
6970,EquipmentNonEquipDict,HERO_SKILL_ROGUE,sprites/items/equipment/non_equip.png,32,96,16,16
6971,EquipmentNonEquipDict,HERO_SKILL_HUNTRESS,sprites/items/equipment/non_equip.png,48,96,16,16
6972,EquipmentNonEquipDict,HERO_SKILL_PERFORMER,sprites/items/equipment/non_equip.png,64,96,16,16
6973,EquipmentNonEquipDict,HERO_SKILL_STAR_SOLDIER,sprites/items/equipment/non_equip.png,80,96,16,16
6974,EquipmentNonEquipDict,HERO_SKILL_CLERIC,sprites/items/equipment/non_equip.png,96,96,16,16
6975,EquipmentNonEquipDict,SPS_LIFE_ARMOR_0,sprites/items/equipment/non_equip.png,112,96,16,16
6976,EquipmentNonEquipDict,TASTY_PUDDING,sprites/items/equipment/non_equip.png,225,98,14,13
6977,EquipmentNonEquipDict,SPYGLASS_0,sprites/items/equipment/non_equip.png,240,96,15,15
6978,EquipmentNonEquipDict,RAT_SKULL_0,sprites/items/equipment/non_equip.png,0,112,16,11
6979,EquipmentNonEquipDict,PARCHMENT_SCRAP_0,sprites/items/equipment/non_equip.png,16,112,10,14
6980,EquipmentNonEquipDict,PETRIFIED_SEED_0,sprites/items/equipment/non_equip.png,32,112,9,9
6981,EquipmentNonEquipDict,EXOTIC_CRYSTALS_0,sprites/items/equipment/non_equip.png,48,112,15,13
6982,EquipmentNonEquipDict,MOSSY_CLUMP_0,sprites/items/equipment/non_equip.png,64,112,12,11
6983,EquipmentNonEquipDict,SUNDIAL_0,sprites/items/equipment/non_equip.png,80,112,16,12
6984,EquipmentNonEquipDict,CLOVER_0,sprites/items/equipment/non_equip.png,96,112,11,15
6985,EquipmentNonEquipDict,TRAP_MECHANISM_0,sprites/items/equipment/non_equip.png,112,112,13,15
6986,EquipmentNonEquipDict,MIMIC_TOOTH_0,sprites/items/equipment/non_equip.png,128,112,8,15
6987,EquipmentNonEquipDict,WONDROUS_RESIN_0,sprites/items/equipment/non_equip.png,144,112,12,11
6988,EquipmentNonEquipDict,EYE_OF_NEWT_0,sprites/items/equipment/non_equip.png,160,112,12,12
6989,EquipmentNonEquipDict,SALT_CUBE_0,sprites/items/equipment/non_equip.png,176,112,12,13
6990,EquipmentNonEquipDict,BLOOD_VIAL_0,sprites/items/equipment/non_equip.png,192,112,6,15
6991,EquipmentNonEquipDict,OBLIVION_SHARD_0,sprites/items/equipment/non_equip.png,208,112,7,14
6992,EquipmentNonEquipDict,CHAOTIC_CENSER_0,sprites/items/equipment/non_equip.png,224,112,13,15
6993,EquipmentNonEquipDict,FERRET_TUFT_0,sprites/items/equipment/non_equip.png,240,112,16,15
6994,EquipmentWandBasicWandDict,WAND_SPS_MAGIC_MISSILE,sprites/items/equipment/wand/basic_wand.png,0,0,14,14
6995,EquipmentWandBasicWandDict,WAND_FIREBOLT_0,sprites/items/equipment/wand/basic_wand.png,16,0,14,14
6996,EquipmentWandBasicWandDict,WAND_FROST,sprites/items/equipment/wand/basic_wand.png,32,0,14,14
6997,EquipmentWandBasicWandDict,WAND_LIGHTNING,sprites/items/equipment/wand/basic_wand.png,48,0,14,14
6998,EquipmentWandBasicWandDict,WAND_DISINTEGRATION_0,sprites/items/equipment/wand/basic_wand.png,64,0,14,14
6999,EquipmentWandBasicWandDict,WAND_LIGHT,sprites/items/equipment/wand/basic_wand.png,80,0,16,15
7000,EquipmentWandBasicWandDict,WAND_WARDING_0,sprites/items/equipment/wand/basic_wand.png,96,0,14,14
7001,EquipmentWandBasicWandDict,WAND_REGROWTH,sprites/items/equipment/wand/basic_wand.png,112,0,16,14
7002,EquipmentWandBasicWandDict,WAND_SPS_ENERGY,sprites/items/equipment/wand/basic_wand.png,193,1,14,14
7003,EquipmentWandBasicWandDict,WAND_SPS_FIREBOLT,sprites/items/equipment/wand/basic_wand.png,209,1,14,14
7004,EquipmentWandBasicWandDict,WAND_SPS_FREEZE,sprites/items/equipment/wand/basic_wand.png,225,1,14,14
7005,EquipmentWandBasicWandDict,WAND_SPS_LIGHTNING,sprites/items/equipment/wand/basic_wand.png,241,1,14,14
7006,EquipmentWandBasicWandDict,WAND_POISON,sprites/items/equipment/wand/basic_wand.png,0,16,14,14
7007,EquipmentWandBasicWandDict,WAND_TRANSFUSION_0,sprites/items/equipment/wand/basic_wand.png,16,16,14,14
7008,EquipmentWandBasicWandDict,WAND_ACID,sprites/items/equipment/wand/basic_wand.png,32,16,14,14
7009,EquipmentWandBasicWandDict,WAND_LIVING_EARTH_0,sprites/items/equipment/wand/basic_wand.png,48,16,14,14
7010,EquipmentWandBasicWandDict,WAND_BLAST_WAVE_0,sprites/items/equipment/wand/basic_wand.png,64,16,14,14
7011,EquipmentWandBasicWandDict,WAND_CORRUPTION_0,sprites/items/equipment/wand/basic_wand.png,80,16,14,14
7012,EquipmentWandBasicWandDict,WAND_FLOW,sprites/items/equipment/wand/basic_wand.png,96,16,14,14
7013,EquipmentWandBasicWandDict,WAND_TCLOUD,sprites/items/equipment/wand/basic_wand.png,112,16,14,14
7014,EquipmentWandBasicWandDict,WAND_SPS_ACID,sprites/items/equipment/wand/basic_wand.png,209,17,14,14
7015,EquipmentWandBasicWandDict,WAND_SPS_LIGHT,sprites/items/equipment/wand/basic_wand.png,225,17,14,14
7016,EquipmentWandBasicWandDict,WAND_SPS_DARK,sprites/items/equipment/wand/basic_wand.png,241,17,14,14
7017,EquipmentWandUniqueWandDict,LEGACY_CANNON_OF_MAGE,sprites/items/equipment/wand/unique_wand.png,0,1,15,15
7018,GroundFunctionalFallingDict,DEWDROP_0,sprites/items/ground/functional_falling.png,3,3,10,10
7019,GroundFunctionalFallingDict,DEWDROP_1,sprites/items/ground/functional_falling.png,19,3,10,10
7020,GroundFunctionalFallingDict,DEWDROP_2,sprites/items/ground/functional_falling.png,35,3,10,13
7021,GroundFunctionalFallingDict,DEWDROP_3,sprites/items/ground/functional_falling.png,51,3,10,10
7022,GroundFunctionalFallingDict,DEWDROP_4,sprites/items/ground/functional_falling.png,67,3,10,10
7023,GroundFunctionalFallingDict,PETAL_0,sprites/items/ground/functional_falling.png,4,20,8,8
7024,GroundFunctionalFallingDict,SANDBAG_0,sprites/items/ground/functional_falling.png,19,19,10,10
7025,GroundFunctionalFallingDict,SPIRIT_ARROW_0,sprites/items/ground/functional_falling.png,35,19,11,11
7026,GroundFunctionalFallingDict,TENGU_BOMB_0,sprites/items/ground/functional_falling.png,51,19,10,10
7027,GroundFunctionalFallingDict,TENGU_SHOCKER_0,sprites/items/ground/functional_falling.png,67,19,10,10
7028,GroundGroundingItemsDict,NORMAL_REMAINS,sprites/items/ground/grounding_items.png,0,1,15,14
7029,GroundGroundingItemsDict,HERO_BONES,sprites/items/ground/grounding_items.png,16,1,15,14
7030,GroundGroundingItemsDict,CHEST_0,sprites/items/ground/grounding_items.png,48,1,16,15
7031,GroundGroundingItemsDict,LOCKED_CHEST_0,sprites/items/ground/grounding_items.png,64,1,16,15
7032,GroundGroundingItemsDict,CRYSTAL_CHEST_0,sprites/items/ground/grounding_items.png,80,1,16,15
7033,GroundGroundingItemsDict,EBONY_CHEST_0,sprites/items/ground/grounding_items.png,144,1,16,14
7034,GroundGroundingItemsDict,NORMAL_GRAVESTONE,sprites/items/ground/grounding_items.png,1,16,14,15
7035,GroundGroundingItemsDict,MARBLE_GRAVESTONE,sprites/items/ground/grounding_items.png,17,16,14,15
7036,GroundGroundingItemsDict,TREASURE_SPOT,sprites/items/ground/grounding_items.png,1,33,14,15
7037,GroundGroundingItemsDict,TREASURE_SPOT_2,sprites/items/ground/grounding_items.png,17,33,14,15
7038,GroundGroundingItemsDict,FLOWER_POT,sprites/items/ground/grounding_items.png,33,48,14,15
7039,GroundGroundingItemsDict,ALCHEMY_CAULDRON,sprites/items/ground/grounding_items.png,48,48,16,15
7040,GroundGroundingItemsDict,ANVIL,sprites/items/ground/grounding_items.png,64,49,16,14
7041,GroundRockDict,GEO_BOULDER_0,sprites/items/ground/rock.png,0,0,16,15
7042,SpecificCurrencyDict,GOLD_0,sprites/items/specific/currency.png,0,0,15,13
7043,SpecificCurrencyDict,ENERGY_0,sprites/items/specific/currency.png,16,0,16,16
7044,SpecificKeyDict,IRON_KEY,sprites/items/specific/key.png,4,1,8,14
7045,SpecificKeyDict,GOLDEN_KEY,sprites/items/specific/key.png,20,1,8,14
7046,SpecificKeyDict,WORN_KEY,sprites/items/specific/key.png,36,1,8,14
7047,SpecificKeyDict,CRYSTAL_KEY,sprites/items/specific/key.png,52,1,8,14
7048,SpecificPagesDict,GUIDE_PAGE_0,sprites/items/specific/pages.png,3,2,10,11
7049,SpecificPagesDict,ALCH_PAGE_0,sprites/items/specific/pages.png,19,2,10,11
7050,SpecificPagesDict,SEWER_PAGE_0,sprites/items/specific/pages.png,35,2,10,11
7051,SpecificPagesDict,PRISON_PAGE_0,sprites/items/specific/pages.png,51,2,10,11
7052,SpecificPagesDict,CAVES_PAGE_0,sprites/items/specific/pages.png,67,2,10,11
7053,SpecificPagesDict,CITY_PAGE_0,sprites/items/specific/pages.png,83,2,10,11
7054,SpecificPagesDict,HALLS_PAGE_0,sprites/items/specific/pages.png,99,2,10,11
7055,SpecificPlaceHolderDict,SPS_PH_ERROR,sprites/items/specific/place_holder.png,0,4,16,7
7056,SpecificPlaceHolderDict,SPS_PH_WEAPON,sprites/items/specific/place_holder.png,17,1,14,14
7057,SpecificPlaceHolderDict,SPS_PH_ARMOR,sprites/items/specific/place_holder.png,33,1,14,12
7058,SpecificPlaceHolderDict,WAND_HOLDER_0,sprites/items/specific/place_holder.png,49,1,14,14
7059,SpecificPlaceHolderDict,ARTIFACT_HOLDER_0,sprites/items/specific/place_holder.png,64,0,15,15
7060,SpecificPlaceHolderDict,TRINKET_HOLDER_0,sprites/items/specific/place_holder.png,80,2,16,11
7061,SpecificPlaceHolderDict,SPS_PH_FOOD,sprites/items/specific/place_holder.png,97,3,14,11
7062,SpecificPlaceHolderDict,SPS_UI_ICON_CATALOG,sprites/items/specific/place_holder.png,113,1,14,14
7063,SpecificPlaceHolderDict,SCROLL_HOLDER_0,sprites/items/specific/place_holder.png,128,1,15,14
7064,SpecificPlaceHolderDict,POTION_HOLDER_0,sprites/items/specific/place_holder.png,146,1,12,14
7065,SpecificPlaceHolderDict,MOB_HOLDER_0,sprites/items/specific/place_holder.png,208,1,15,14
7066,SpecificPlaceHolderDict,SPS_UI_ICON_A,sprites/items/specific/place_holder.png,227,2,11,12
7067,SpecificPlaceHolderDict,SPS_UI_ICON_B,sprites/items/specific/place_holder.png,242,4,13,10
7068,SpecificPlaceHolderDict,SOMETHING_0,sprites/items/specific/place_holder.png,4,18,8,13
7069,SpecificPlaceHolderDict,SPS_PH_WEAPON_BAD,sprites/items/specific/place_holder.png,17,17,14,14
7070,SpecificPlaceHolderDict,SPS_PH_ARMOR_BAD,sprites/items/specific/place_holder.png,33,17,14,12
7071,SpecificPlaceHolderDict,SPS_PH_WAND_BAD,sprites/items/specific/place_holder.png,49,17,14,14
7072,SpecificPlaceHolderDict,RING_HOLDER_0,sprites/items/specific/place_holder.png,68,19,8,10
7073,SpecificPlaceHolderDict,FOOD_HOLDER_0,sprites/items/specific/place_holder.png,96,18,15,11
7074,SpecificPlaceHolderDict,STONE_HOLDER_0,sprites/items/specific/place_holder.png,129,18,14,12
7075,SpecificPlaceHolderDict,SEED_HOLDER_0,sprites/items/specific/place_holder.png,147,19,10,10
7076,SpecificPlaceHolderDict,SPS_UI_ICON_C,sprites/items/specific/place_holder.png,209,18,14,11
7077,SpecificPlaceHolderDict,SPS_UI_ICON_D,sprites/items/specific/place_holder.png,226,17,12,14
7078,SpecificPlaceHolderDict,SPS_UI_ICON_E,sprites/items/specific/place_holder.png,241,17,13,14
7079,SpecificPlaceHolderDict,SPS_PH_LOG,sprites/items/specific/place_holder.png,4,36,8,9
7080,SpecificPlaceHolderDict,SPS_PH_WEAPON_TEST,sprites/items/specific/place_holder.png,17,33,14,14
7081,SpecificPlaceHolderDict,SPS_PH_ARMOR_TEST,sprites/items/specific/place_holder.png,33,33,14,12
7082,SpecificPlaceHolderDict,SPS_PH_WAND_TEST,sprites/items/specific/place_holder.png,49,33,14,14
7083,SpecificPlaceHolderDict,SPS_PH_TRINKET,sprites/items/specific/place_holder.png,65,35,14,11
7084,SpecificPlaceHolderDict,SPS_PH_ALCHEMY,sprites/items/specific/place_holder.png,99,35,10,10
7085,SpecificPlaceHolderDict,ELIXIR_HOLDER_0,sprites/items/specific/place_holder.png,130,33,12,14
7086,SpecificPlaceHolderDict,SPELL_HOLDER_0,sprites/items/specific/place_holder.png,148,32,8,16
7087,SpecificPlaceHolderDict,DOCUMENT_HOLDER_0,sprites/items/specific/place_holder.png,3,50,10,11
7088,SpecificPlaceHolderDict,SPS_PH_WEAPON_SPARE,sprites/items/specific/place_holder.png,17,49,14,14
7089,SpecificPlaceHolderDict,SPS_PH_ARMOR_SPARE,sprites/items/specific/place_holder.png,33,50,14,12
7090,SpecificPlaceHolderDict,SPS_PH_WAND_SPARE,sprites/items/specific/place_holder.png,49,49,14,14
7091,SpecificPlaceHolderDict,SPS_PH_BADGE,sprites/items/specific/place_holder.png,65,49,14,14
7092,SpecificPlaceHolderDict,SPS_GOLD_TO_SCOIN,sprites/items/specific/place_holder.png,209,51,14,11
7093,SpecificPlaceHolderDict,SPS_PH_BADGE_ALT,sprites/items/specific/place_holder.png,243,52,10,9
7094,SpecificTaskDict,TRINKET_CATA_0,sprites/items/specific/task.png,2,3,12,11
7095,SpecificTaskDict,DEWDROP_MUSHROOM,sprites/items/specific/task.png,17,1,13,14
7096,SpecificTaskDict,CANDLE_0,sprites/items/specific/task.png,34,2,12,12
7097,SpecificTaskDict,DUST_0,sprites/items/specific/task.png,50,3,12,11
7098,SpecificTaskDict,GNOLL_CLOTHES,sprites/items/specific/task.png,65,2,13,12
7099,SpecificTaskDict,BOOK_OF_ALL,sprites/items/specific/task.png,161,0,13,16
7100,SpecificTaskDict,POWER_CHALLENGE,sprites/items/specific/task.png,177,0,13,16
7101,SpecificTaskDict,TRIAL_OF_LIFE,sprites/items/specific/task.png,193,0,13,16
7102,SpecificTaskDict,TASTY_PUDDING,sprites/items/specific/task.png,210,3,12,11
7103,SpecificTaskDict,SOUL_COLLECT,sprites/items/specific/task.png,225,1,14,14
7104,SpecificTaskDict,POWER_HAND,sprites/items/specific/task.png,241,1,13,15
7105,SpecificTaskDict,PICKAXE_0,sprites/items/specific/task.png,1,17,14,14
7106,SpecificTaskDict,ORE_0,sprites/items/specific/task.png,17,17,15,15
7107,SpecificTaskDict,TOKEN_0,sprites/items/specific/task.png,34,18,12,12
7108,SpecificTaskDict,EMBER_0,sprites/items/specific/task.png,50,19,12,11
7109,SpecificTaskDict,WISDOM_CHALLENGE,sprites/items/specific/task.png,161,16,13,16
7110,SpecificTaskDict,TRIFORCE,sprites/items/specific/task.png,176,18,16,10
7111,SpecificTaskDict,FINAL_TRIAL,sprites/items/specific/task.png,193,16,15,15
7112,SpecificTaskDict,AMULET_0,sprites/items/specific/task.png,208,16,16,16
7113,SpecificTaskDict,ENERGY_CORE,sprites/items/specific/task.png,225,17,14,14
7114,SpecificTaskDict,FINAL_TROPHY,sprites/items/specific/task.png,240,16,16,16
7115,SpecificTaskDict,DOLYA_SLATE,sprites/items/specific/task.png,1,33,14,15
7116,SpecificTaskDict,SOUL_BOOK,sprites/items/specific/task.png,17,33,14,15
7117,SpecificTaskDict,TRIAL_BOOK,sprites/items/specific/task.png,34,33,12,15
7118,SpecificTaskDict,SEWER_CHALLENGE_0,sprites/items/specific/task.png,48,32,16,16
7119,SpecificTaskDict,SKELETON_CHALLENGE,sprites/items/specific/task.png,64,32,16,16
7120,SpecificTaskDict,CAVE_CHALLENGE_0,sprites/items/specific/task.png,80,32,16,16
7121,SpecificTaskDict,PRISON_CHALLENGE,sprites/items/specific/task.png,96,32,16,16
7122,SpecificTaskDict,POT_KEY_0,sprites/items/specific/task.png,112,32,16,16
7123,SpecificTaskDict,ROGUE_CHALLENGE,sprites/items/specific/task.png,128,32,16,16
7124,SpecificTaskDict,TELEPORT_COORDINATE,sprites/items/specific/task.png,3,50,10,11
7125,SpecificTaskDict,SECRET_TREASURE_SPOT,sprites/items/specific/task.png,50,48,12,16
7126,SpecificTaskDict,MAGIC_SKULL,sprites/items/specific/task.png,66,51,11,11
7127,SpecificTaskDict,CHARGED_CONCH,sprites/items/specific/task.png,83,49,9,14
7128,SpecificTaskDict,COURT_MEMORIAL,sprites/items/specific/task.png,98,49,12,15
