old_fqn,new_fqn
pd.items.weapon.melee.fusion.VerdantGuard,pd.items.equipment.weapon.melee.fusion.VerdantGuard
pd.items.potions.exotic.PotionOfDivineInspiration,pd.items.consum.potions.exotic.PotionOfDivineInspiration
pd.items.potions.PotionOfToxicGas,pd.items.consum.potions.PotionOfToxicGas
pd.items.potions.exotic.PotionOfCorrosiveGas,pd.items.consum.potions.exotic.PotionOfCorrosiveGas
pd.items.wands.WandOfLivingEarth,pd.items.equipment.wands.WandOfLivingEarth
pd.items.armor.glyphs.Crystalglyph,pd.items.equipment.armor.glyphs.Crystalglyph
pd.items.weapon.melee.normalweapon.MageBook,pd.items.equipment.weapon.melee.normalweapon.MageBook
pd.items.weapon.melee.Rapier,pd.items.equipment.weapon.melee.Rapier
pd.items.food.fruit.Blueberry,pd.items.consum.food.fruit.Blueberry
pd.items.armor.glyphs.Darkglyph,pd.items.equipment.armor.glyphs.Darkglyph
pd.items.weapon.rockcode.Trush,pd.items.equipment.weapon.rockcode.Trush
pd.items.potions.exotic.PotionOfMagicalSight,pd.items.consum.potions.exotic.PotionOfMagicalSight
pd.items.weapon.missiles.throwing.Wave,pd.items.equipment.weapon.missiles.throwing.Wave
pd.items.armor.glyphs.Flow,pd.items.equipment.armor.glyphs.Flow
pd.items.armor.normalarmor.BulletArmor,pd.items.equipment.armor.normalarmor.BulletArmor
pd.items.weapon.missiles.darts.ShockingDart,pd.items.equipment.weapon.missiles.darts.ShockingDart
pd.items.trinkets.Trinket,pd.items.equipment.trinkets.Trinket
pd.items.reward.SewerReward,pd.items.specific.reward.SewerReward
pd.items.weapon.missiles.darts.CleansingDart,pd.items.equipment.weapon.missiles.darts.CleansingDart
pd.items.weapon.missiles.meleethrow.HugeShuriken,pd.items.equipment.weapon.missiles.meleethrow.HugeShuriken
pd.items.eggs.GoldDragonEgg,pd.items.consum.eggs.GoldDragonEgg
pd.items.weapon.melee.Cudgel,pd.items.equipment.weapon.melee.Cudgel
pd.items.sellitem.CrossPhoto,pd.items.specific.sellitem.CrossPhoto
pd.items.journalpages.Sokoban1,pd.items.specific.journalpages.Sokoban1
pd.items.spells.TelekineticGrab,pd.items.consum.spells.TelekineticGrab
pd.items.weapon.spammo.SunAmmo,pd.items.equipment.weapon.spammo.SunAmmo
pd.items.food.vegetable.BrewLeft,pd.items.consum.food.vegetable.BrewLeft
pd.items.bombs.FrostBomb,pd.items.equipment.bombs.FrostBomb
pd.items.armor.specialarmor.LifeArmor,pd.items.equipment.armor.specialarmor.LifeArmor
pd.items.rings.RingOfMight,pd.items.equipment.rings.RingOfMight
pd.items.sellitem.NouthSouth,pd.items.specific.sellitem.NouthSouth
pd.items.armor.RogueArmor,pd.items.equipment.armor.RogueArmor
pd.items.weapon.melee.relic.AresSword,pd.items.equipment.weapon.melee.relic.AresSword
pd.items.weapon.rockcode.Ichain,pd.items.equipment.weapon.rockcode.Ichain
pd.items.weapon.enchantments.CromLuck,pd.items.equipment.weapon.enchantments.CromLuck
pd.items.eggs.randomone.RandomEgg4,pd.items.consum.eggs.randomone.RandomEgg4
pd.items.armor.glyphs.Entanglement,pd.items.equipment.armor.glyphs.Entanglement
pd.items.artifacts.Pylon,pd.items.equipment.artifacts.Pylon
pd.items.weapon.missiles.ElfBow,pd.items.equipment.weapon.missiles.ElfBow
pd.items.journal.GuidePage,pd.items.specific.journal.GuidePage
pd.items.weapon.melee.Crossbow,pd.items.equipment.weapon.melee.Crossbow
pd.items.weapon.melee.special.SpsSpecialMeleeWeapon,pd.items.equipment.weapon.melee.special.SpsSpecialMeleeWeapon
pd.items.scrolls.exotic.ScrollOfForesight,pd.items.consum.scrolls.exotic.ScrollOfForesight
pd.items.bombs.Noisemaker,pd.items.equipment.bombs.Noisemaker
pd.items.challengelists.IceChallenge,pd.items.specific.challengelists.IceChallenge
pd.items.food.completefood.Chickennugget,pd.items.consum.food.completefood.Chickennugget
pd.items.weapon.melee.fusion.FusionWeapon,pd.items.equipment.weapon.melee.fusion.FusionWeapon
pd.items.wands.DamageWand,pd.items.equipment.wands.DamageWand
pd.items.food.completefood.Gel,pd.items.consum.food.completefood.Gel
pd.items.weapon.melee.normalweapon.AssassinsBlade,pd.items.equipment.weapon.melee.normalweapon.AssassinsBlade
pd.items.weapon.melee.special.TekkoKagi,pd.items.equipment.weapon.melee.special.TekkoKagi
pd.items.scrolls.ScrollOfTerror,pd.items.consum.scrolls.ScrollOfTerror
pd.items.wands.fusion.WandOfFlow,pd.items.equipment.wands.fusion.WandOfFlow
pd.items.weapon.melee.fusion.PrayerWheel,pd.items.equipment.weapon.melee.fusion.PrayerWheel
pd.items.weapon.spammo.DewAmmo,pd.items.equipment.weapon.spammo.DewAmmo
pd.items.weapon.Weapon,pd.items.equipment.weapon.Weapon
pd.items.weapon.spammo.FireAmmo,pd.items.equipment.weapon.spammo.FireAmmo
pd.items.rings.RingOfFuror,pd.items.equipment.rings.RingOfFuror
pd.items.eggs.LitDemonEgg,pd.items.consum.eggs.LitDemonEgg
pd.items.weapon.missiles.throwing.HoneyArrow,pd.items.equipment.weapon.missiles.throwing.HoneyArrow
pd.items.food.StewedMeat,pd.items.consum.food.StewedMeat
pd.items.rings.fusion.RingOfMagic,pd.items.equipment.rings.fusion.RingOfMagic
pd.items.bombs.StormBomb,pd.items.equipment.bombs.StormBomb
pd.items.sellitem.UncleDumbbell,pd.items.specific.sellitem.UncleDumbbell
pd.items.weapon.missiles.Javelin,pd.items.equipment.weapon.missiles.Javelin
pd.items.food.completefood.Herbmeat,pd.items.consum.food.completefood.Herbmeat
pd.items.weapon.melee.Greataxe,pd.items.equipment.weapon.melee.Greataxe
pd.items.food.vegetable.BattleFlower,pd.items.consum.food.vegetable.BattleFlower
pd.items.weapon.ranges.AlloyBowN,pd.items.equipment.weapon.ranges.AlloyBowN
pd.items.weapon.enchantments.EnchantmentLight2,pd.items.equipment.weapon.enchantments.EnchantmentLight2
pd.items.weapon.missiles.throwing.MindArrow,pd.items.equipment.weapon.missiles.throwing.MindArrow
pd.items.artifacts.HornOfPlenty,pd.items.equipment.artifacts.HornOfPlenty
pd.items.keys.IronKey,pd.items.specific.keys.IronKey
pd.items.artifacts.CloakOfShadows,pd.items.equipment.artifacts.CloakOfShadows
pd.items.weapon.missiles.buildblock.LegacyBuildBlock,pd.items.equipment.weapon.missiles.buildblock.LegacyBuildBlock
pd.items.scrolls.exotic.ScrollOfPassage,pd.items.consum.scrolls.exotic.ScrollOfPassage
pd.items.medicine.DeathCap,pd.items.consum.medicine.DeathCap
pd.items.weapon.spammo.BattleAmmo,pd.items.equipment.weapon.spammo.BattleAmmo
pd.items.armor.curses.Displacement,pd.items.equipment.armor.curses.Displacement
pd.items.bombs.DangerousBomb,pd.items.equipment.bombs.DangerousBomb
pd.items.potions.SpsPotion,pd.items.consum.potions.SpsPotion
pd.items.scrolls.exotic.ScrollOfSirensSong,pd.items.consum.scrolls.exotic.ScrollOfSirensSong
pd.items.journal.DocumentPage,pd.items.specific.journal.DocumentPage
pd.items.weapon.spammo.SandAmmo,pd.items.equipment.weapon.spammo.SandAmmo
pd.items.weapon.melee.start.BunnySpanner,pd.items.equipment.weapon.melee.start.BunnySpanner
pd.items.food.completefood.Honeymeat,pd.items.consum.food.completefood.Honeymeat
pd.items.weapon.spammo.BlindAmmo,pd.items.equipment.weapon.spammo.BlindAmmo
pd.items.armor.glyphs.Thorns,pd.items.equipment.armor.glyphs.Thorns
pd.items.journal.Guidebook,pd.items.specific.journal.Guidebook
pd.items.wands.WandOfDisintegration,pd.items.equipment.wands.WandOfDisintegration
pd.items.stones.StoneOfFear,pd.items.consum.stones.StoneOfFear
pd.items.eggs.randomone.RandomMonthEgg,pd.items.consum.eggs.randomone.RandomMonthEgg
pd.items.sellitem.Tissue,pd.items.specific.sellitem.Tissue
pd.items.spells.UnstableSpell,pd.items.consum.spells.UnstableSpell
pd.items.scrolls.ScrollOfTeleportation,pd.items.consum.scrolls.ScrollOfTeleportation
pd.items.wands.WandOfCharm,pd.items.equipment.wands.WandOfCharm
pd.items.weapon.melee.Spork,pd.items.equipment.weapon.melee.Spork
pd.items.armor.PlateArmor,pd.items.equipment.armor.PlateArmor
pd.items.armor.normalarmor.CDArmor,pd.items.equipment.armor.normalarmor.CDArmor
pd.items.trinkets.ThirteenLeafClover,pd.items.equipment.trinkets.ThirteenLeafClover
pd.items.weapon.melee.Sword,pd.items.equipment.weapon.melee.Sword
pd.items.remains.TornPage,pd.items.ground.remains.TornPage
pd.items.keys.SpsSkeletonKey,pd.items.specific.keys.SpsSkeletonKey
pd.items.scrolls.exotic.ScrollOfAntiMagic,pd.items.consum.scrolls.exotic.ScrollOfAntiMagic
pd.items.scrolls.ScrollOfIdentify,pd.items.consum.scrolls.ScrollOfIdentify
pd.items.armor.normalarmor.DiscArmor,pd.items.equipment.armor.normalarmor.DiscArmor
pd.items.food.staplefood.Pasty,pd.items.consum.food.staplefood.Pasty
pd.items.food.WaterItem,pd.items.consum.food.WaterItem
pd.items.weapon.missiles.buildblock.BookBlock,pd.items.equipment.weapon.missiles.buildblock.BookBlock
pd.items.potions.PotionOfLiquidFlame,pd.items.consum.potions.PotionOfLiquidFlame
pd.items.bombs.WoollyBomb,pd.items.equipment.bombs.WoollyBomb
pd.items.weapon.missiles.arrows.FireFruit,pd.items.equipment.weapon.missiles.arrows.FireFruit
pd.items.potions.elixirs.ElixirOfDragonsBlood,pd.items.consum.potions.elixirs.ElixirOfDragonsBlood
pd.items.armor.normalarmor.VestArmor,pd.items.equipment.armor.normalarmor.VestArmor
pd.items.artifacts.DriedRose,pd.items.equipment.artifacts.DriedRose
pd.items.weapon.melee.normalweapon.NormalMeleeWeapon,pd.items.equipment.weapon.melee.normalweapon.NormalMeleeWeapon
pd.items.armor.normalarmor.PlateArmor,pd.items.equipment.armor.normalarmor.PlateArmor
pd.items.weapon.rockcode.Mlaser,pd.items.equipment.weapon.rockcode.Mlaser
pd.items.food.completefood.Fruitsalad,pd.items.consum.food.completefood.Fruitsalad
pd.items.weapon.rockcode.Alink,pd.items.equipment.weapon.rockcode.Alink
pd.items.armor.glyphs.AntiMagic,pd.items.equipment.armor.glyphs.AntiMagic
pd.items.food.meatfood.ShockMeat,pd.items.consum.food.meatfood.ShockMeat
pd.items.rings.RingOfSharpshooting,pd.items.equipment.rings.RingOfSharpshooting
pd.items.keys.GoldenKey,pd.items.specific.keys.GoldenKey
pd.items.eggs.randomone.RandomEgg11,pd.items.consum.eggs.randomone.RandomEgg11
pd.items.stones.StoneOfBlink,pd.items.consum.stones.StoneOfBlink
pd.items.food.staplefood.StapleFood,pd.items.consum.food.staplefood.StapleFood
pd.items.armor.fusion.CatSharkArmor,pd.items.equipment.armor.fusion.CatSharkArmor
pd.items.potions.elixirs.ElixirOfIcyTouch,pd.items.consum.potions.elixirs.ElixirOfIcyTouch
pd.items.food.completefood.RiceGruel,pd.items.consum.food.completefood.RiceGruel
pd.items.reward.BoundReward,pd.items.specific.reward.BoundReward
pd.items.weapon.enchantments.JupitersHorror,pd.items.equipment.weapon.enchantments.JupitersHorror
pd.items.wands.WandOfTest,pd.items.equipment.wands.WandOfTest
pd.items.armor.glyphs.Revivalglyph,pd.items.equipment.armor.glyphs.Revivalglyph
pd.items.armor.fusion.LifeArmor,pd.items.equipment.armor.fusion.LifeArmor
pd.items.trinkets.ShardOfOblivion,pd.items.equipment.trinkets.ShardOfOblivion
pd.items.potions.brews.UnstableBrew,pd.items.consum.potions.brews.UnstableBrew
pd.items.weapon.missiles.MissileWeapon,pd.items.equipment.weapon.missiles.MissileWeapon
pd.items.wands.WandOfAcid,pd.items.equipment.wands.WandOfAcid
pd.items.potions.PotionOfParalyticGas,pd.items.consum.potions.PotionOfParalyticGas
pd.items.sellitem.HummingTool,pd.items.specific.sellitem.HummingTool
pd.items.armor.specialarmor.TestArmor,pd.items.equipment.armor.specialarmor.TestArmor
pd.items.food.FireMeat,pd.items.consum.food.FireMeat
pd.items.weapon.missiles.ShootGun,pd.items.equipment.weapon.missiles.ShootGun
pd.items.food.vegetable.DreamLeaf,pd.items.consum.food.vegetable.DreamLeaf
pd.items.weapon.curses.Sacrificial,pd.items.equipment.weapon.curses.Sacrificial
pd.items.eggs.StarKidEgg,pd.items.consum.eggs.StarKidEgg
pd.items.wands.WandOfLight,pd.items.equipment.wands.WandOfLight
pd.items.eggs.DwarfBoyEgg,pd.items.consum.eggs.DwarfBoyEgg
pd.items.scrolls.exotic.ExoticScroll,pd.items.consum.scrolls.exotic.ExoticScroll
pd.items.rings.RingOfTenacity,pd.items.equipment.rings.RingOfTenacity
pd.items.weapon.enchantments.EnchantmentEarth,pd.items.equipment.weapon.enchantments.EnchantmentEarth
pd.items.food.completefood.Frenchfries,pd.items.consum.food.completefood.Frenchfries
pd.items.challengelists.PowerChallenge,pd.items.specific.challengelists.PowerChallenge
pd.items.keys.CrystalKey,pd.items.specific.keys.CrystalKey
pd.items.armor.specialarmor.PerformerArmor,pd.items.equipment.armor.specialarmor.PerformerArmor
pd.items.potions.PotionOfShield,pd.items.consum.potions.PotionOfShield
pd.items.weapon.melee.normalweapon.Spear,pd.items.equipment.weapon.melee.normalweapon.Spear
pd.items.weapon.SpiritBow,pd.items.equipment.weapon.SpiritBow
pd.items.weapon.SpsRangedWeapon,pd.items.equipment.weapon.SpsRangedWeapon
pd.items.keys.Key,pd.items.specific.keys.Key
pd.items.weapon.melee.normalweapon.Halberd,pd.items.equipment.weapon.melee.normalweapon.Halberd
pd.items.wands.WandOfCorruption,pd.items.equipment.wands.WandOfCorruption
pd.items.food.completefood.HoneyWater,pd.items.consum.food.completefood.HoneyWater
pd.items.stones.InventoryStone,pd.items.consum.stones.InventoryStone
pd.items.weapon.melee.start.BunnyDagger,pd.items.equipment.weapon.melee.start.BunnyDagger
pd.items.food.completefood.Vegetablekebab,pd.items.consum.food.completefood.Vegetablekebab
pd.items.spells.WildEnergy,pd.items.consum.spells.WildEnergy
pd.items.potions.PotionOfFrost,pd.items.consum.potions.PotionOfFrost
pd.items.weapon.spammo.StormAmmo,pd.items.equipment.weapon.spammo.StormAmmo
pd.items.weapon.ranges.WoodenBowS,pd.items.equipment.weapon.ranges.WoodenBowS
pd.items.weapon.curses.Pressurized,pd.items.equipment.weapon.curses.Pressurized
pd.items.potions.elixirs.ElixirOfArcaneArmor,pd.items.consum.potions.elixirs.ElixirOfArcaneArmor
pd.items.weapon.enchantments.Blocking,pd.items.equipment.weapon.enchantments.Blocking
pd.items.artifacts.TimekeepersHourglass,pd.items.equipment.artifacts.TimekeepersHourglass
pd.items.medicine.JackOLantern,pd.items.consum.medicine.JackOLantern
pd.items.weapon.enchantments.EnchantmentEnergy2,pd.items.equipment.weapon.enchantments.EnchantmentEnergy2
pd.items.weapon.missiles.arrows.CharmFruit,pd.items.equipment.weapon.missiles.arrows.CharmFruit
pd.items.eggs.Egg,pd.items.consum.eggs.Egg
pd.items.weapon.missiles.arrows.SpsFruit,pd.items.equipment.weapon.missiles.arrows.SpsFruit
pd.items.potions.brews.ShockingBrew,pd.items.consum.potions.brews.ShockingBrew
pd.items.weapon.curses.Friendly,pd.items.equipment.weapon.curses.Friendly
pd.items.eggs.randomone.RandomEgg8,pd.items.consum.eggs.randomone.RandomEgg8
pd.items.weapon.ranges.AlloyBowR,pd.items.equipment.weapon.ranges.AlloyBowR
pd.items.wands.WandOfError,pd.items.equipment.wands.WandOfError
pd.items.trinkets.SaltCube,pd.items.equipment.trinkets.SaltCube
pd.items.weapon.melee.special.HookHam,pd.items.equipment.weapon.melee.special.HookHam
pd.items.weapon.missiles.darts.TippedDart,pd.items.equipment.weapon.missiles.darts.TippedDart
pd.items.potions.Potion,pd.items.consum.potions.Potion
pd.items.eggs.randomone.RandomDefEgg,pd.items.consum.eggs.randomone.RandomDefEgg
pd.items.armor.glyphs.Repulsion,pd.items.equipment.armor.glyphs.Repulsion
pd.items.weapon.missiles.meleethrow.DragonBoat,pd.items.equipment.weapon.missiles.meleethrow.DragonBoat
pd.items.weapon.melee.WarHammer,pd.items.equipment.weapon.melee.WarHammer
pd.items.artifacts.LloydsBeacon,pd.items.equipment.artifacts.LloydsBeacon
pd.items.weapon.missiles.darts.ParalyticDart,pd.items.equipment.weapon.missiles.darts.ParalyticDart
pd.items.armor.normalarmor.StoneArmor,pd.items.equipment.armor.normalarmor.StoneArmor
pd.items.trinkets.RatSkull,pd.items.equipment.trinkets.RatSkull
pd.items.armor.HuntressArmor,pd.items.equipment.armor.HuntressArmor
pd.items.weapon.enchantments.Kinetic,pd.items.equipment.weapon.enchantments.Kinetic
pd.items.weapon.melee.Spellblade,pd.items.equipment.weapon.melee.Spellblade
pd.items.weapon.missiles.Kunai,pd.items.equipment.weapon.missiles.Kunai
pd.items.armor.curses.Overgrowth,pd.items.equipment.armor.curses.Overgrowth
pd.items.challengelists.WisdomChallenge,pd.items.specific.challengelists.WisdomChallenge
pd.items.weapon.ranges.PVCBowN,pd.items.equipment.weapon.ranges.PVCBowN
pd.items.eggs.LeryFireEgg,pd.items.consum.eggs.LeryFireEgg
pd.items.food.PetFood,pd.items.consum.food.PetFood
pd.items.armor.DuelistArmor,pd.items.equipment.armor.DuelistArmor
pd.items.food.completefood.Mediummeat,pd.items.consum.food.completefood.Mediummeat
pd.items.wands.WandOf13,pd.items.equipment.wands.WandOf13
pd.items.armor.glyphs.Iceglyph,pd.items.equipment.armor.glyphs.Iceglyph
pd.items.spells.ReclaimTrap,pd.items.consum.spells.ReclaimTrap
pd.items.weapon.rockcode.Obubble,pd.items.equipment.weapon.rockcode.Obubble
pd.items.potions.brews.BlizzardBrew,pd.items.consum.potions.brews.BlizzardBrew
pd.items.weapon.curses.Wondrous,pd.items.equipment.weapon.curses.Wondrous
pd.items.eggs.BugDragonEGG,pd.items.consum.eggs.BugDragonEGG
pd.items.weapon.enchantments.Blooming,pd.items.equipment.weapon.enchantments.Blooming
pd.items.weapon.ranges.AlloyBowS,pd.items.equipment.weapon.ranges.AlloyBowS
pd.items.weapon.melee.fusion.RitualBlade,pd.items.equipment.weapon.melee.fusion.RitualBlade
pd.items.food.fruit.Fruit,pd.items.consum.food.fruit.Fruit
pd.items.eggs.randomone.RandomEgg6,pd.items.consum.eggs.randomone.RandomEgg6
pd.items.eggs.ShadowDragonEgg,pd.items.consum.eggs.ShadowDragonEgg
pd.items.weapon.melee.start.BeastKnive,pd.items.equipment.weapon.melee.start.BeastKnive
pd.items.scrolls.exotic.ScrollOfEnchantment,pd.items.consum.scrolls.exotic.ScrollOfEnchantment
pd.items.armor.specialarmor.AsceticArmor,pd.items.equipment.armor.specialarmor.AsceticArmor
pd.items.wands.WandOfBlackMeow,pd.items.equipment.wands.WandOfBlackMeow
pd.items.eggs.FoxHelperEgg,pd.items.consum.eggs.FoxHelperEgg
pd.items.food.completefood.Porksoup,pd.items.consum.food.completefood.Porksoup
pd.items.weapon.melee.AssassinsBlade,pd.items.equipment.weapon.melee.AssassinsBlade
pd.items.armor.glyphs.Electricityglyph,pd.items.equipment.armor.glyphs.Electricityglyph
pd.items.weapon.melee.start.Whisk,pd.items.equipment.weapon.melee.start.Whisk
pd.items.wands.fusion.WandOfBlood,pd.items.equipment.wands.fusion.WandOfBlood
pd.items.scrolls.exotic.ScrollOfMetamorphosis,pd.items.consum.scrolls.exotic.ScrollOfMetamorphosis
pd.items.weapon.missiles.FishingSpear,pd.items.equipment.weapon.missiles.FishingSpear
pd.items.potions.elixirs.Elixir,pd.items.consum.potions.elixirs.Elixir
pd.items.challengelists.SewerChallenge,pd.items.specific.challengelists.SewerChallenge
pd.items.weapon.ranges.PVCBowS,pd.items.equipment.weapon.ranges.PVCBowS
pd.items.eggs.randomone.RandomEgg2,pd.items.consum.eggs.randomone.RandomEgg2
pd.items.weapon.missiles.ThrowingKnife,pd.items.equipment.weapon.missiles.ThrowingKnife
pd.items.bags.PotionBandolier,pd.items.equipment.bags.PotionBandolier
pd.items.weapon.melee.normalweapon.Nunchakus,pd.items.equipment.weapon.melee.normalweapon.Nunchakus
pd.items.eggs.BlueGirlEgg,pd.items.consum.eggs.BlueGirlEgg
pd.items.challengelists.ChallengeList,pd.items.specific.challengelists.ChallengeList
pd.items.artifacts.EtherealChains,pd.items.equipment.artifacts.EtherealChains
pd.items.food.Food,pd.items.consum.food.Food
pd.items.food.fruit.Cherry,pd.items.consum.food.fruit.Cherry
pd.items.eggs.ChocoboEgg,pd.items.consum.eggs.ChocoboEgg
pd.items.food.SmallMeat,pd.items.consum.food.SmallMeat
pd.items.weapon.melee.RoundShield,pd.items.equipment.weapon.melee.RoundShield
pd.items.weapon.melee.fusion.Harp,pd.items.equipment.weapon.melee.fusion.Harp
pd.items.remains.BowFragment,pd.items.ground.remains.BowFragment
pd.items.scrolls.exotic.ScrollOfPsionicBlast,pd.items.consum.scrolls.exotic.ScrollOfPsionicBlast
pd.items.weapon.missiles.throwing.EmpBola,pd.items.equipment.weapon.missiles.throwing.EmpBola
pd.items.weapon.melee.BattleAxe,pd.items.equipment.weapon.melee.BattleAxe
pd.items.weapon.melee.start.XSaber,pd.items.equipment.weapon.melee.start.XSaber
pd.items.potions.brews.CausticBrew,pd.items.consum.potions.brews.CausticBrew
pd.items.scrolls.ScrollOfTransmutation,pd.items.consum.scrolls.ScrollOfTransmutation
pd.items.weapon.spammo.StarAmmo,pd.items.equipment.weapon.spammo.StarAmmo
pd.items.weapon.guns.GunWeapon,pd.items.equipment.weapon.guns.GunWeapon
pd.items.potions.exotic.PotionOfStamina,pd.items.consum.potions.exotic.PotionOfStamina
pd.items.food.completefood.NutCake,pd.items.consum.food.completefood.NutCake
pd.items.potions.brews.Brew,pd.items.consum.potions.brews.Brew
pd.items.weapon.missiles.meleethrow.SmallChakram,pd.items.equipment.weapon.missiles.meleethrow.SmallChakram
pd.items.food.completefood.Kebab,pd.items.consum.food.completefood.Kebab
pd.items.journalpages.Sokoban4,pd.items.specific.journalpages.Sokoban4
pd.items.weapon.missiles.darts.AdrenalineDart,pd.items.equipment.weapon.missiles.darts.AdrenalineDart
pd.items.armor.normalarmor.PhantomArmor,pd.items.equipment.armor.normalarmor.PhantomArmor
pd.items.weapon.melee.Greatsword,pd.items.equipment.weapon.melee.Greatsword
pd.items.weapon.melee.relic.JupitersWraith,pd.items.equipment.weapon.melee.relic.JupitersWraith
pd.items.sellitem.MiniBunny,pd.items.specific.sellitem.MiniBunny
pd.items.armor.glyphs.Viscosity,pd.items.equipment.armor.glyphs.Viscosity
pd.items.bags.ShoppingCart,pd.items.equipment.bags.ShoppingCart
pd.items.weapon.melee.Longsword,pd.items.equipment.weapon.melee.Longsword
pd.items.weapon.missiles.MoneyPack,pd.items.equipment.weapon.missiles.MoneyPack
pd.items.medicine.TimePill,pd.items.consum.medicine.TimePill
pd.items.eggs.randomone.RandomEgg10,pd.items.consum.eggs.randomone.RandomEgg10
pd.items.wands.WandOfLightning,pd.items.equipment.wands.WandOfLightning
pd.items.journalpages.Town,pd.items.specific.journalpages.Town
pd.items.weapon.missiles.throwing.ErrorAmmo,pd.items.equipment.weapon.missiles.throwing.ErrorAmmo
pd.items.spells.CurseInfusion,pd.items.consum.spells.CurseInfusion
pd.items.eggs.randomone.RandomColEgg,pd.items.consum.eggs.randomone.RandomColEgg
pd.items.journalpages.Sokoban3,pd.items.specific.journalpages.Sokoban3
pd.items.weapon.enchantments.Eldritch,pd.items.equipment.weapon.enchantments.Eldritch
pd.items.weapon.missiles.arrows.SmokeFruit,pd.items.equipment.weapon.missiles.arrows.SmokeFruit
pd.items.wands.WandOfPrismaticLight,pd.items.equipment.wands.WandOfPrismaticLight
pd.items.wands.WandOfFrost,pd.items.equipment.wands.WandOfFrost
pd.items.artifacts.SkeletonKey,pd.items.equipment.artifacts.SkeletonKey
pd.items.armor.MageArmor,pd.items.equipment.armor.MageArmor
pd.items.scrolls.ScrollOfRegrowth,pd.items.consum.scrolls.ScrollOfRegrowth
pd.items.food.vegetable.NutVegetable,pd.items.consum.food.vegetable.NutVegetable
pd.items.armor.glyphs.Lightglyph,pd.items.equipment.armor.glyphs.Lightglyph
pd.items.weapon.missiles.buildblock.WoodenBlock,pd.items.equipment.weapon.missiles.buildblock.WoodenBlock
pd.items.weapon.spammo.GoldAmmo,pd.items.equipment.weapon.spammo.GoldAmmo
pd.items.food.fruit.Strawberry,pd.items.consum.food.fruit.Strawberry
pd.items.journal.RegionLorePage,pd.items.specific.journal.RegionLorePage
pd.items.armor.ClericArmor,pd.items.equipment.armor.ClericArmor
pd.items.weapon.missiles.Shuriken,pd.items.equipment.weapon.missiles.Shuriken
pd.items.remains.BrokenStaff,pd.items.ground.remains.BrokenStaff
pd.items.weapon.missiles.ThrowingSpear,pd.items.equipment.weapon.missiles.ThrowingSpear
pd.items.armor.normalarmor.BaseArmor,pd.items.equipment.armor.normalarmor.BaseArmor
pd.items.weapon.melee.fusion.Triangolo,pd.items.equipment.weapon.melee.fusion.Triangolo
pd.items.scrolls.ScrollOfMagicalInfusion,pd.items.consum.scrolls.ScrollOfMagicalInfusion
pd.items.artifacts.UnstableSpellbook,pd.items.equipment.artifacts.UnstableSpellbook
pd.items.sellitem.HunterLens,pd.items.specific.sellitem.HunterLens
pd.items.artifacts.RobotDMT,pd.items.equipment.artifacts.RobotDMT
pd.items.potions.PotionOfPurity,pd.items.consum.potions.PotionOfPurity
pd.items.weapon.rockcode.Zshield,pd.items.equipment.weapon.rockcode.Zshield
pd.items.food.meatfood.DarkMeat,pd.items.consum.food.meatfood.DarkMeat
pd.items.weapon.rockcode.RockCode,pd.items.equipment.weapon.rockcode.RockCode
pd.items.trinkets.TrinketCatalyst,pd.items.equipment.trinkets.TrinketCatalyst
pd.items.eggs.randomone.RandomEgg,pd.items.consum.eggs.randomone.RandomEgg
pd.items.food.meatfood.EarthMeat,pd.items.consum.food.meatfood.EarthMeat
pd.items.armor.specialarmor.SoldierArmor,pd.items.equipment.armor.specialarmor.SoldierArmor
pd.items.weapon.melee.start.BraveBook,pd.items.equipment.weapon.melee.start.BraveBook
pd.items.weapon.melee.MagesStaff,pd.items.equipment.weapon.melee.MagesStaff
pd.items.bombs.DungeonBomb,pd.items.equipment.bombs.DungeonBomb
pd.items.weapon.enchantments.SpsEnchantment,pd.items.equipment.weapon.enchantments.SpsEnchantment
pd.items.artifacts.AlienBag,pd.items.equipment.artifacts.AlienBag
pd.items.eggs.SpiderpetEgg,pd.items.consum.eggs.SpiderpetEgg
pd.items.medicine.Pill,pd.items.consum.medicine.Pill
pd.items.weapon.melee.start.EleKatana,pd.items.equipment.weapon.melee.start.EleKatana
pd.items.journal.AlchemyPage,pd.items.specific.journal.AlchemyPage
pd.items.weapon.melee.Spear,pd.items.equipment.weapon.melee.Spear
pd.items.weapon.melee.start.HolyMace,pd.items.equipment.weapon.melee.start.HolyMace
pd.items.scrolls.ScrollOfRage,pd.items.consum.scrolls.ScrollOfRage
pd.items.weapon.missiles.throwing.TossWeapon,pd.items.equipment.weapon.missiles.throwing.TossWeapon
pd.items.eggs.GentleCrabEgg,pd.items.consum.eggs.GentleCrabEgg
pd.items.medicine.MagicPill,pd.items.consum.medicine.MagicPill
pd.items.weapon.spammo.DreamAmmo,pd.items.equipment.weapon.spammo.DreamAmmo
pd.items.scrolls.ScrollOfDummy,pd.items.consum.scrolls.ScrollOfDummy
pd.items.weapon.missiles.darts.HolyDart,pd.items.equipment.weapon.missiles.darts.HolyDart
pd.items.food.meatfood.IceMeat,pd.items.consum.food.meatfood.IceMeat
pd.items.weapon.guns.Sling,pd.items.equipment.weapon.guns.Sling
pd.items.stones.StoneOfShock,pd.items.consum.stones.StoneOfShock
pd.items.armor.glyphs.Affection,pd.items.equipment.armor.glyphs.Affection
pd.items.sellitem.DwarfHammer,pd.items.specific.sellitem.DwarfHammer
pd.items.weapon.melee.start.DemonBlade,pd.items.equipment.weapon.melee.start.DemonBlade
pd.items.sellitem.LingHeart,pd.items.specific.sellitem.LingHeart
pd.items.weapon.melee.special.KeyWeapon,pd.items.equipment.weapon.melee.special.KeyWeapon
pd.items.reward.PrisonReward,pd.items.specific.reward.PrisonReward
pd.items.weapon.enchantments.EnchantmentLight,pd.items.equipment.weapon.enchantments.EnchantmentLight
pd.items.spells.Spell,pd.items.consum.spells.Spell
pd.items.weapon.melee.fusion.WarDrum,pd.items.equipment.weapon.melee.fusion.WarDrum
pd.items.weapon.guns.GunC,pd.items.equipment.weapon.guns.GunC
pd.items.bombs.MiniBomb,pd.items.equipment.bombs.MiniBomb
pd.items.artifacts.SandalsOfNature,pd.items.equipment.artifacts.SandalsOfNature
pd.items.challengelists.CityChallenge,pd.items.specific.challengelists.CityChallenge
pd.items.bags.ArrowCollecter,pd.items.equipment.bags.ArrowCollecter
pd.items.potions.PotionOfHealing,pd.items.consum.potions.PotionOfHealing
pd.items.weapon.curses.Explosive,pd.items.equipment.weapon.curses.Explosive
pd.items.weapon.spammo.WoodenAmmo,pd.items.equipment.weapon.spammo.WoodenAmmo
pd.items.potions.brews.InfernalBrew,pd.items.consum.potions.brews.InfernalBrew
pd.items.weapon.guns.ToyGun,pd.items.equipment.weapon.guns.ToyGun
pd.items.weapon.spammo.SpAmmo,pd.items.equipment.weapon.spammo.SpAmmo
pd.items.weapon.curses.Annoying,pd.items.equipment.weapon.curses.Annoying
pd.items.food.fruit.Moonberry,pd.items.consum.food.fruit.Moonberry
pd.items.weapon.melee.special.PaperFan,pd.items.equipment.weapon.melee.special.PaperFan
pd.items.weapon.melee.special.AFlySock,pd.items.equipment.weapon.melee.special.AFlySock
pd.items.weapon.enchantments.EnchantmentIce2,pd.items.equipment.weapon.enchantments.EnchantmentIce2
pd.items.weapon.ranges.RangePan,pd.items.equipment.weapon.ranges.RangePan
pd.items.weapon.enchantments.EnchantmentFire2,pd.items.equipment.weapon.enchantments.EnchantmentFire2
pd.items.weapon.melee.relic.CromCruachAxe,pd.items.equipment.weapon.melee.relic.CromCruachAxe
pd.items.challengelists.PrisonChallenge,pd.items.specific.challengelists.PrisonChallenge
pd.items.potions.exotic.PotionOfStormClouds,pd.items.consum.potions.exotic.PotionOfStormClouds
pd.items.wands.WandOfMagicMissile,pd.items.equipment.wands.WandOfMagicMissile
pd.items.food.FishCracker,pd.items.consum.food.FishCracker
pd.items.reward.CityReward,pd.items.specific.reward.CityReward
pd.items.spells.Recycle,pd.items.consum.spells.Recycle
pd.items.weapon.melee.normalweapon.FightGloves,pd.items.equipment.weapon.melee.normalweapon.FightGloves
pd.items.armor.specialarmor.HuntressArmor,pd.items.equipment.armor.specialarmor.HuntressArmor
pd.items.stones.Runestone,pd.items.consum.stones.Runestone
pd.items.food.completefood.CompleteFood,pd.items.consum.food.completefood.CompleteFood
pd.items.weapon.melee.fusion.Nunchaku,pd.items.equipment.weapon.melee.fusion.Nunchaku
pd.items.eggs.YearPetEgg,pd.items.consum.eggs.YearPetEgg
pd.items.food.Pasty,pd.items.consum.food.Pasty
pd.items.eggs.FrogpetEgg,pd.items.consum.eggs.FrogpetEgg
pd.items.weapon.melee.Scimitar,pd.items.equipment.weapon.melee.Scimitar
pd.items.weapon.melee.relic.RelicMeleeWeapon,pd.items.equipment.weapon.melee.relic.RelicMeleeWeapon
pd.items.potions.PotionOfMixing,pd.items.consum.potions.PotionOfMixing
pd.items.weapon.missiles.meleethrow.Brick,pd.items.equipment.weapon.missiles.meleethrow.Brick
pd.items.food.fusion.Nut,pd.items.consum.food.fusion.Nut
pd.items.spells.TargetedSpell,pd.items.consum.spells.TargetedSpell
pd.items.medicine.GoldenJelly,pd.items.consum.medicine.GoldenJelly
pd.items.food.vegetable.Truffles,pd.items.consum.food.vegetable.Truffles
pd.items.armor.glyphs.Energyglyph,pd.items.equipment.armor.glyphs.Energyglyph
pd.items.weapon.ranges.MetalBowS,pd.items.equipment.weapon.ranges.MetalBowS
pd.items.weapon.missiles.darts.RotDart,pd.items.equipment.weapon.missiles.darts.RotDart
pd.items.weapon.enchantments.EnchantmentEnergy,pd.items.equipment.weapon.enchantments.EnchantmentEnergy
pd.items.armor.glyphs.AdaptGlyph,pd.items.equipment.armor.glyphs.AdaptGlyph
pd.items.armor.curses.Corrosion,pd.items.equipment.armor.curses.Corrosion
pd.items.weapon.guns.GunA,pd.items.equipment.weapon.guns.GunA
pd.items.weapon.missiles.Bolas,pd.items.equipment.weapon.missiles.Bolas
pd.items.weapon.spammo.ThornAmmo,pd.items.equipment.weapon.spammo.ThornAmmo
pd.items.armor.specialarmor.FollowerArmor,pd.items.equipment.armor.specialarmor.FollowerArmor
pd.items.weapon.melee.special.ShadowEater,pd.items.equipment.weapon.melee.special.ShadowEater
pd.items.eggs.PigpetEgg,pd.items.consum.eggs.PigpetEgg
pd.items.weapon.missiles.ForceCube,pd.items.equipment.weapon.missiles.ForceCube
pd.items.armor.normalarmor.MultiplelayerArmor,pd.items.equipment.armor.normalarmor.MultiplelayerArmor
pd.items.reward.CaveReward,pd.items.specific.reward.CaveReward
pd.items.food.completefood.Meatroll,pd.items.consum.food.completefood.Meatroll
pd.items.keys.WornKey,pd.items.specific.keys.WornKey
pd.items.weapon.melee.normalweapon.WoodenStaff,pd.items.equipment.weapon.melee.normalweapon.WoodenStaff
pd.items.medicine.PixieParasol,pd.items.consum.medicine.PixieParasol
pd.items.potions.PotionOfLevitation,pd.items.consum.potions.PotionOfLevitation
pd.items.wands.WandOfBlastWave,pd.items.equipment.wands.WandOfBlastWave
pd.items.bombs.HolyBomb,pd.items.equipment.bombs.HolyBomb
pd.items.weapon.enchantments.Venomous,pd.items.equipment.weapon.enchantments.Venomous
pd.items.weapon.missiles.darts.PoisonDart,pd.items.equipment.weapon.missiles.darts.PoisonDart
pd.items.medicine.Earthstar,pd.items.consum.medicine.Earthstar
pd.items.trinkets.MimicTooth,pd.items.equipment.trinkets.MimicTooth
pd.items.wands.CannonOfMage,pd.items.equipment.wands.CannonOfMage
pd.items.weapon.melee.HandAxe,pd.items.equipment.weapon.melee.HandAxe
pd.items.armor.normalarmor.NormalArmor,pd.items.equipment.armor.normalarmor.NormalArmor
pd.items.armor.curses.Stench,pd.items.equipment.armor.curses.Stench
pd.items.potions.elixirs.ElixirOfFeatherFall,pd.items.consum.potions.elixirs.ElixirOfFeatherFall
pd.items.journalpages.NewHome,pd.items.specific.journalpages.NewHome
pd.items.weapon.missiles.ShitBall,pd.items.equipment.weapon.missiles.ShitBall
pd.items.weapon.melee.fusion.ReedPipe,pd.items.equipment.weapon.melee.fusion.ReedPipe
pd.items.armor.curses.Metabolism,pd.items.equipment.armor.curses.Metabolism
pd.items.trinkets.EyeOfNewt,pd.items.equipment.trinkets.EyeOfNewt
pd.items.weapon.enchantments.EnchantmentDark2,pd.items.equipment.weapon.enchantments.EnchantmentDark2
pd.items.food.Honey,pd.items.consum.food.Honey
pd.items.food.MeatPie,pd.items.consum.food.MeatPie
pd.items.eggs.ButterflypetEgg,pd.items.consum.eggs.ButterflypetEgg
pd.items.remains.CloakScrap,pd.items.ground.remains.CloakScrap
pd.items.weapon.melee.normalweapon.Whip,pd.items.equipment.weapon.melee.normalweapon.Whip
pd.items.bombs.EarthBomb,pd.items.equipment.bombs.EarthBomb
pd.items.potions.brews.AquaBrew,pd.items.consum.potions.brews.AquaBrew
pd.items.spells.MagicalInfusion,pd.items.consum.spells.MagicalInfusion
pd.items.food.completefood.ZongZi,pd.items.consum.food.completefood.ZongZi
pd.items.eggs.SnakeEgg,pd.items.consum.eggs.SnakeEgg
pd.items.artifacts.GlassTotem,pd.items.equipment.artifacts.GlassTotem
pd.items.weapon.melee.Shortsword,pd.items.equipment.weapon.melee.Shortsword
pd.items.armor.normalarmor.LeatherArmor,pd.items.equipment.armor.normalarmor.LeatherArmor
pd.items.food.vegetable.HealGrass,pd.items.consum.food.vegetable.HealGrass
pd.items.sellitem.Mirror2,pd.items.specific.sellitem.Mirror2
pd.items.trinkets.ChaoticCenser,pd.items.equipment.trinkets.ChaoticCenser
pd.items.eggs.ScorpionEgg,pd.items.consum.eggs.ScorpionEgg
pd.items.wands.WandOfTCloud,pd.items.equipment.wands.WandOfTCloud
pd.items.sellitem.VIPcard,pd.items.specific.sellitem.VIPcard
pd.items.weapon.enchantments.Lucky,pd.items.equipment.weapon.enchantments.Lucky
pd.items.food.completefood.HoneyGel,pd.items.consum.food.completefood.HoneyGel
pd.items.journalpages.Vault,pd.items.specific.journalpages.Vault
pd.items.eggs.randomone.RandomEgg7,pd.items.consum.eggs.randomone.RandomEgg7
pd.items.weapon.missiles.meleethrow.Tree,pd.items.equipment.weapon.missiles.meleethrow.Tree
pd.items.food.completefood.NutCookie,pd.items.consum.food.completefood.NutCookie
pd.items.weapon.guns.GunB,pd.items.equipment.weapon.guns.GunB
pd.items.armor.normalarmor.ClothArmor,pd.items.equipment.armor.normalarmor.ClothArmor
pd.items.bombs.SpsFireBomb,pd.items.equipment.bombs.SpsFireBomb
pd.items.stones.StoneOfDetectMagic,pd.items.consum.stones.StoneOfDetectMagic
pd.items.weapon.missiles.throwing.Boomerang,pd.items.equipment.weapon.missiles.throwing.Boomerang
pd.items.food.AflyFood,pd.items.consum.food.AflyFood
pd.items.scrolls.ScrollOfMirrorImage,pd.items.consum.scrolls.ScrollOfMirrorImage
pd.items.medicine.Greaterpill,pd.items.consum.medicine.Greaterpill
pd.items.food.completefood.Vegetableroll,pd.items.consum.food.completefood.Vegetableroll
pd.items.food.meatfood.LightMeat,pd.items.consum.food.meatfood.LightMeat
pd.items.food.completefood.FishPetFood,pd.items.consum.food.completefood.FishPetFood
pd.items.food.completefood.PetFood,pd.items.consum.food.completefood.PetFood
pd.items.weapon.missiles.throwing.BottleFire,pd.items.equipment.weapon.missiles.throwing.BottleFire
pd.items.artifacts.ChaliceOfBlood,pd.items.equipment.artifacts.ChaliceOfBlood
pd.items.stones.StoneOfBlast,pd.items.consum.stones.StoneOfBlast
pd.items.weapon.melee.WarScythe,pd.items.equipment.weapon.melee.WarScythe
pd.items.potions.PotionOfMindVision,pd.items.consum.potions.PotionOfMindVision
pd.items.stones.StoneOfAggression,pd.items.consum.stones.StoneOfAggression
pd.items.potions.PotionOfExperience,pd.items.consum.potions.PotionOfExperience
pd.items.armor.glyphs.Swiftness,pd.items.equipment.armor.glyphs.Swiftness
pd.items.scrolls.ScrollOfPsionicBlast,pd.items.consum.scrolls.ScrollOfPsionicBlast
pd.items.weapon.melee.normalweapon.Handaxe,pd.items.equipment.weapon.melee.normalweapon.Handaxe
pd.items.food.completefood.Icecream,pd.items.consum.food.completefood.Icecream
pd.items.armor.normalarmor.ProtectiveclothingArmor,pd.items.equipment.armor.normalarmor.ProtectiveclothingArmor
pd.items.medicine.Foamedbeverage,pd.items.consum.medicine.Foamedbeverage
pd.items.food.staplefood.NormalRation,pd.items.consum.food.staplefood.NormalRation
pd.items.trinkets.DimensionalSundial,pd.items.equipment.trinkets.DimensionalSundial
pd.items.weapon.missiles.meleethrow.MeleeThrowWeapon,pd.items.equipment.weapon.missiles.meleethrow.MeleeThrowWeapon
pd.items.weapon.melee.normalweapon.Rapier,pd.items.equipment.weapon.melee.normalweapon.Rapier
pd.items.armor.glyphs.Obfuscation,pd.items.equipment.armor.glyphs.Obfuscation
pd.items.artifacts.HolyTome,pd.items.equipment.artifacts.HolyTome
pd.items.weapon.melee.fusion.WindBottle,pd.items.equipment.weapon.melee.fusion.WindBottle
pd.items.journalpages.Sokoban2,pd.items.specific.journalpages.Sokoban2
pd.items.artifacts.TalismanOfForesight,pd.items.equipment.artifacts.TalismanOfForesight
pd.items.weapon.melee.normalweapon.Lance,pd.items.equipment.weapon.melee.normalweapon.Lance
pd.items.food.completefood.PerfectFood,pd.items.consum.food.completefood.PerfectFood
pd.items.scrolls.exotic.ScrollOfDread,pd.items.consum.scrolls.exotic.ScrollOfDread
pd.items.trinkets.VialOfBlood,pd.items.equipment.trinkets.VialOfBlood
pd.items.trinkets.WondrousResin,pd.items.equipment.trinkets.WondrousResin
pd.items.weapon.missiles.arrows.RiceBall,pd.items.equipment.weapon.missiles.arrows.RiceBall
pd.items.weapon.missiles.ThrowingSpike,pd.items.equipment.weapon.missiles.ThrowingSpike
pd.items.bombs.ShrapnelBomb,pd.items.equipment.bombs.ShrapnelBomb
pd.items.armor.specialarmor.RenBArmor,pd.items.equipment.armor.specialarmor.RenBArmor
pd.items.eggs.AflyEgg,pd.items.consum.eggs.AflyEgg
pd.items.weapon.missiles.HeavyBoomerang,pd.items.equipment.weapon.missiles.HeavyBoomerang
pd.items.weapon.missiles.TaurcenBow,pd.items.equipment.weapon.missiles.TaurcenBow
pd.items.food.Berry,pd.items.consum.food.Berry
pd.items.weapon.melee.special.TenguSword,pd.items.equipment.weapon.melee.special.TenguSword
pd.items.eggs.RandomEasterEgg,pd.items.consum.eggs.RandomEasterEgg
pd.items.weapon.melee.normalweapon.Knuckles,pd.items.equipment.weapon.melee.normalweapon.Knuckles
pd.items.weapon.missiles.arrows.ShockFruit,pd.items.equipment.weapon.missiles.arrows.ShockFruit
pd.items.weapon.melee.Greatshield,pd.items.equipment.weapon.melee.Greatshield
pd.items.food.meatfood.HarmPoop,pd.items.consum.food.meatfood.HarmPoop
pd.items.medicine.Hardpill,pd.items.consum.medicine.Hardpill
pd.items.artifacts.FlyChains,pd.items.equipment.artifacts.FlyChains
pd.items.wands.CursedWand,pd.items.equipment.wands.CursedWand
pd.items.weapon.melee.special.Lollipop,pd.items.equipment.weapon.melee.special.Lollipop
pd.items.weapon.missiles.Tomahawk,pd.items.equipment.weapon.missiles.Tomahawk
pd.items.potions.exotic.PotionOfMastery,pd.items.consum.potions.exotic.PotionOfMastery
pd.items.weapon.missiles.darts.DisplacingDart,pd.items.equipment.weapon.missiles.darts.DisplacingDart
pd.items.weapon.missiles.buildblock.BuildBlock,pd.items.equipment.weapon.missiles.buildblock.BuildBlock
pd.items.potions.exotic.PotionOfCleansing,pd.items.consum.potions.exotic.PotionOfCleansing
pd.items.weapon.melee.HolyWater,pd.items.equipment.weapon.melee.HolyWater
pd.items.stones.StoneOfEnchantment,pd.items.consum.stones.StoneOfEnchantment
pd.items.weapon.missiles.darts.BlindingDart,pd.items.equipment.weapon.missiles.darts.BlindingDart
pd.items.food.staplefood.OverpricedRation,pd.items.consum.food.staplefood.OverpricedRation
pd.items.rings.RingOfElements,pd.items.equipment.rings.RingOfElements
pd.items.weapon.enchantments.Crystal,pd.items.equipment.weapon.enchantments.Crystal
pd.items.bags.WandHolster,pd.items.equipment.bags.WandHolster
pd.items.potions.exotic.PotionOfShroudingFog,pd.items.consum.potions.exotic.PotionOfShroudingFog
pd.items.armor.glyphs.Earthglyph,pd.items.equipment.armor.glyphs.Earthglyph
pd.items.wands.WandOfFlock,pd.items.equipment.wands.WandOfFlock
pd.items.potions.PotionOfHaste,pd.items.consum.potions.PotionOfHaste
pd.items.weapon.melee.special.ErrorW,pd.items.equipment.weapon.melee.special.ErrorW
pd.items.weapon.spammo.EvolveAmmo,pd.items.equipment.weapon.spammo.EvolveAmmo
pd.items.weapon.rockcode.Sweb,pd.items.equipment.weapon.rockcode.Sweb
pd.items.medicine.Musicpill,pd.items.consum.medicine.Musicpill
pd.items.armor.ClothArmor,pd.items.equipment.armor.ClothArmor
pd.items.weapon.ranges.MetalBowR,pd.items.equipment.weapon.ranges.MetalBowR
pd.items.weapon.missiles.throwing.Skull,pd.items.equipment.weapon.missiles.throwing.Skull
pd.items.weapon.melee.Gauntlet,pd.items.equipment.weapon.melee.Gauntlet
pd.items.armor.curses.Bulk,pd.items.equipment.armor.curses.Bulk
pd.items.weapon.spammo.IceAmmo,pd.items.equipment.weapon.spammo.IceAmmo
pd.items.weapon.melee.WornShortsword,pd.items.equipment.weapon.melee.WornShortsword
pd.items.medicine.Timepill2,pd.items.consum.medicine.Timepill2
pd.items.sellitem.Apk931,pd.items.specific.sellitem.Apk931
pd.items.rings.RingOfAccuracy,pd.items.equipment.rings.RingOfAccuracy
pd.items.artifacts.Artifact,pd.items.equipment.artifacts.Artifact
pd.items.armor.specialarmor.WarriorArmor,pd.items.equipment.armor.specialarmor.WarriorArmor
pd.items.eggs.randomone.RandomEgg12,pd.items.consum.eggs.randomone.RandomEgg12
pd.items.weapon.rockcode.Dpotion,pd.items.equipment.weapon.rockcode.Dpotion
pd.items.weapon.missiles.arrows.MagicHand,pd.items.equipment.weapon.missiles.arrows.MagicHand
pd.items.weapon.melee.special.FireCracker,pd.items.equipment.weapon.melee.special.FireCracker
pd.items.scrolls.ScrollOfMagicMapping,pd.items.consum.scrolls.ScrollOfMagicMapping
pd.items.eggs.randomone.RandomEgg3,pd.items.consum.eggs.randomone.RandomEgg3
pd.items.sellitem.BrokenHammer,pd.items.specific.sellitem.BrokenHammer
pd.items.potions.exotic.ExoticPotion,pd.items.consum.potions.exotic.ExoticPotion
pd.items.bombs.Firebomb,pd.items.equipment.bombs.Firebomb
pd.items.food.meatfood.FunnyFood,pd.items.consum.food.meatfood.FunnyFood
pd.items.weapon.missiles.arrows.RootFruit,pd.items.equipment.weapon.missiles.arrows.RootFruit
pd.items.trinkets.PetrifiedSeed,pd.items.equipment.trinkets.PetrifiedSeed
pd.items.sellitem.SheepFur,pd.items.specific.sellitem.SheepFur
pd.items.weapon.melee.MeleeWeapon,pd.items.equipment.weapon.melee.MeleeWeapon
pd.items.potions.PotionOfInvisibility,pd.items.consum.potions.PotionOfInvisibility
pd.items.weapon.missiles.buildblock.WaterBlock,pd.items.equipment.weapon.missiles.buildblock.WaterBlock
pd.items.weapon.missiles.arrows.IceFruit,pd.items.equipment.weapon.missiles.arrows.IceFruit
pd.items.weapon.melee.relic.NeptunusTrident,pd.items.equipment.weapon.melee.relic.NeptunusTrident
pd.items.weapon.melee.Whip,pd.items.equipment.weapon.melee.Whip
pd.items.bombs.HugeBomb,pd.items.equipment.bombs.HugeBomb
pd.items.sellitem.DevUpPlan,pd.items.specific.sellitem.DevUpPlan
pd.items.scrolls.ScrollOfRecharging,pd.items.consum.scrolls.ScrollOfRecharging
pd.items.food.completefood.Chocolate,pd.items.consum.food.completefood.Chocolate
pd.items.weapon.melee.Quarterstaff,pd.items.equipment.weapon.melee.Quarterstaff
pd.items.eggs.HaroEgg,pd.items.consum.eggs.HaroEgg
pd.items.weapon.missiles.arrows.HealFruit,pd.items.equipment.weapon.missiles.arrows.HealFruit
pd.items.weapon.spammo.MossAmmo,pd.items.equipment.weapon.spammo.MossAmmo
pd.items.bags.VelvetPouch,pd.items.equipment.bags.VelvetPouch
pd.items.weapon.enchantments.Vorpal,pd.items.equipment.weapon.enchantments.Vorpal
pd.items.weapon.melee.special.MeleePan,pd.items.equipment.weapon.melee.special.MeleePan
pd.items.armor.glyphs.RecoilGlyph,pd.items.equipment.armor.glyphs.RecoilGlyph
pd.items.eggs.RibbonRatEgg,pd.items.consum.eggs.RibbonRatEgg
pd.items.potions.exotic.PotionOfShielding,pd.items.consum.potions.exotic.PotionOfShielding
pd.items.food.fruit.Cloudberry,pd.items.consum.food.fruit.Cloudberry
pd.items.remains.SealShard,pd.items.ground.remains.SealShard
pd.items.wands.WandOfSwamp,pd.items.equipment.wands.WandOfSwamp
pd.items.scrolls.exotic.ScrollOfDivination,pd.items.consum.scrolls.exotic.ScrollOfDivination
pd.items.armor.MailArmor,pd.items.equipment.armor.MailArmor
pd.items.artifacts.TimeOclock,pd.items.equipment.artifacts.TimeOclock
pd.items.weapon.ranges.StoneBowR,pd.items.equipment.weapon.ranges.StoneBowR
pd.items.weapon.missiles.darts.HealingDart,pd.items.equipment.weapon.missiles.darts.HealingDart
pd.items.weapon.missiles.arrows.GlassFruit,pd.items.equipment.weapon.missiles.arrows.GlassFruit
pd.items.rings.fusion.RingOfKnowledge,pd.items.equipment.rings.fusion.RingOfKnowledge
pd.items.armor.normalarmor.MailArmor,pd.items.equipment.armor.normalarmor.MailArmor
pd.items.weapon.missiles.buildblock.StoneBlock,pd.items.equipment.weapon.missiles.buildblock.StoneBlock
pd.items.weapon.melee.fusion.Flute,pd.items.equipment.weapon.melee.fusion.Flute
pd.items.weapon.melee.start.PixelTorch,pd.items.equipment.weapon.melee.start.PixelTorch
pd.items.bags.ScrollHolder,pd.items.equipment.bags.ScrollHolder
pd.items.artifacts.fusion.EyeOfSkadi,pd.items.equipment.artifacts.fusion.EyeOfSkadi
pd.items.weapon.melee.start.LinkSword,pd.items.equipment.weapon.melee.start.LinkSword
pd.items.weapon.melee.Glaive,pd.items.equipment.weapon.melee.Glaive
pd.items.weapon.curses.Dazzling,pd.items.equipment.weapon.curses.Dazzling
pd.items.food.fruit.Durian,pd.items.consum.food.fruit.Durian
pd.items.bags.SeedPouch,pd.items.equipment.bags.SeedPouch
pd.items.rings.Ring,pd.items.equipment.rings.Ring
pd.items.weapon.melee.block.GoblinShield,pd.items.equipment.weapon.melee.block.GoblinShield
pd.items.weapon.missiles.arrows.BlindFruit,pd.items.equipment.weapon.missiles.arrows.BlindFruit
pd.items.weapon.ranges.StoneBowS,pd.items.equipment.weapon.ranges.StoneBowS
pd.items.trinkets.ParchmentScrap,pd.items.equipment.trinkets.ParchmentScrap
pd.items.armor.specialarmor.RogueArmor,pd.items.equipment.armor.specialarmor.RogueArmor
pd.items.weapon.melee.fusion.Trumpet,pd.items.equipment.weapon.melee.fusion.Trumpet
pd.items.wands.WandOfShatteredFireblast,pd.items.equipment.wands.WandOfShatteredFireblast
pd.items.scrolls.InventoryScroll,pd.items.consum.scrolls.InventoryScroll
pd.items.weapon.missiles.ThrowingStone,pd.items.equipment.weapon.missiles.ThrowingStone
pd.items.eggs.randomone.RandomPetEgg,pd.items.consum.eggs.randomone.RandomPetEgg
pd.items.food.Blandfruit,pd.items.consum.food.Blandfruit
pd.items.armor.glyphs.SpsGlyph,pd.items.equipment.armor.glyphs.SpsGlyph
pd.items.weapon.ranges.StoneBowN,pd.items.equipment.weapon.ranges.StoneBowN
pd.items.weapon.enchantments.NeptuneShock,pd.items.equipment.weapon.enchantments.NeptuneShock
pd.items.eggs.RedDragonEgg,pd.items.consum.eggs.RedDragonEgg
pd.items.potions.PotionOfMending,pd.items.consum.potions.PotionOfMending
pd.items.artifacts.fusion.NoomlinCrown,pd.items.equipment.artifacts.fusion.NoomlinCrown
pd.items.armor.normalarmor.StyrofoamArmor,pd.items.equipment.armor.normalarmor.StyrofoamArmor
pd.items.weapon.missiles.throwing.LynnDoll,pd.items.equipment.weapon.missiles.throwing.LynnDoll
pd.items.remains.BrokenHilt,pd.items.ground.remains.BrokenHilt
pd.items.eggs.DogpetEgg,pd.items.consum.eggs.DogpetEgg
pd.items.medicine.Shootpill,pd.items.consum.medicine.Shootpill
pd.items.eggs.LightDragonEgg,pd.items.consum.eggs.LightDragonEgg
pd.items.weapon.melee.Mace,pd.items.equipment.weapon.melee.Mace
pd.items.armor.WarriorArmor,pd.items.equipment.armor.WarriorArmor
pd.items.potions.elixirs.ElixirOfToxicEssence,pd.items.consum.potions.elixirs.ElixirOfToxicEssence
pd.items.eggs.BlueDragonEgg,pd.items.consum.eggs.BlueDragonEgg
pd.items.bombs.BuildBomb,pd.items.equipment.bombs.BuildBomb
pd.items.weapon.enchantments.Projecting,pd.items.equipment.weapon.enchantments.Projecting
pd.items.weapon.ranges.PVCBowR,pd.items.equipment.weapon.ranges.PVCBowR
pd.items.challengelists.CaveChallenge,pd.items.specific.challengelists.CaveChallenge
pd.items.armor.glyphs.Camouflage,pd.items.equipment.armor.glyphs.Camouflage
pd.items.eggs.EasterEgg,pd.items.consum.eggs.EasterEgg
pd.items.spells.PhaseShift,pd.items.consum.spells.PhaseShift
pd.items.scrolls.ScrollOfLullaby,pd.items.consum.scrolls.ScrollOfLullaby
pd.items.food.MysteryMeat,pd.items.consum.food.MysteryMeat
pd.items.weapon.guns.GunD,pd.items.equipment.weapon.guns.GunD
pd.items.challengelists.CourageChallenge,pd.items.specific.challengelists.CourageChallenge
pd.items.weapon.melee.normalweapon.ShortSword,pd.items.equipment.weapon.melee.normalweapon.ShortSword
pd.items.armor.Armor,pd.items.equipment.armor.Armor
pd.items.food.completefood.Honeyrice,pd.items.consum.food.completefood.Honeyrice
pd.items.bags.KeyRing,pd.items.equipment.bags.KeyRing
pd.items.sellitem.SellItem,pd.items.specific.sellitem.SellItem
pd.items.weapon.melee.start.DiamondPickaxe,pd.items.equipment.weapon.melee.start.DiamondPickaxe
pd.items.weapon.guns.GunE,pd.items.equipment.weapon.guns.GunE
pd.items.trinkets.MossyClump,pd.items.equipment.trinkets.MossyClump
pd.items.weapon.missiles.buildblock.WallBlock,pd.items.equipment.weapon.missiles.buildblock.WallBlock
pd.items.eggs.GreenDragonEgg,pd.items.consum.eggs.GreenDragonEgg
pd.items.bombs.IceBomb,pd.items.equipment.bombs.IceBomb
pd.items.weapon.enchantments.Unstable,pd.items.equipment.weapon.enchantments.Unstable
pd.items.spells.SummonElemental,pd.items.consum.spells.SummonElemental
pd.items.weapon.melee.Dagger,pd.items.equipment.weapon.melee.Dagger
pd.items.weapon.enchantments.Blazing,pd.items.equipment.weapon.enchantments.Blazing
pd.items.bags.Bag,pd.items.equipment.bags.Bag
pd.items.food.meatfood.MeatFood,pd.items.consum.food.meatfood.MeatFood
pd.items.weapon.spammo.RotAmmo,pd.items.equipment.weapon.spammo.RotAmmo
pd.items.wands.WandOfRegrowth,pd.items.equipment.wands.WandOfRegrowth
pd.items.eggs.randomone.RandomAtkEgg,pd.items.consum.eggs.randomone.RandomAtkEgg
pd.items.armor.curses.AntiEntropy,pd.items.equipment.armor.curses.AntiEntropy
pd.items.weapon.melee.special.WraithBreath,pd.items.equipment.weapon.melee.special.WraithBreath
pd.items.trinkets.TrapMechanism,pd.items.equipment.trinkets.TrapMechanism
pd.items.weapon.enchantments.AresLeech,pd.items.equipment.weapon.enchantments.AresLeech
pd.items.weapon.melee.special.TestWeapon,pd.items.equipment.weapon.melee.special.TestWeapon
pd.items.weapon.melee.normalweapon.WarHammer,pd.items.equipment.weapon.melee.normalweapon.WarHammer
pd.items.scrolls.exotic.ScrollOfMysticalEnergy,pd.items.consum.scrolls.exotic.ScrollOfMysticalEnergy
pd.items.weapon.enchantments.Vampiric,pd.items.equipment.weapon.enchantments.Vampiric
pd.items.food.completefood.MixPizza,pd.items.consum.food.completefood.MixPizza
pd.items.armor.glyphs.Fireglyph,pd.items.equipment.armor.glyphs.Fireglyph
pd.items.challengelists.ChallengePageDrops,pd.items.specific.challengelists.ChallengePageDrops
pd.items.weapon.melee.normalweapon.Dualknive,pd.items.equipment.weapon.melee.normalweapon.Dualknive
pd.items.bombs.RegrowthBomb,pd.items.equipment.bombs.RegrowthBomb
pd.items.trinkets.FerretTuft,pd.items.equipment.trinkets.FerretTuft
pd.items.armor.glyphs.Brimstone,pd.items.equipment.armor.glyphs.Brimstone
pd.items.weapon.melee.StoneCross,pd.items.equipment.weapon.melee.StoneCross
pd.items.food.SupplyRation,pd.items.consum.food.SupplyRation
pd.items.weapon.melee.Katana,pd.items.equipment.weapon.melee.Katana
pd.items.bags.MagicalHolster,pd.items.equipment.bags.MagicalHolster
pd.items.food.completefood.MoonCake,pd.items.consum.food.completefood.MoonCake
pd.items.wands.WandOfWarding,pd.items.equipment.wands.WandOfWarding
pd.items.eggs.randomone.RandomEgg5,pd.items.consum.eggs.randomone.RandomEgg5
pd.items.weapon.missiles.fusion.TempestBoomerang,pd.items.equipment.weapon.missiles.fusion.TempestBoomerang
pd.items.weapon.missiles.ThrowingClub,pd.items.equipment.weapon.missiles.ThrowingClub
pd.items.artifacts.CapeOfThorns,pd.items.equipment.artifacts.CapeOfThorns
pd.items.sellitem.JumperDancer,pd.items.specific.sellitem.JumperDancer
pd.items.bombs.SmokeBomb,pd.items.equipment.bombs.SmokeBomb
pd.items.wands.Wand,pd.items.equipment.wands.Wand
pd.items.weapon.enchantments.Corrupting,pd.items.equipment.weapon.enchantments.Corrupting
pd.items.weapon.enchantments.EnchantmentDark,pd.items.equipment.weapon.enchantments.EnchantmentDark
pd.items.weapon.missiles.darts.ChillingDart,pd.items.equipment.weapon.missiles.darts.ChillingDart
pd.items.stones.StoneOfIntuition,pd.items.consum.stones.StoneOfIntuition
pd.items.weapon.missiles.Trident,pd.items.equipment.weapon.missiles.Trident
pd.items.rings.RingOfForce,pd.items.equipment.rings.RingOfForce
pd.items.artifacts.MasterThievesArmband,pd.items.equipment.artifacts.MasterThievesArmband
pd.items.weapon.melee.special.XiXiBox,pd.items.equipment.weapon.melee.special.XiXiBox
pd.items.weapon.melee.Gloves,pd.items.equipment.weapon.melee.Gloves
pd.items.weapon.melee.normalweapon.BattleAxe,pd.items.equipment.weapon.melee.normalweapon.BattleAxe
pd.items.weapon.enchantments.Chilling,pd.items.equipment.weapon.enchantments.Chilling
pd.items.weapon.melee.relic.SpsRelicWeapon,pd.items.equipment.weapon.melee.relic.SpsRelicWeapon
pd.items.journalpages.SafeSpotPage,pd.items.specific.journalpages.SafeSpotPage
pd.items.weapon.missiles.buildblock.DoorBlock,pd.items.equipment.weapon.missiles.buildblock.DoorBlock
pd.items.medicine.BlueMilk,pd.items.consum.medicine.BlueMilk
pd.items.food.SmallRation,pd.items.consum.food.SmallRation
pd.items.weapon.ranges.WoodenBowN,pd.items.equipment.weapon.ranges.WoodenBowN
pd.items.weapon.rockcode.Nshuriken,pd.items.equipment.weapon.rockcode.Nshuriken
pd.items.weapon.missiles.buildblock.PlantPotBlock,pd.items.equipment.weapon.missiles.buildblock.PlantPotBlock
pd.items.eggs.CocoCatEgg,pd.items.consum.eggs.CocoCatEgg
pd.items.weapon.melee.HandLight,pd.items.equipment.weapon.melee.HandLight
pd.items.weapon.melee.MirrorDoll,pd.items.equipment.weapon.melee.MirrorDoll
pd.items.potions.elixirs.ElixirOfHoneyedHealing,pd.items.consum.potions.elixirs.ElixirOfHoneyedHealing
pd.items.sellitem.BottleFlower,pd.items.specific.sellitem.BottleFlower
pd.items.rings.RingOfWealth,pd.items.equipment.rings.RingOfWealth
pd.items.food.FrozenCarpaccio,pd.items.consum.food.FrozenCarpaccio
pd.items.food.completefood.Vegetablesoup,pd.items.consum.food.completefood.Vegetablesoup
pd.items.weapon.enchantments.Grim,pd.items.equipment.weapon.enchantments.Grim
pd.items.spells.Alchemize,pd.items.consum.spells.Alchemize
pd.items.weapon.curses.Wayward,pd.items.equipment.weapon.curses.Wayward
pd.items.potions.PotionOfStrength,pd.items.consum.potions.PotionOfStrength
pd.items.potions.exotic.PotionOfEarthenArmor,pd.items.consum.potions.exotic.PotionOfEarthenArmor
pd.items.sellitem.Simple360,pd.items.specific.sellitem.Simple360
pd.items.weapon.missiles.darts.IncendiaryDart,pd.items.equipment.weapon.missiles.darts.IncendiaryDart
pd.items.sellitem.SellMushroom,pd.items.specific.sellitem.SellMushroom
pd.items.weapon.missiles.meleethrow.Tamahawk,pd.items.equipment.weapon.missiles.meleethrow.Tamahawk
pd.items.weapon.missiles.ThrowingHammer,pd.items.equipment.weapon.missiles.ThrowingHammer
pd.items.wands.WandOfTransfusion,pd.items.equipment.wands.WandOfTransfusion
pd.items.weapon.melee.normalweapon.Scimitar,pd.items.equipment.weapon.melee.normalweapon.Scimitar
pd.items.weapon.melee.CurseBox,pd.items.equipment.weapon.melee.CurseBox
pd.items.rings.RingOfHaste,pd.items.equipment.rings.RingOfHaste
pd.items.eggs.VelociroosterEgg,pd.items.consum.eggs.VelociroosterEgg
pd.items.food.GoldenNut,pd.items.consum.food.GoldenNut
pd.items.remains.RemainsItem,pd.items.ground.remains.RemainsItem
pd.items.weapon.missiles.arrows.NutFruit,pd.items.equipment.weapon.missiles.arrows.NutFruit
pd.items.potions.PotionOfMight,pd.items.consum.potions.PotionOfMight
pd.items.weapon.missiles.throwing.EscapeKnive,pd.items.equipment.weapon.missiles.throwing.EscapeKnive
pd.items.armor.normalarmor.ErrorArmor,pd.items.equipment.armor.normalarmor.ErrorArmor
pd.items.weapon.spammo.HeavyAmmo,pd.items.equipment.weapon.spammo.HeavyAmmo
pd.items.reward.ChallengeReward,pd.items.specific.reward.ChallengeReward
pd.items.weapon.rockcode.Gleaf,pd.items.equipment.weapon.rockcode.Gleaf
pd.items.wands.WandOfFreeze,pd.items.equipment.wands.WandOfFreeze
pd.items.medicine.RealgarWine,pd.items.consum.medicine.RealgarWine
pd.items.stones.StoneOfFlock,pd.items.consum.stones.StoneOfFlock
pd.items.scrolls.ScrollOfUpgrade,pd.items.consum.scrolls.ScrollOfUpgrade
pd.items.food.completefood.Sishimi,pd.items.consum.food.completefood.Sishimi
pd.items.food.SpsFoodRecipes,pd.items.consum.food.SpsFoodRecipes
pd.items.potions.elixirs.ElixirOfMight,pd.items.consum.potions.elixirs.ElixirOfMight
pd.items.weapon.melee.relic.LokisFlail,pd.items.equipment.weapon.melee.relic.LokisFlail
pd.items.weapon.ranges.MetalBowN,pd.items.equipment.weapon.ranges.MetalBowN
pd.items.weapon.melee.special.Pumpkin,pd.items.equipment.weapon.melee.special.Pumpkin
pd.items.food.PhantomMeat,pd.items.consum.food.PhantomMeat
pd.items.journalpages.EnergyCore,pd.items.specific.journalpages.EnergyCore
pd.items.wands.WandOfMeteorite,pd.items.equipment.wands.WandOfMeteorite
pd.items.weapon.missiles.meleethrow.MiniMoai,pd.items.equipment.weapon.missiles.meleethrow.MiniMoai
pd.items.armor.glyphs.Testglyph,pd.items.equipment.armor.glyphs.Testglyph
pd.items.armor.normalarmor.WoodenArmor,pd.items.equipment.armor.normalarmor.WoodenArmor
pd.items.weapon.melee.normalweapon.Club,pd.items.equipment.weapon.melee.normalweapon.Club
pd.items.weapon.missiles.MegaCannon,pd.items.equipment.weapon.missiles.MegaCannon
pd.items.rings.RingOfEnergy,pd.items.equipment.rings.RingOfEnergy
pd.items.armor.glyphs.Potential,pd.items.equipment.armor.glyphs.Potential
pd.items.weapon.melee.normalweapon.Dagger,pd.items.equipment.weapon.melee.normalweapon.Dagger
pd.items.weapon.missiles.fusion.RocketMissile,pd.items.equipment.weapon.missiles.fusion.RocketMissile
pd.items.armor.normalarmor.ScaleArmor,pd.items.equipment.armor.normalarmor.ScaleArmor
pd.items.eggs.DaturaEgg,pd.items.consum.eggs.DaturaEgg
pd.items.rings.RingOfEvasion,pd.items.equipment.rings.RingOfEvasion
pd.items.scrolls.exotic.ScrollOfChallenge,pd.items.consum.scrolls.exotic.ScrollOfChallenge
pd.items.weapon.melee.special.SJRBMusic,pd.items.equipment.weapon.melee.special.SJRBMusic
pd.items.eggs.VioletDragonEgg,pd.items.consum.eggs.VioletDragonEgg
pd.items.bags.HeartOfScarecrow,pd.items.equipment.bags.HeartOfScarecrow
pd.items.bombs.FlashBangBomb,pd.items.equipment.bombs.FlashBangBomb
pd.items.potions.exotic.PotionOfDragonsBreath,pd.items.consum.potions.exotic.PotionOfDragonsBreath
pd.items.weapon.rockcode.Bmech,pd.items.equipment.weapon.rockcode.Bmech
pd.items.bombs.Bomb,pd.items.equipment.bombs.Bomb
pd.items.medicine.Smashpill,pd.items.consum.medicine.Smashpill
pd.items.keys.GoldenSkeletonKey,pd.items.specific.keys.GoldenSkeletonKey
pd.items.spells.BeaconOfReturning,pd.items.consum.spells.BeaconOfReturning
pd.items.armor.ClassArmor,pd.items.equipment.armor.ClassArmor
pd.items.food.meatfood.FireMeat,pd.items.consum.food.meatfood.FireMeat
pd.items.weapon.enchantments.EnchantmentEarth2,pd.items.equipment.weapon.enchantments.EnchantmentEarth2
pd.items.armor.glyphs.Changeglyph,pd.items.equipment.armor.glyphs.Changeglyph
pd.items.eggs.FlyEgg,pd.items.consum.eggs.FlyEgg
pd.items.armor.ScaleArmor,pd.items.equipment.armor.ScaleArmor
pd.items.eggs.randomone.RandomEgg1,pd.items.consum.eggs.randomone.RandomEgg1
pd.items.food.BugMeat,pd.items.consum.food.BugMeat
pd.items.potions.elixirs.ElixirOfAquaticRejuvenation,pd.items.consum.potions.elixirs.ElixirOfAquaticRejuvenation
pd.items.medicine.MendingTonic,pd.items.consum.medicine.MendingTonic
pd.items.food.completefood.FruitCandy,pd.items.consum.food.completefood.FruitCandy
pd.items.food.meatfood.Meat,pd.items.consum.food.meatfood.Meat
pd.items.trinkets.ExoticCrystals,pd.items.equipment.trinkets.ExoticCrystals
pd.items.medicine.GreenSpore,pd.items.consum.medicine.GreenSpore
pd.items.stones.StoneOfClairvoyance,pd.items.consum.stones.StoneOfClairvoyance
pd.items.weapon.ranges.WoodenBowR,pd.items.equipment.weapon.ranges.WoodenBowR
pd.items.trinkets.CrackedSpyglass,pd.items.equipment.trinkets.CrackedSpyglass
pd.items.eggs.StoneEgg,pd.items.consum.eggs.StoneEgg
pd.items.sellitem.SellPermit,pd.items.specific.sellitem.SellPermit
pd.items.scrolls.ScrollOfRemoveCurse,pd.items.consum.scrolls.ScrollOfRemoveCurse
pd.items.sellitem.ApostleBox,pd.items.specific.sellitem.ApostleBox
pd.items.wands.WandOfFirebolt,pd.items.equipment.wands.WandOfFirebolt
pd.items.weapon.spammo.EmptyAmmo,pd.items.equipment.weapon.spammo.EmptyAmmo
pd.items.journalpages.JournalPage,pd.items.specific.journalpages.JournalPage
pd.items.weapon.rockcode.Lbox,pd.items.equipment.weapon.rockcode.Lbox
pd.items.armor.LeatherArmor,pd.items.equipment.armor.LeatherArmor
pd.items.weapon.melee.Dirk,pd.items.equipment.weapon.melee.Dirk
pd.items.food.vegetable.Vegetable,pd.items.consum.food.vegetable.Vegetable
pd.items.weapon.melee.block.SpKnuckles,pd.items.equipment.weapon.melee.block.SpKnuckles
pd.items.scrolls.ScrollOfRetribution,pd.items.consum.scrolls.ScrollOfRetribution
pd.items.weapon.melee.RunicBlade,pd.items.equipment.weapon.melee.RunicBlade
pd.items.weapon.ranges.RangeWeapon,pd.items.equipment.weapon.ranges.RangeWeapon
pd.items.rings.RingOfArcana,pd.items.equipment.rings.RingOfArcana
pd.items.weapon.enchantments.Elastic,pd.items.equipment.weapon.enchantments.Elastic
pd.items.stones.StoneOfDeepSleep,pd.items.consum.stones.StoneOfDeepSleep
pd.items.wands.WandOfCorrosion,pd.items.equipment.wands.WandOfCorrosion
pd.items.medicine.Powerpill,pd.items.consum.medicine.Powerpill
pd.items.food.completefood.YearFood,pd.items.consum.food.completefood.YearFood
pd.items.food.fruit.Blackberry,pd.items.consum.food.fruit.Blackberry
pd.items.weapon.melee.normalweapon.Gsword,pd.items.equipment.weapon.melee.normalweapon.Gsword
pd.items.weapon.melee.normalweapon.TrickSand,pd.items.equipment.weapon.melee.normalweapon.TrickSand
pd.items.weapon.missiles.arrows.ToxicFruit,pd.items.equipment.weapon.missiles.arrows.ToxicFruit
pd.items.food.fruit.FullMoonberry,pd.items.consum.food.fruit.FullMoonberry
pd.items.bombs.FishingBomb,pd.items.equipment.bombs.FishingBomb
pd.items.weapon.curses.Polarized,pd.items.equipment.weapon.curses.Polarized
pd.items.potions.PotionOfOverHealing,pd.items.consum.potions.PotionOfOverHealing
pd.items.weapon.enchantments.EnchantmentFire,pd.items.equipment.weapon.enchantments.EnchantmentFire
pd.items.food.ChargrilledMeat,pd.items.consum.food.ChargrilledMeat
pd.items.eggs.KodoraEgg,pd.items.consum.eggs.KodoraEgg
pd.items.stones.StoneOfAugmentation,pd.items.consum.stones.StoneOfAugmentation
pd.items.armor.normalarmor.CeramicsArmor,pd.items.equipment.armor.normalarmor.CeramicsArmor
pd.items.weapon.missiles.ManyKnive,pd.items.equipment.weapon.missiles.ManyKnive
pd.items.spells.InventorySpell,pd.items.consum.spells.InventorySpell
pd.items.food.completefood.FoodFans,pd.items.consum.food.completefood.FoodFans
pd.items.armor.curses.Multiplicity,pd.items.equipment.armor.curses.Multiplicity
pd.items.weapon.missiles.darts.Dart,pd.items.equipment.weapon.missiles.darts.Dart
pd.items.food.completefood.Ricefood,pd.items.consum.food.completefood.Ricefood
pd.items.eggs.MonkeyEgg,pd.items.consum.eggs.MonkeyEgg
pd.items.weapon.melee.normalweapon.Glaive,pd.items.equipment.weapon.melee.normalweapon.Glaive
pd.items.weapon.enchantments.EnchantmentShock,pd.items.equipment.weapon.enchantments.EnchantmentShock
pd.items.weapon.enchantments.Shocking,pd.items.equipment.weapon.enchantments.Shocking
pd.items.weapon.melee.Sai,pd.items.equipment.weapon.melee.Sai
pd.items.eggs.randomone.RandomEgg9,pd.items.consum.eggs.randomone.RandomEgg9
pd.items.food.completefood.Hamburger,pd.items.consum.food.completefood.Hamburger
pd.items.weapon.curses.Displacing,pd.items.equipment.weapon.curses.Displacing
pd.items.brewed.Brewed,pd.items.consum.brewed.Brewed
pd.items.scrolls.exotic.ScrollOfPrismaticImage,pd.items.consum.scrolls.exotic.ScrollOfPrismaticImage
pd.items.armor.normalarmor.MachineArmor,pd.items.equipment.armor.normalarmor.MachineArmor
pd.items.potions.exotic.PotionOfSnapFreeze,pd.items.consum.potions.exotic.PotionOfSnapFreeze
pd.items.weapon.melee.Flail,pd.items.equipment.weapon.melee.Flail
pd.items.weapon.melee.special.RunicBlade,pd.items.equipment.weapon.melee.special.RunicBlade
pd.items.weapon.enchantments.EnchantmentShock2,pd.items.equipment.weapon.enchantments.EnchantmentShock2
pd.items.weapon.missiles.arrows.Arrows,pd.items.equipment.weapon.missiles.arrows.Arrows
pd.items.artifacts.AlchemistsToolkit,pd.items.equipment.artifacts.AlchemistsToolkit
pd.items.weapon.melee.Sickle,pd.items.equipment.weapon.melee.Sickle
pd.items.weapon.melee.special.Handcannon,pd.items.equipment.weapon.melee.special.Handcannon
pd.items.weapon.enchantments.LokisPoison,pd.items.equipment.weapon.enchantments.LokisPoison
pd.items.wands.WandOfFireblast,pd.items.equipment.wands.WandOfFireblast
pd.items.weapon.enchantments.EnchantmentIce,pd.items.equipment.weapon.enchantments.EnchantmentIce
pd.items.weapon.melee.special.NinjaFan,pd.items.equipment.weapon.melee.special.NinjaFan
pd.items.weapon.missiles.throwing.MoneyBook,pd.items.equipment.weapon.missiles.throwing.MoneyBook
pd.items.scrolls.Scroll,pd.items.consum.scrolls.Scroll
pd.items.bombs.DarkBomb,pd.items.equipment.bombs.DarkBomb
pd.items.bombs.ArcaneBomb,pd.items.equipment.bombs.ArcaneBomb
pd.items.armor.specialarmor.MageArmor,pd.items.equipment.armor.specialarmor.MageArmor
pd.items.bombs.LightBomb,pd.items.equipment.bombs.LightBomb
pd.items.armor.glyphs.Stone,pd.items.equipment.armor.glyphs.Stone
pd.items.medicine.LingPotion,pd.items.consum.medicine.LingPotion
pd.items.weapon.melee.special.Goei,pd.items.equipment.weapon.melee.special.Goei
pd.items.armor.normalarmor.RubberArmor,pd.items.equipment.armor.normalarmor.RubberArmor
