atlas,col,row,w,h,semantic,status
consum/food/food.png,0,0,14,11,,unclaimed
consum/food/food.png,1,0,16,12,,unclaimed
consum/food/food.png,2,0,16,11,,unclaimed
consum/food/food.png,3,0,16,12,,unclaimed
consum/food/food.png,4,0,14,11,,unclaimed
consum/food/food.png,5,0,12,11,,unclaimed
consum/food/food.png,6,0,14,11,,unclaimed
consum/food/food.png,7,0,15,12,,unclaimed
consum/food/food.png,8,0,14,12,,unclaimed
consum/food/food.png,9,0,16,14,,unclaimed
consum/food/food.png,10,0,14,9,,unclaimed
consum/food/food.png,11,0,14,16,,unclaimed
consum/food/food.png,12,0,14,11,,unclaimed
consum/food/food.png,13,0,14,11,,unclaimed
consum/food/food.png,14,0,14,16,,unclaimed
consum/food/food.png,15,0,16,15,,unclaimed
consum/food/food.png,16,0,16,11,,unclaimed
consum/food/food.png,17,0,16,12,,unclaimed
consum/food/food.png,18,0,10,10,,unclaimed
consum/food/food.png,19,0,12,13,,unclaimed
consum/food/food.png,0,1,16,14,,unclaimed
consum/food/food.png,1,1,14,13,,unclaimed
consum/food/food.png,2,1,16,15,,unclaimed
consum/food/food.png,3,1,14,13,,unclaimed
consum/food/food.png,4,1,16,12,foods/STEAMED_FISH#0,matched
consum/food/food.png,5,1,16,12,foods/FISH_LEFTOVER#0,matched
consum/food/food.png,6,1,12,14,foods/EASTER_EGG#0,matched
consum/food/food.png,7,1,14,13,,unclaimed
consum/food/food.png,8,1,14,13,,unclaimed
consum/food/food.png,0,2,16,16,,unclaimed
consum/food/food.png,1,2,16,16,foods/SPS_TURKEY_MEAT#0,matched
consum/food/food.png,2,2,12,15,,unclaimed
consum/food/food.png,3,2,14,12,,unclaimed
consum/food/food.png,4,2,12,12,,unclaimed
consum/food/food.png,0,3,16,15,,unclaimed
consum/food/food.png,1,3,11,14,,unclaimed
consum/food/food.png,2,3,13,16,foods/CANDY_CANE#0,matched
consum/food/food.png,3,3,15,10,,unclaimed
consum/food/food.png,4,3,12,12,,unclaimed
consum/food/food.png,5,3,13,15,,unclaimed
consum/food/food.png,6,3,12,14,,unclaimed
consum/food/food.png,7,3,7,16,potions/SPARKLING_POTION#0,matched
consum/food/food.png,8,3,12,14,potions/RAINBOW_POTION#0,matched
consum/food/food.png,0,4,12,15,,unclaimed
consum/food/food.png,1,4,9,13,,unclaimed
consum/food/food.png,2,4,7,14,,unclaimed
consum/food/food.png,3,4,9,9,,unclaimed
consum/food/food.png,4,4,12,14,,unclaimed
consum/food/food.png,0,5,9,13,,unclaimed
consum/food/food.png,1,5,10,12,,unclaimed
consum/food/food.png,2,5,14,11,,unclaimed
consum/food/food.png,3,5,13,16,,unclaimed
consum/food/food.png,4,5,15,11,,unclaimed
consum/food/food.png,5,5,16,14,,unclaimed
consum/food/food.png,0,6,15,11,,unclaimed
consum/food/food.png,1,6,15,11,,unclaimed
consum/food/food.png,2,6,15,11,,unclaimed
consum/food/food.png,3,6,15,11,misc/STEWED#0,matched
consum/food/food.png,4,6,15,11,,unclaimed
consum/food/food.png,5,6,15,11,,unclaimed
consum/food/food.png,6,6,15,11,foods/PHANTOM_MEAT#0,matched
consum/food/food.png,0,7,12,13,,unclaimed
consum/food/food.png,1,7,12,13,,unclaimed
consum/food/food.png,2,7,12,13,,unclaimed
consum/food/food.png,3,7,12,13,,unclaimed
consum/food/food.png,4,7,12,13,,unclaimed
consum/food/food.png,0,8,9,12,foods/BLANDFRUIT#0,matched
consum/food/food.png,1,8,14,6,misc/BLAND_CHUNKS#0,matched
consum/food/food.png,0,10,14,9,,unclaimed
consum/food/food.png,1,10,12,7,,unclaimed
consum/food/food.png,2,10,12,7,,unclaimed
consum/food/food.png,15,10,10,15,,unclaimed
consum/food/food.png,16,10,15,15,,unclaimed
consum/food/food.png,17,10,10,13,,unclaimed
consum/food/food.png,18,10,14,14,,unclaimed
consum/food/food.png,19,10,13,14,,unclaimed
consum/functional/useful.png,0,0,10,16,misc/ANKH#0,matched
consum/functional/useful.png,1,0,12,13,misc/STYLUS#0,matched
consum/functional/useful.png,2,0,12,15,misc/TORCH#0,matched
consum/functional/useful.png,3,0,16,15,misc/BEACON#0,matched
consum/functional/useful.png,4,0,14,12,foods/HONEYPOT#0,matched
consum/functional/useful.png,5,0,14,12,misc/SHATTPOT#0,matched
consum/goods_materials/goods.png,0,0,16,11,misc/RAT_SKULL#0,matched
consum/goods_materials/goods.png,1,0,15,15,,unclaimed
consum/goods_materials/goods.png,2,0,14,12,,unclaimed
consum/goods_materials/goods.png,3,0,14,14,,unclaimed
consum/goods_materials/goods.png,4,0,9,12,,unclaimed
consum/goods_materials/goods.png,5,0,12,12,,unclaimed
consum/goods_materials/goods.png,6,0,12,9,,unclaimed
consum/goods_materials/goods.png,7,0,12,13,,unclaimed
consum/goods_materials/goods.png,8,0,16,14,,unclaimed
consum/goods_materials/goods.png,9,0,10,14,,unclaimed
consum/goods_materials/goods.png,10,0,16,13,,unclaimed
consum/goods_materials/goods.png,11,0,12,12,,unclaimed
consum/goods_materials/goods.png,12,0,12,13,,unclaimed
consum/goods_materials/goods.png,13,0,14,10,,unclaimed
consum/goods_materials/goods.png,14,0,12,15,,unclaimed
consum/goods_materials/goods.png,15,0,12,12,,unclaimed
consum/goods_materials/goods.png,0,1,12,13,,unclaimed
consum/goods_materials/goods.png,1,1,12,11,,unclaimed
consum/goods_materials/goods.png,2,1,16,14,,unclaimed
consum/goods_materials/goods.png,3,1,12,12,,unclaimed
consum/goods_materials/goods.png,4,1,14,14,,unclaimed
consum/goods_materials/goods.png,5,1,15,15,,unclaimed
consum/goods_materials/goods.png,6,1,16,15,,unclaimed
consum/goods_materials/goods.png,7,1,16,12,,unclaimed
consum/goods_materials/goods.png,0,5,16,16,,unclaimed
consum/goods_materials/goods.png,1,5,16,16,,unclaimed
consum/goods_materials/goods.png,2,5,16,16,,unclaimed
consum/goods_materials/goods.png,3,5,16,16,,unclaimed
consum/goods_materials/materials.png,0,0,8,10,,unclaimed
consum/goods_materials/materials.png,1,0,10,10,,unclaimed
consum/goods_materials/materials.png,2,0,8,10,,unclaimed
consum/goods_materials/materials.png,3,0,10,10,,unclaimed
consum/goods_materials/materials.png,4,0,8,10,,unclaimed
consum/goods_materials/materials.png,5,0,11,9,,unclaimed
consum/goods_materials/materials.png,0,1,16,16,misc/ADAMANT_WEAPON#0,matched
consum/goods_materials/materials.png,1,1,16,14,,unclaimed
consum/goods_materials/materials.png,2,1,14,14,,unclaimed
consum/goods_materials/materials.png,3,1,8,10,,unclaimed
consum/goods_materials/materials.png,0,3,12,14,,unclaimed
consum/goods_materials/materials.png,1,3,10,9,misc/BLOB#0,matched
consum/goods_materials/materials.png,2,3,8,10,stones/SHARD#0,matched
consum/goods_materials/materials.png,3,3,8,16,misc/ESCAPE#0,matched
consum/goods_materials/materials.png,4,3,10,16,misc/STATUE#0,matched
consum/potion_seed/basic_potion.png,0,0,12,14,potions/POTION_CRIMSON#0,matched
consum/potion_seed/basic_potion.png,1,0,12,14,potions/POTION_HEALING#0,matched
consum/potion_seed/basic_potion.png,2,0,12,14,potions/POTION_MINDVIS#0,matched
consum/potion_seed/basic_potion.png,3,0,12,14,potions/POTION_JADE#0,matched
consum/potion_seed/basic_potion.png,4,0,12,14,potions/POTION_TURQUOISE#0,matched
consum/potion_seed/basic_potion.png,5,0,12,14,potions/POTION_AZURE#0,matched
consum/potion_seed/basic_potion.png,6,0,12,14,potions/POTION_INDIGO#0,matched
consum/potion_seed/basic_potion.png,7,0,12,14,potions/POTION_INVIS#0,matched
consum/potion_seed/basic_potion.png,8,0,12,14,potions/POTION_BISTRE#0,matched
consum/potion_seed/basic_potion.png,9,0,12,14,potions/POTION_CHARCOAL#0,matched
consum/potion_seed/basic_potion.png,10,0,12,14,potions/POTION_SILVER#0,matched
consum/potion_seed/basic_potion.png,11,0,12,14,potions/POTION_EXP#0,matched
consum/potion_seed/basic_potion.png,12,0,8,15,misc/LIQUID_METAL#0,matched
consum/potion_seed/basic_potion.png,15,0,9,12,,unclaimed
consum/potion_seed/basic_potion.png,0,1,12,13,potions/POTION_MASTERY#0,matched
consum/potion_seed/basic_potion.png,1,1,12,13,potions/POTION_SHIELDING#0,matched
consum/potion_seed/basic_potion.png,2,1,12,13,potions/POTION_MAGISIGHT#0,matched
consum/potion_seed/basic_potion.png,3,1,12,13,potions/POTION_SNAPFREEZ#0,matched
consum/potion_seed/basic_potion.png,4,1,12,13,misc/EXOTIC_TURQUOISE#0,matched
consum/potion_seed/basic_potion.png,5,1,12,13,potions/POTION_CORROGAS#0,matched
consum/potion_seed/basic_potion.png,6,1,12,13,potions/POTION_STAMINA#0,matched
consum/potion_seed/basic_potion.png,7,1,12,13,potions/POTION_SHROUDFOG#0,matched
consum/potion_seed/basic_potion.png,8,1,12,13,misc/EXOTIC_BISTRE#0,matched
consum/potion_seed/basic_potion.png,9,1,12,13,potions/POTION_EARTHARMR#0,matched
consum/potion_seed/basic_potion.png,10,1,12,13,potions/POTION_CLEANSE#0,matched
consum/potion_seed/basic_potion.png,11,1,12,13,misc/EXOTIC_IVORY#0,matched
consum/potion_seed/basic_potion.png,12,1,11,13,potions/BREW_UNSTABLE#0,matched
consum/potion_seed/basic_potion.png,15,1,6,15,,unclaimed
consum/potion_seed/basic_potion.png,0,2,12,13,,unclaimed
consum/potion_seed/basic_potion.png,1,2,16,15,,unclaimed
consum/potion_seed/basic_potion.png,2,2,12,9,,unclaimed
consum/potion_seed/basic_potion.png,3,2,11,12,,unclaimed
consum/potion_seed/basic_potion.png,4,2,11,12,,unclaimed
consum/potion_seed/basic_potion.png,5,2,12,11,,unclaimed
consum/potion_seed/basic_potion.png,6,2,12,12,,unclaimed
consum/potion_seed/basic_potion.png,7,2,11,11,,unclaimed
consum/potion_seed/basic_potion.png,3,3,11,13,potions/BREW_INFERNAL#0,matched
consum/potion_seed/basic_potion.png,4,3,11,13,potions/BREW_BLIZZARD#0,matched
consum/potion_seed/basic_potion.png,5,3,12,14,potions/BREW_SHOCKING#0,matched
consum/potion_seed/basic_potion.png,6,3,12,14,potions/BREW_CAUSTIC#0,matched
consum/potion_seed/basic_potion.png,7,3,9,11,potions/BREW_AQUA#0,matched
consum/potion_seed/basic_potion.png,8,3,12,14,,unclaimed
consum/potion_seed/basic_potion.png,9,3,12,14,potions/ELIXIR_AQUA#0,matched
consum/potion_seed/basic_potion.png,10,3,12,14,potions/ELIXIR_MIGHT#0,matched
consum/potion_seed/basic_potion.png,11,3,12,14,potions/ELIXIR_DRAGON#0,matched
consum/potion_seed/basic_potion.png,12,3,12,14,potions/ELIXIR_TOXIC#0,matched
consum/potion_seed/basic_potion.png,13,3,12,14,potions/ELIXIR_ICY#0,matched
consum/potion_seed/basic_potion.png,14,3,12,14,potions/ELIXIR_ARCANE#0,matched
consum/potion_seed/basic_potion.png,15,3,12,14,potions/ELIXIR_FEATHER#0,matched
consum/potion_seed/seed.png,0,0,10,10,,unclaimed
consum/potion_seed/seed.png,1,0,10,10,,unclaimed
consum/potion_seed/seed.png,2,0,10,10,,unclaimed
consum/potion_seed/seed.png,3,0,10,10,,unclaimed
consum/potion_seed/seed.png,4,0,10,10,,unclaimed
consum/potion_seed/seed.png,5,0,10,10,,unclaimed
consum/potion_seed/seed.png,6,0,10,10,,unclaimed
consum/potion_seed/seed.png,7,0,10,10,,unclaimed
consum/potion_seed/seed.png,8,0,10,10,,unclaimed
consum/potion_seed/seed.png,9,0,10,10,,unclaimed
consum/potion_seed/seed.png,10,0,10,10,,unclaimed
consum/potion_seed/seed.png,11,0,10,10,,unclaimed
consum/potion_seed/seed.png,12,0,10,10,,unclaimed
consum/potion_seed/seed.png,13,0,10,10,,unclaimed
consum/potion_seed/seed.png,14,0,10,10,,unclaimed
consum/potion_seed/seed.png,15,0,10,10,,unclaimed
consum/potion_seed/seed.png,16,0,10,10,,unclaimed
consum/potion_seed/seed.png,17,0,10,10,,unclaimed
consum/potion_seed/seed.png,0,1,10,10,,unclaimed
consum/potion_seed/seed.png,1,1,10,10,seeds/SEED_FIREBLOOM#0,matched
consum/potion_seed/seed.png,2,1,10,10,seeds/SEED_SWIFTTHISTLE#0,matched
consum/potion_seed/seed.png,3,1,10,10,seeds/SEED_SUNGRASS#0,matched
consum/potion_seed/seed.png,4,1,10,10,seeds/SEED_ICECAP#0,matched
consum/potion_seed/seed.png,5,1,10,10,seeds/SEED_STORMVINE#0,matched
consum/potion_seed/seed.png,6,1,10,10,seeds/SEED_SORROWMOSS#0,matched
consum/potion_seed/seed.png,7,1,10,10,seeds/SEED_MAGEROYAL#0,matched
consum/potion_seed/seed.png,8,1,10,10,seeds/SEED_EARTHROOT#0,matched
consum/potion_seed/seed.png,9,1,10,10,seeds/SEED_BLINDWEED#0,matched
consum/potion_seed/seed.png,10,1,10,10,seeds/SEED_FADELEAF#0,matched
consum/potion_seed/seed.png,11,1,10,10,seeds/SEED_STARFLOWER#0,matched
consum/potion_seed/seed.png,12,1,1,1,,unclaimed
consum/potion_seed/seed.png,0,2,12,9,,unclaimed
consum/potion_seed/seed.png,1,2,14,12,,unclaimed
consum/potion_seed/seed.png,2,2,14,14,,unclaimed
consum/potion_seed/seed.png,3,2,14,16,,unclaimed
consum/potion_seed/seed.png,4,2,12,12,,unclaimed
consum/potion_seed/seed.png,5,2,10,16,,unclaimed
consum/potion_seed/seed.png,6,2,14,14,,unclaimed
consum/potion_seed/seed.png,7,2,13,13,,unclaimed
consum/potion_seed/seed.png,10,2,9,12,,unclaimed
consum/potion_seed/seed.png,11,2,13,14,,unclaimed
consum/potion_seed/seed.png,12,2,11,12,,unclaimed
consum/potion_seed/seed.png,13,2,13,10,,unclaimed
consum/potion_seed/seed.png,14,2,10,9,,unclaimed
consum/potion_seed/seed.png,12,3,13,15,,unclaimed
consum/scroll_amulet/amulet.png,0,0,14,12,,unclaimed
consum/scroll_amulet/amulet.png,1,0,14,12,stones/STONE_AUGMENTATION#0,matched
consum/scroll_amulet/amulet.png,2,0,14,12,stones/STONE_FEAR#0,matched
consum/scroll_amulet/amulet.png,3,0,14,12,stones/STONE_BLAST#0,matched
consum/scroll_amulet/amulet.png,4,0,14,12,stones/STONE_BLINK#0,matched
consum/scroll_amulet/amulet.png,5,0,14,12,stones/STONE_CLAIRVOYANCE#0,matched
consum/scroll_amulet/amulet.png,6,0,14,12,stones/STONE_SLEEP#0,matched
consum/scroll_amulet/amulet.png,7,0,14,12,stones/STONE_DETECT#0,matched
consum/scroll_amulet/amulet.png,8,0,14,12,stones/STONE_ENCHANT#0,matched
consum/scroll_amulet/amulet.png,9,0,14,12,stones/STONE_FLOCK#0,matched
consum/scroll_amulet/amulet.png,10,0,14,12,stones/STONE_INTUITION#0,matched
consum/scroll_amulet/amulet.png,11,0,14,12,stones/STONE_SHOCK#0,matched
consum/scroll_amulet/crystal.png,0,0,6,15,misc/WILD_ENERGY#0,matched
consum/scroll_amulet/crystal.png,1,0,12,10,misc/PHASE_SHIFT#0,matched
consum/scroll_amulet/crystal.png,2,0,10,10,misc/TELE_GRAB#0,matched
consum/scroll_amulet/crystal.png,3,0,12,13,misc/UNSTABLE_SPELL#0,matched
consum/scroll_amulet/crystal.png,4,0,10,16,misc/CURSE_INFUSE#0,matched
consum/scroll_amulet/crystal.png,5,0,10,14,misc/MAGIC_INFUSE#0,matched
consum/scroll_amulet/crystal.png,6,0,12,12,misc/ALCHEMIZE#0,matched
consum/scroll_amulet/crystal.png,7,0,12,13,misc/RECYCLE#0,matched
consum/scroll_amulet/crystal.png,8,0,14,11,misc/RECLAIM_TRAP#0,matched
consum/scroll_amulet/crystal.png,9,0,8,16,misc/RETURN_BEACON#0,matched
consum/scroll_amulet/crystal.png,10,0,8,16,stones/summon_ele#0,matched
consum/scroll_amulet/crystal.png,11,0,8,16,stones/summon_ele#1,matched
consum/scroll_amulet/crystal.png,12,0,8,16,stones/summon_ele#2,matched
consum/scroll_amulet/crystal.png,13,0,8,16,stones/summon_ele#3,matched
consum/scroll_amulet/crystal.png,14,0,8,16,stones/summon_ele#4,matched
consum/scroll_amulet/crystal.png,15,0,12,2,,unclaimed
consum/scroll_amulet/scroll.png,0,0,15,14,,unclaimed
consum/scroll_amulet/scroll.png,1,0,15,14,,unclaimed
consum/scroll_amulet/scroll.png,2,0,15,14,,unclaimed
consum/scroll_amulet/scroll.png,3,0,15,14,,unclaimed
consum/scroll_amulet/scroll.png,4,0,15,14,,unclaimed
consum/scroll_amulet/scroll.png,5,0,15,14,,unclaimed
consum/scroll_amulet/scroll.png,6,0,15,14,,unclaimed
consum/scroll_amulet/scroll.png,7,0,15,14,,unclaimed
consum/scroll_amulet/scroll.png,8,0,15,14,,unclaimed
consum/scroll_amulet/scroll.png,9,0,15,14,,unclaimed
consum/scroll_amulet/scroll.png,10,0,15,14,,unclaimed
consum/scroll_amulet/scroll.png,11,0,15,14,,unclaimed
consum/scroll_amulet/scroll.png,12,0,15,14,,unclaimed
consum/scroll_amulet/scroll.png,13,0,15,14,,unclaimed
consum/scroll_amulet/scroll.png,14,0,15,14,,unclaimed
consum/scroll_amulet/scroll.png,0,1,15,14,documents/SCROLL_ENCHANT#0,matched
consum/scroll_amulet/scroll.png,1,1,15,14,misc/EXOTIC_SOWILO#0,matched
consum/scroll_amulet/scroll.png,2,1,15,14,misc/EXOTIC_LAGUZ#0,matched
consum/scroll_amulet/scroll.png,3,1,15,14,misc/EXOTIC_YNGVI#0,matched
consum/scroll_amulet/scroll.png,4,1,15,14,documents/SCROLL_MYSTENRG#0,matched
consum/scroll_amulet/scroll.png,5,1,15,14,misc/EXOTIC_RAIDO#0,matched
consum/scroll_amulet/scroll.png,6,1,15,14,documents/SCROLL_SIREN#0,matched
consum/scroll_amulet/scroll.png,7,1,15,14,documents/SCROLL_FORESIGHT#0,matched
consum/scroll_amulet/scroll.png,8,1,15,14,documents/SCROLL_CHALLENGE#0,matched
consum/scroll_amulet/scroll.png,9,1,15,14,misc/EXOTIC_BERKANAN#0,matched
consum/scroll_amulet/scroll.png,10,1,15,14,documents/SCROLL_DREAD#0,matched
consum/scroll_amulet/scroll.png,11,1,15,14,documents/SCROLL_METAMORPH#0,matched
consum/scroll_amulet/scroll.png,12,1,15,14,,unclaimed
consum/scroll_amulet/scroll.png,13,1,15,14,,unclaimed
consum/scroll_amulet/scroll.png,14,1,15,14,,unclaimed
consum/scroll_amulet/scroll.png,13,3,12,13,,unclaimed
consum/scroll_amulet/scroll.png,14,3,12,11,misc/ARCANE_RESIN#0,matched
consum/summor.png,0,0,11,12,,unclaimed
consum/summor.png,1,0,16,16,,unclaimed
consum/summor.png,2,0,16,16,,unclaimed
consum/summor.png,3,0,16,16,,unclaimed
consum/summor.png,0,1,16,16,foods/SCORPION_EGG#0,matched
consum/summor.png,1,1,16,16,foods/BLUE_GIRL_EGG#0,matched
consum/summor.png,2,1,16,16,foods/LERY_FIRE_EGG#0,matched
consum/summor.png,3,1,16,16,foods/RED_DRAGON_EGG#0,matched
consum/summor.png,4,1,16,16,foods/BLUE_DRAGON_EGG#0,matched
consum/summor.png,5,1,16,16,foods/VIOLET_DRAGON_EGG#0,matched
consum/summor.png,6,1,16,16,foods/GREEN_DRAGON_EGG#0,matched
consum/summor.png,7,1,16,16,,unclaimed
consum/summor.png,8,1,16,16,foods/RABBIT_PET_EGG#0,matched
consum/summor.png,9,1,16,16,foods/VELOCIROOSTER_EGG#0,matched
consum/summor.png,10,1,16,16,foods/BUG_DRAGON_EGG#0,matched
consum/summor.png,11,1,16,16,foods/LIGHT_DRAGON_EGG#0,matched
consum/summor.png,12,1,16,16,foods/GOLD_DRAGON_EGG#0,matched
consum/summor.png,13,1,16,16,foods/AFLY_EGG#0,matched
consum/summor.png,14,1,16,16,foods/STAR_KID_EGG#0,matched
consum/summor.png,15,1,16,16,stones/STONE_PET_EGG#0,matched
consum/summor.png,0,2,16,16,foods/DATURA_EGG#0,matched
consum/summor.png,1,2,16,16,foods/DOG_PET_EGG#0,matched
consum/summor.png,2,2,16,16,foods/DWARF_BOY_EGG#0,matched
consum/summor.png,3,2,16,16,foods/FLY_EGG#0,matched
consum/summor.png,4,2,16,16,foods/FOX_HELPER_EGG#0,matched
consum/summor.png,5,2,16,16,foods/FROG_PET_EGG#0,matched
consum/summor.png,6,2,16,16,foods/GENTLE_CRAB_EGG#0,matched
consum/summor.png,7,2,16,16,foods/KODORA_EGG#0,matched
consum/summor.png,8,2,16,16,foods/LIT_DEMON_EGG#0,matched
consum/summor.png,9,2,16,16,foods/MONKEY_EGG#0,matched
consum/summor.png,10,2,16,16,foods/PIG_PET_EGG#0,matched
consum/summor.png,11,2,16,16,foods/RIBBON_RAT_EGG#0,matched
consum/summor.png,12,2,16,16,foods/SNAKE_PET_EGG#0,matched
consum/summor.png,13,2,16,16,foods/SPIDER_PET_EGG#0,matched
consum/summor.png,14,2,16,16,foods/CHOCOBO_EGG#0,matched
consum/summor.png,0,3,12,16,,unclaimed
consum/summor.png,1,3,12,15,,unclaimed
consum/summor.png,2,3,16,16,misc/FAIRY_CARD#0,matched
consum/summor.png,3,3,15,16,,unclaimed
consum/summor.png,4,3,15,14,,unclaimed
consum/summor.png,5,3,11,9,,unclaimed
consum/throws.png,0,0,11,10,weapons/THROWING_SPIKE#0,matched
consum/throws.png,1,0,12,13,weapons/THROWING_KNIFE#0,matched
consum/throws.png,2,0,12,10,stones/THROWING_STONE#0,matched
consum/throws.png,3,0,11,11,foods/FISHING_SPEAR#0,matched
consum/throws.png,4,0,12,12,weapons/SHURIKEN#0,matched
consum/throws.png,5,0,12,12,weapons/THROWING_CLUB#0,matched
consum/throws.png,6,0,13,13,weapons/THROWING_SPEAR#0,matched
consum/throws.png,7,0,15,14,misc/BOLAS#0,matched
consum/throws.png,8,0,15,15,misc/KUNAI#0,matched
consum/throws.png,9,0,16,16,,unclaimed
consum/throws.png,10,0,16,16,misc/JAVELIN#0,matched
consum/throws.png,11,0,13,13,misc/TOMAHAWK#0,matched
consum/throws.png,12,0,14,14,misc/BOOMERANG#0,matched
consum/throws.png,13,0,16,16,misc/TRIDENT#0,matched
consum/throws.png,14,0,12,12,weapons/THROWING_HAMMER#0,matched
consum/throws.png,15,0,11,12,misc/FORCE_CUBE#0,matched
consum/throws.png,0,1,12,12,,unclaimed
consum/throws.png,1,1,14,16,,unclaimed
consum/throws.png,2,1,14,14,,unclaimed
consum/throws.png,3,1,14,14,,unclaimed
consum/throws.png,4,1,15,14,,unclaimed
consum/throws.png,5,1,15,15,,unclaimed
consum/throws.png,6,1,14,13,,unclaimed
consum/throws.png,7,1,8,8,,unclaimed
consum/throws.png,8,1,13,9,,unclaimed
consum/throws.png,9,1,14,15,,unclaimed
consum/throws.png,10,1,12,11,misc/DUST#0,matched
consum/throws.png,0,2,12,12,,unclaimed
consum/throws.png,1,2,12,12,,unclaimed
consum/throws.png,0,4,16,16,misc/DOOR_BLOCK#0,matched
consum/throws.png,1,4,16,16,,unclaimed
consum/throws.png,2,4,16,16,misc/SPS_WATER_BLOCK#0,matched
consum/throws.png,3,4,16,16,,unclaimed
consum/throws.png,4,4,16,16,,unclaimed
consum/throws.png,5,4,16,16,,unclaimed
consum/throws.png,6,4,12,12,,unclaimed
consum/throws.png,0,5,14,14,,unclaimed
consum/throws.png,1,5,15,15,,unclaimed
consum/throws.png,2,5,15,15,weapons/ROT_DART#0,matched
consum/throws.png,3,5,15,15,weapons/INCENDIARY_DART#0,matched
consum/throws.png,4,5,15,15,weapons/ADRENALINE_DART#0,matched
consum/throws.png,5,5,15,15,weapons/HEALING_DART#0,matched
consum/throws.png,6,5,15,15,weapons/CHILLING_DART#0,matched
consum/throws.png,7,5,15,15,weapons/SHOCKING_DART#0,matched
consum/throws.png,8,5,15,15,weapons/POISON_DART#0,matched
consum/throws.png,9,5,15,15,weapons/CLEANSING_DART#0,matched
consum/throws.png,10,5,15,15,weapons/PARALYTIC_DART#0,matched
consum/throws.png,11,5,15,15,weapons/HOLY_DART#0,matched
consum/throws.png,12,5,15,15,weapons/DISPLACING_DART#0,matched
consum/throws.png,13,5,15,15,weapons/BLINDING_DART#0,matched
consum/useful/corpse_relics.png,0,0,12,12,stones/SEAL_SHARD#0,matched
consum/useful/corpse_relics.png,1,0,14,10,weapons/BROKEN_STAFF#0,matched
consum/useful/corpse_relics.png,2,0,9,9,misc/CLOAK_SCRAP#0,matched
consum/useful/corpse_relics.png,3,0,12,9,weapons/BOW_FRAGMENT#0,matched
consum/useful/corpse_relics.png,4,0,9,9,misc/BROKEN_HILT#0,matched
consum/useful/corpse_relics.png,5,0,11,13,documents/TORN_PAGE#0,matched
consum/useful/corpse_relics.png,6,0,12,11,misc/TRINKET_CATA#0,matched
consum/useful/corpse_relics.png,14,0,16,2,,unclaimed
consum/useful/corpse_relics.png,15,0,13,1,,unclaimed
consum/useful/process_enhance.png,0,0,11,9,misc/MASK#0,matched
consum/useful/process_enhance.png,1,0,13,16,misc/MASTERY#0,matched
consum/useful/process_enhance.png,2,0,16,15,misc/KIT#0,matched
consum/useful/process_enhance.png,0,1,13,7,misc/CROWN#0,matched
consum/useful/process_enhance.png,1,1,13,16,,unclaimed
consum/useful/process_enhance.png,2,1,12,12,,unclaimed
consum/useful/useful.png,0,0,10,16,misc/ANKH#0,matched
consum/useful/useful.png,1,0,12,13,,unclaimed
consum/useful/useful.png,2,0,12,15,misc/TORCH#0,matched
consum/useful/useful.png,3,0,16,15,misc/BEACON#0,matched
consum/useful/useful.png,4,0,14,12,foods/HONEYPOT#0,matched
consum/useful/useful.png,5,0,14,12,,unclaimed
consum/useful/useful.png,0,1,10,16,,unclaimed
consum/useful/useful.png,4,1,13,14,,unclaimed
consum/useful/useful.png,5,1,6,13,,unclaimed
equipment/bags.png,0,0,14,15,,unclaimed
equipment/bags.png,1,0,16,16,,unclaimed
equipment/bags.png,2,0,15,16,,unclaimed
equipment/bags.png,3,0,15,16,,unclaimed
equipment/bags.png,4,0,11,14,,unclaimed
equipment/bags.png,5,0,16,16,bags/SHOPPING_CART#0,matched
equipment/bags.png,6,0,14,14,,unclaimed
equipment/bags.png,7,0,16,16,bags/HEART_OF_SCARECROW#0,matched
equipment/bags.png,15,0,16,16,misc/BACKPACK#0,matched
equipment/equip/armor/basic_armor.png,0,0,15,12,armor/ARMOR_CLOTH#0,matched
equipment/equip/armor/basic_armor.png,1,0,14,13,armor/ARMOR_LEATHER#0,matched
equipment/equip/armor/basic_armor.png,2,0,14,12,armor/ARMOR_MAIL#0,matched
equipment/equip/armor/basic_armor.png,3,0,14,11,armor/ARMOR_SCALE#0,matched
equipment/equip/armor/basic_armor.png,4,0,12,12,armor/ARMOR_PLATE#0,matched
equipment/equip/armor/basic_armor.png,7,0,16,13,,unclaimed
equipment/equip/armor/basic_armor.png,8,0,15,16,,unclaimed
equipment/equip/armor/basic_armor.png,9,0,14,13,,unclaimed
equipment/equip/armor/basic_armor.png,10,0,13,15,,unclaimed
equipment/equip/armor/basic_armor.png,11,0,12,13,armor/ARMOR_DUELIST#0,matched
equipment/equip/armor/basic_armor.png,12,0,14,13,,unclaimed
equipment/equip/armor/basic_armor.png,13,0,10,12,,unclaimed
equipment/equip/armor/basic_armor.png,14,0,15,13,,unclaimed
equipment/equip/armor/basic_armor.png,15,0,13,14,,unclaimed
equipment/equip/armor/basic_armor.png,0,1,16,16,,unclaimed
equipment/equip/armor/basic_armor.png,1,1,16,16,,unclaimed
equipment/equip/armor/basic_armor.png,2,1,16,16,,unclaimed
equipment/equip/armor/basic_armor.png,3,1,16,16,,unclaimed
equipment/equip/armor/basic_armor.png,4,1,16,16,,unclaimed
equipment/equip/armor/basic_armor.png,5,1,16,16,,unclaimed
equipment/equip/armor/basic_armor.png,6,1,16,16,,unclaimed
equipment/equip/armor/basic_armor.png,7,1,16,16,,unclaimed
equipment/equip/armor/basic_armor.png,8,1,16,16,,unclaimed
equipment/equip/armor/basic_armor.png,9,1,16,16,,unclaimed
equipment/equip/armor/basic_armor.png,10,1,16,16,,unclaimed
equipment/equip/armor/basic_armor.png,11,1,16,16,,unclaimed
equipment/equip/armor/basic_armor.png,12,1,16,16,,unclaimed
equipment/equip/armor/basic_armor.png,13,1,16,16,,unclaimed
equipment/equip/armor/basic_armor.png,14,1,16,16,,unclaimed
equipment/equip/armor/basic_armor.png,15,1,16,16,,unclaimed
equipment/equip/armor/basic_armor.png,0,2,11,12,,unclaimed
equipment/equip/armor/basic_armor.png,1,2,14,13,,unclaimed
equipment/equip/armor/basic_armor.png,2,2,14,13,,unclaimed
equipment/equip/armor/basic_armor.png,3,2,14,12,,unclaimed
equipment/equip/armor/basic_armor.png,4,2,14,11,,unclaimed
equipment/equip/armor/basic_armor.png,5,2,8,12,,unclaimed
equipment/equip/armor/basic_armor.png,0,3,15,12,,unclaimed
equipment/equip/armor/basic_armor.png,1,3,14,13,,unclaimed
equipment/equip/armor/basic_armor.png,2,3,14,13,,unclaimed
equipment/equip/armor/basic_armor.png,3,3,14,12,,unclaimed
equipment/equip/armor/basic_armor.png,4,3,14,11,,unclaimed
equipment/equip/armor/basic_armor.png,5,3,16,13,,unclaimed
equipment/equip/armor/basic_armor.png,0,4,15,13,,unclaimed
equipment/equip/armor/basic_armor.png,1,4,14,13,,unclaimed
equipment/equip/armor/basic_armor.png,2,4,14,13,,unclaimed
equipment/equip/armor/basic_armor.png,3,4,14,13,,unclaimed
equipment/equip/armor/basic_armor.png,4,4,14,13,,unclaimed
equipment/equip/armor/basic_armor.png,5,4,14,12,,unclaimed
equipment/equip/armor/unique_armor.png,0,0,14,16,,unclaimed
equipment/equip/armor/unique_armor.png,1,0,15,8,,unclaimed
equipment/equip/armor/unique_armor.png,2,0,10,14,,unclaimed
equipment/equip/armor/unique_armor.png,3,0,14,13,,unclaimed
equipment/equip/armor/unique_armor.png,4,0,16,16,armor/SPS_BUNNY_ARMOR#0,matched
equipment/equip/weapon/basic_weapon.png,0,0,13,13,weapons/WORN_SHORTSWORD#0,matched
equipment/equip/weapon/basic_weapon.png,1,0,13,14,foods/RAPIER#0,matched
equipment/equip/weapon/basic_weapon.png,2,0,12,13,weapons/DAGGER#0,matched
equipment/equip/weapon/basic_weapon.png,3,0,15,14,,unclaimed
equipment/equip/weapon/basic_weapon.png,4,0,12,15,,unclaimed
equipment/equip/weapon/basic_weapon.png,5,0,15,10,,unclaimed
equipment/equip/weapon/basic_weapon.png,6,0,16,16,,unclaimed
equipment/equip/weapon/basic_weapon.png,7,0,14,16,,unclaimed
equipment/equip/weapon/basic_weapon.png,8,0,14,13,,unclaimed
equipment/equip/weapon/basic_weapon.png,9,0,14,14,,unclaimed
equipment/equip/weapon/basic_weapon.png,10,0,14,15,,unclaimed
equipment/equip/weapon/basic_weapon.png,11,0,16,16,weapons/QUARTERSTAFF#0,matched
equipment/equip/weapon/basic_weapon.png,12,0,16,16,weapons/SPS_WEP_CLUB#0,matched
equipment/equip/weapon/basic_weapon.png,13,0,16,16,,unclaimed
equipment/equip/weapon/basic_weapon.png,14,0,16,16,misc/SPS_TEKKO_KAGI#0,matched
equipment/equip/weapon/basic_weapon.png,0,1,13,13,weapons/SHORTSWORD#0,matched
equipment/equip/weapon/basic_weapon.png,1,1,12,14,weapons/HAND_AXE#0,matched
equipment/equip/weapon/basic_weapon.png,2,1,16,16,weapons/SPEAR#0,matched
equipment/equip/weapon/basic_weapon.png,3,1,16,16,weapons/SPS_WEP_SPEAR#0,matched
equipment/equip/weapon/basic_weapon.png,4,1,13,14,misc/DIRK#0,matched
equipment/equip/weapon/basic_weapon.png,5,1,15,15,misc/SICKLE#0,matched
equipment/equip/weapon/basic_weapon.png,6,1,16,16,,unclaimed
equipment/equip/weapon/basic_weapon.png,7,1,16,13,,unclaimed
equipment/equip/weapon/basic_weapon.png,8,1,6,16,,unclaimed
equipment/equip/weapon/basic_weapon.png,9,1,14,13,,unclaimed
equipment/equip/weapon/basic_weapon.png,10,1,12,14,,unclaimed
equipment/equip/weapon/basic_weapon.png,11,1,15,14,,unclaimed
equipment/equip/weapon/basic_weapon.png,12,1,16,16,weapons/LEGACY_WOODEN_STAFF#0,matched
equipment/equip/weapon/basic_weapon.png,13,1,14,14,,unclaimed
equipment/equip/weapon/basic_weapon.png,14,1,15,15,,unclaimed
equipment/equip/weapon/basic_weapon.png,15,1,11,16,,unclaimed
equipment/equip/weapon/basic_weapon.png,16,1,14,16,,unclaimed
equipment/equip/weapon/basic_weapon.png,17,1,11,15,,unclaimed
equipment/equip/weapon/basic_weapon.png,18,1,15,16,,unclaimed
equipment/equip/weapon/basic_weapon.png,19,1,15,16,,unclaimed
equipment/equip/weapon/basic_weapon.png,20,1,14,14,,unclaimed
equipment/equip/weapon/basic_weapon.png,21,1,16,16,misc/SPS_NINJA_FAN#0,matched
equipment/equip/weapon/basic_weapon.png,22,1,13,15,,unclaimed
equipment/equip/weapon/basic_weapon.png,23,1,16,15,,unclaimed
equipment/equip/weapon/basic_weapon.png,24,1,14,16,,unclaimed
equipment/equip/weapon/basic_weapon.png,0,2,14,14,weapons/SWORD#0,matched
equipment/equip/weapon/basic_weapon.png,1,2,15,15,weapons/MACE#0,matched
equipment/equip/weapon/basic_weapon.png,2,2,13,16,,unclaimed
equipment/equip/weapon/basic_weapon.png,3,2,16,16,misc/ROUND_SHIELD#0,matched
equipment/equip/weapon/basic_weapon.png,4,2,16,16,misc/SAI#0,matched
equipment/equip/weapon/basic_weapon.png,5,2,14,14,weapons/WHIP#0,matched
equipment/equip/weapon/basic_weapon.png,6,2,16,16,,unclaimed
equipment/equip/weapon/basic_weapon.png,7,2,15,16,,unclaimed
equipment/equip/weapon/basic_weapon.png,8,2,16,16,,unclaimed
equipment/equip/weapon/basic_weapon.png,9,2,16,16,,unclaimed
equipment/equip/weapon/basic_weapon.png,10,2,16,16,,unclaimed
equipment/equip/weapon/basic_weapon.png,11,2,16,15,,unclaimed
equipment/equip/weapon/basic_weapon.png,12,2,15,15,,unclaimed
equipment/equip/weapon/basic_weapon.png,13,2,13,15,,unclaimed
equipment/equip/weapon/basic_weapon.png,14,2,10,13,,unclaimed
equipment/equip/weapon/basic_weapon.png,15,2,14,14,,unclaimed
equipment/equip/weapon/basic_weapon.png,16,2,11,16,,unclaimed
equipment/equip/weapon/basic_weapon.png,17,2,15,15,,unclaimed
equipment/equip/weapon/basic_weapon.png,18,2,8,14,,unclaimed
equipment/equip/weapon/basic_weapon.png,19,2,9,16,,unclaimed
equipment/equip/weapon/basic_weapon.png,20,2,15,10,,unclaimed
equipment/equip/weapon/basic_weapon.png,21,2,14,14,,unclaimed
equipment/equip/weapon/basic_weapon.png,22,2,15,10,,unclaimed
equipment/equip/weapon/basic_weapon.png,23,2,16,16,misc/FIRE_CRACKER#0,matched
equipment/equip/weapon/basic_weapon.png,24,2,14,14,,unclaimed
equipment/equip/weapon/basic_weapon.png,0,3,15,15,weapons/LONGSWORD#0,matched
equipment/equip/weapon/basic_weapon.png,1,3,16,16,weapons/BATTLE_AXE#0,matched
equipment/equip/weapon/basic_weapon.png,2,3,14,14,weapons/FLAIL#0,matched
equipment/equip/weapon/basic_weapon.png,3,3,16,16,,unclaimed
equipment/equip/weapon/basic_weapon.png,4,3,14,15,weapons/ASSASSINS_BLADE#0,matched
equipment/equip/weapon/basic_weapon.png,5,3,15,16,,unclaimed
equipment/equip/weapon/basic_weapon.png,6,3,16,16,,unclaimed
equipment/equip/weapon/basic_weapon.png,0,4,16,16,weapons/GREATSWORD#0,matched
equipment/equip/weapon/basic_weapon.png,1,4,16,16,weapons/WAR_HAMMER#0,matched
equipment/equip/weapon/basic_weapon.png,2,4,16,16,weapons/GLAIVE#0,matched
equipment/equip/weapon/basic_weapon.png,3,4,13,15,misc/GAUNTLETS#0,matched
equipment/equip/weapon/basic_weapon.png,4,4,12,16,misc/GREATSHIELD#0,matched
equipment/equip/weapon/basic_weapon.png,6,4,16,16,,unclaimed
equipment/equip/weapon/basic_weapon.png,7,4,15,16,,unclaimed
equipment/equip/weapon/basic_weapon.png,8,4,14,14,,unclaimed
equipment/equip/weapon/basic_weapon.png,0,5,14,15,weapons/WAR_SCYTHE#0,matched
equipment/equip/weapon/basic_weapon.png,1,5,12,16,weapons/GREATAXE#0,matched
equipment/equip/weapon/basic_weapon.png,6,5,16,16,,unclaimed
equipment/equip/weapon/basic_weapon.png,7,5,16,16,misc/NEPTUNUS_TRIDENT#0,matched
equipment/equip/weapon/basic_weapon.png,8,5,14,14,,unclaimed
equipment/equip/weapon/basic_weapon.png,9,5,15,14,,unclaimed
equipment/equip/weapon/basic_weapon.png,10,5,14,16,,unclaimed
equipment/equip/weapon/basic_weapon.png,11,5,16,14,,unclaimed
equipment/equip/weapon/basic_weapon.png,0,6,15,15,weapons/CROSSBOW#0,matched
equipment/equip/weapon/basic_weapon.png,6,6,16,16,,unclaimed
equipment/equip/weapon/basic_weapon.png,7,6,14,14,,unclaimed
equipment/equip/weapon/basic_weapon.png,8,6,14,14,,unclaimed
equipment/equip/weapon/basic_weapon.png,9,6,15,15,,unclaimed
equipment/equip/weapon/basic_weapon.png,10,6,15,15,,unclaimed
equipment/equip/weapon/basic_weapon.png,11,6,14,14,,unclaimed
equipment/equip/weapon/basic_weapon.png,6,7,16,16,,unclaimed
equipment/equip/weapon/basic_weapon.png,7,7,10,13,,unclaimed
equipment/equip/weapon/basic_weapon.png,8,7,12,16,,unclaimed
equipment/equip/weapon/basic_weapon.png,9,7,13,16,,unclaimed
equipment/equip/weapon/basic_weapon.png,10,7,13,16,,unclaimed
equipment/equip/weapon/basic_weapon.png,11,7,16,16,weapons/gun#4,matched
equipment/equip/weapon/basic_weapon.png,12,7,12,16,,unclaimed
equipment/equip/weapon/basic_weapon.png,13,7,10,11,,unclaimed
equipment/equip/weapon/bomb.png,0,0,10,13,weapons/BOMB#0,matched
equipment/equip/weapon/bomb.png,1,0,14,13,weapons/DBL_BOMB#0,matched
equipment/equip/weapon/bomb.png,2,0,10,13,,unclaimed
equipment/equip/weapon/bomb.png,3,0,10,13,,unclaimed
equipment/equip/weapon/bomb.png,4,0,10,13,,unclaimed
equipment/equip/weapon/bomb.png,5,0,10,13,,unclaimed
equipment/equip/weapon/bomb.png,6,0,10,13,,unclaimed
equipment/equip/weapon/bomb.png,0,1,10,13,misc/FLASHBANG#0,matched
equipment/equip/weapon/bomb.png,1,1,10,13,weapons/HOLY_BOMB#0,matched
equipment/equip/weapon/bomb.png,2,1,10,13,weapons/WOOLY_BOMB#0,matched
equipment/equip/weapon/bomb.png,3,1,10,13,misc/NOISEMAKER#0,matched
equipment/equip/weapon/bomb.png,4,1,10,13,weapons/ARCANE_BOMB#0,matched
equipment/equip/weapon/bomb.png,5,1,10,13,weapons/SHRAPNEL_BOMB#0,matched
equipment/equip/weapon/bomb.png,6,1,10,13,,unclaimed
equipment/equip/weapon/bomb.png,7,1,15,13,,unclaimed
equipment/equip/weapon/bomb.png,0,2,10,9,,unclaimed
equipment/equip/weapon/bomb.png,1,2,12,11,,unclaimed
equipment/equip/weapon/bomb.png,2,2,12,11,,unclaimed
equipment/equip/weapon/bomb.png,3,2,15,14,,unclaimed
equipment/equip/weapon/bomb.png,4,2,13,12,weapons/FIRE_BOMB#0,matched
equipment/equip/weapon/bomb.png,5,2,13,12,weapons/FROST_BOMB#0,matched
equipment/equip/weapon/bomb.png,6,2,13,12,weapons/REGROWTH_BOMB#0,matched
equipment/equip/weapon/bomb.png,7,2,13,12,weapons/SMOKE_BOMB#0,matched
equipment/equip/weapon/unique_weapon.png,0,0,15,15,,unclaimed
equipment/equip/weapon/unique_weapon.png,1,0,15,16,,unclaimed
equipment/equip/weapon/unique_weapon.png,2,0,15,16,,unclaimed
equipment/equip/weapon/unique_weapon.png,3,0,14,13,,unclaimed
equipment/equip/weapon/unique_weapon.png,4,0,16,16,,unclaimed
equipment/equip/weapon/unique_weapon.png,5,0,16,15,,unclaimed
equipment/equip/weapon/unique_weapon.png,6,0,16,16,,unclaimed
equipment/equip/weapon/unique_weapon.png,7,0,16,16,,unclaimed
equipment/equip/weapon/unique_weapon.png,0,1,16,16,weapons/LEGACY_HOLY_MACE#0,matched
equipment/equip/weapon/unique_weapon.png,1,1,13,16,,unclaimed
equipment/equip/weapon/unique_weapon.png,2,1,15,15,,unclaimed
equipment/equip/weapon/unique_weapon.png,3,1,12,15,misc/TORCH#0,matched
equipment/equip/weapon/unique_weapon.png,0,5,14,14,,unclaimed
equipment/equip/weapon/unique_weapon.png,1,5,16,16,weapons/SPIRIT_BOW#0,matched
equipment/equip/weapon/unique_weapon.png,2,5,16,16,weapons/SPS_TAURCEN_BOW#0,matched
equipment/equip/weapon/unique_weapon.png,3,5,16,16,misc/MANY_KNIVE#0,matched
equipment/equip/weapon/unique_weapon.png,4,5,16,16,weapons/SPS_ELF_BOW#0,matched
equipment/equip/weapon/unique_weapon.png,5,5,14,13,,unclaimed
equipment/equip/weapon/unique_weapon.png,6,5,13,7,,unclaimed
equipment/equip/weapon/unique_weapon.png,7,5,6,6,,unclaimed
equipment/equip/weapon/unique_weapon.png,8,5,10,7,,unclaimed
equipment/equip/weapon/unique_weapon.png,9,5,15,14,,unclaimed
equipment/equip/weapon/unique_weapon.png,10,5,14,16,,unclaimed
equipment/equip/weapon/unique_weapon.png,11,5,14,11,,unclaimed
equipment/equip/weapon/unique_weapon.png,12,5,16,16,,unclaimed
equipment/equip/weapon/unique_weapon.png,13,5,16,16,,unclaimed
equipment/equip/weapon/unique_weapon.png,14,5,15,10,,unclaimed
equipment/jewellery/artifact.png,0,0,9,15,,unclaimed
equipment/jewellery/artifact.png,1,0,16,13,,unclaimed
equipment/jewellery/artifact.png,2,0,16,14,,unclaimed
equipment/jewellery/artifact.png,3,0,15,13,,unclaimed
equipment/jewellery/artifact.png,4,0,13,16,,unclaimed
equipment/jewellery/artifact.png,5,0,15,13,,unclaimed
equipment/jewellery/artifact.png,6,0,13,16,,unclaimed
equipment/jewellery/artifact.png,7,0,15,16,,unclaimed
equipment/jewellery/artifact.png,8,0,15,15,,unclaimed
equipment/jewellery/artifact.png,9,0,15,15,,unclaimed
equipment/jewellery/artifact.png,10,0,15,15,,unclaimed
equipment/jewellery/artifact.png,11,0,16,16,,unclaimed
equipment/jewellery/artifact.png,12,0,12,15,,unclaimed
equipment/jewellery/artifact.png,13,0,12,15,,unclaimed
equipment/jewellery/artifact.png,14,0,12,15,,unclaimed
equipment/jewellery/artifact.png,15,0,16,5,,unclaimed
equipment/jewellery/artifact.png,16,0,16,6,,unclaimed
equipment/jewellery/artifact.png,17,0,16,9,,unclaimed
equipment/jewellery/artifact.png,18,0,16,14,,unclaimed
equipment/jewellery/artifact.png,19,0,8,16,artifacts/ARTIFACT_KEY#0,matched
equipment/jewellery/artifact.png,0,1,13,15,,unclaimed
equipment/jewellery/artifact.png,1,1,14,14,,unclaimed
equipment/jewellery/artifact.png,2,1,14,14,,unclaimed
equipment/jewellery/artifact.png,3,1,16,16,artifacts/ARTIFACT_BEACON#0,matched
equipment/jewellery/artifact.png,4,1,15,14,,unclaimed
equipment/jewellery/artifact.png,5,1,13,13,,unclaimed
equipment/jewellery/artifact.png,6,1,16,16,artifacts/ARTIFACT_ICE_EYE#0,matched
equipment/jewellery/artifact.png,7,1,12,14,,unclaimed
equipment/jewellery/artifact.png,8,1,16,16,misc/LEGACY_ALIEN_BAG#0,matched
equipment/jewellery/artifact.png,9,1,16,16,,unclaimed
equipment/jewellery/artifact.png,10,1,16,16,,unclaimed
equipment/jewellery/artifact.png,11,1,13,16,,unclaimed
equipment/jewellery/artifact.png,11,2,5,1,,unclaimed
equipment/jewellery/artifact.png,0,3,16,15,,unclaimed
equipment/jewellery/artifact.png,1,3,16,16,misc/LING_HEART#0,matched
equipment/jewellery/artifact.png,2,3,15,15,,unclaimed
equipment/jewellery/artifact.png,3,3,12,12,,unclaimed
equipment/jewellery/artifact.png,4,3,15,16,,unclaimed
equipment/jewellery/artifact.png,5,3,15,13,,unclaimed
equipment/jewellery/artifact.png,6,3,16,15,,unclaimed
equipment/jewellery/artifact.png,17,3,16,14,,unclaimed
equipment/jewellery/artifact.png,18,3,14,15,,unclaimed
equipment/jewellery/artifact.png,19,3,14,10,,unclaimed
equipment/jewellery/ring.png,0,0,8,10,,unclaimed
equipment/jewellery/ring.png,1,0,8,10,rings/RING_RUBY#0,matched
equipment/jewellery/ring.png,2,0,8,10,rings/RING_ELEMENTS#0,matched
equipment/jewellery/ring.png,3,0,8,10,rings/RING_ENERGY#0,matched
equipment/jewellery/ring.png,4,0,8,10,rings/RING_ONYX#0,matched
equipment/jewellery/ring.png,5,0,8,10,rings/RING_FORCE#0,matched
equipment/jewellery/ring.png,6,0,8,10,rings/RING_FUROR#0,matched
equipment/jewellery/ring.png,7,0,8,10,rings/RING_SAPPHIRE#0,matched
equipment/jewellery/ring.png,8,0,8,10,rings/RING_MIGHT#0,matched
equipment/jewellery/ring.png,9,0,8,10,rings/RING_SHARPSHOOT#0,matched
equipment/jewellery/ring.png,10,0,8,10,rings/RING_TENACITY#0,matched
equipment/jewellery/ring.png,11,0,8,10,rings/RING_DIAMOND#0,matched
equipment/jewellery/ring.png,0,2,14,10,,unclaimed
equipment/non_equip.png,0,0,16,16,artifacts/LEGACY_ATTACK_SHOES#0,matched
equipment/non_equip.png,1,0,10,14,,unclaimed
equipment/non_equip.png,2,0,13,14,,unclaimed
equipment/non_equip.png,3,0,12,12,,unclaimed
equipment/non_equip.png,4,0,10,10,,unclaimed
equipment/non_equip.png,5,0,10,10,,unclaimed
equipment/non_equip.png,6,0,10,13,,unclaimed
equipment/non_equip.png,7,0,10,10,,unclaimed
equipment/non_equip.png,8,0,10,10,,unclaimed
equipment/non_equip.png,9,0,14,11,,unclaimed
equipment/non_equip.png,10,0,14,11,,unclaimed
equipment/non_equip.png,11,0,14,11,,unclaimed
equipment/non_equip.png,12,0,6,12,,unclaimed
equipment/non_equip.png,13,0,10,14,,unclaimed
equipment/non_equip.png,14,0,10,14,,unclaimed
equipment/non_equip.png,15,0,16,16,,unclaimed
equipment/non_equip.png,0,1,10,10,,unclaimed
equipment/non_equip.png,1,1,12,14,,unclaimed
equipment/non_equip.png,2,1,16,16,misc/LEGACY_SHOVEL#0,matched
equipment/non_equip.png,3,1,16,12,,unclaimed
equipment/non_equip.png,4,1,10,7,,unclaimed
equipment/non_equip.png,5,1,12,12,,unclaimed
equipment/non_equip.png,6,1,14,14,,unclaimed
equipment/non_equip.png,7,1,15,11,,unclaimed
equipment/non_equip.png,8,1,13,15,,unclaimed
equipment/non_equip.png,9,1,11,11,,unclaimed
equipment/non_equip.png,10,1,11,11,,unclaimed
equipment/non_equip.png,11,1,11,14,,unclaimed
equipment/non_equip.png,12,1,13,16,,unclaimed
equipment/non_equip.png,13,1,13,16,,unclaimed
equipment/non_equip.png,14,1,11,14,,unclaimed
equipment/non_equip.png,15,1,15,15,,unclaimed
equipment/non_equip.png,0,2,12,13,,unclaimed
equipment/non_equip.png,1,2,12,16,,unclaimed
equipment/non_equip.png,2,2,16,16,misc/SPS_DICE_TOWER#0,matched
equipment/non_equip.png,3,2,16,11,,unclaimed
equipment/non_equip.png,4,2,14,16,,unclaimed
equipment/non_equip.png,5,2,14,16,,unclaimed
equipment/non_equip.png,6,2,11,11,,unclaimed
equipment/non_equip.png,7,2,13,12,,unclaimed
equipment/non_equip.png,8,2,16,16,misc/SPS_SERIOUS_PUNCH#0,matched
equipment/non_equip.png,9,2,15,16,,unclaimed
equipment/non_equip.png,10,2,16,15,,unclaimed
equipment/non_equip.png,11,2,13,13,,unclaimed
equipment/non_equip.png,12,2,14,14,,unclaimed
equipment/non_equip.png,13,2,16,15,,unclaimed
equipment/non_equip.png,14,2,14,15,,unclaimed
equipment/non_equip.png,15,2,12,14,,unclaimed
equipment/non_equip.png,0,5,10,12,,unclaimed
equipment/non_equip.png,1,5,13,16,,unclaimed
equipment/non_equip.png,2,5,13,16,,unclaimed
equipment/non_equip.png,3,5,12,12,,unclaimed
equipment/non_equip.png,4,5,13,16,,unclaimed
equipment/non_equip.png,5,5,14,16,,unclaimed
equipment/non_equip.png,15,5,15,14,,unclaimed
equipment/non_equip.png,0,6,16,16,,unclaimed
equipment/non_equip.png,1,6,16,16,,unclaimed
equipment/non_equip.png,2,6,16,16,,unclaimed
equipment/non_equip.png,3,6,16,16,,unclaimed
equipment/non_equip.png,4,6,16,16,,unclaimed
equipment/non_equip.png,5,6,16,16,,unclaimed
equipment/non_equip.png,6,6,16,16,,unclaimed
equipment/non_equip.png,7,6,16,16,armor/SPS_LIFE_ARMOR#0,matched
equipment/non_equip.png,14,6,14,13,,unclaimed
equipment/non_equip.png,15,6,15,15,misc/SPYGLASS#0,matched
equipment/non_equip.png,0,7,16,11,misc/RAT_SKULL#0,matched
equipment/non_equip.png,1,7,10,14,misc/PARCHMENT_SCRAP#0,matched
equipment/non_equip.png,2,7,9,9,seeds/PETRIFIED_SEED#0,matched
equipment/non_equip.png,3,7,15,13,stones/EXOTIC_CRYSTALS#0,matched
equipment/non_equip.png,4,7,12,11,misc/MOSSY_CLUMP#0,matched
equipment/non_equip.png,5,7,16,12,misc/SUNDIAL#0,matched
equipment/non_equip.png,6,7,11,15,misc/CLOVER#0,matched
equipment/non_equip.png,7,7,13,15,misc/TRAP_MECHANISM#0,matched
equipment/non_equip.png,8,7,8,15,misc/MIMIC_TOOTH#0,matched
equipment/non_equip.png,9,7,12,11,misc/WONDROUS_RESIN#0,matched
equipment/non_equip.png,10,7,12,12,misc/EYE_OF_NEWT#0,matched
equipment/non_equip.png,11,7,12,13,misc/SALT_CUBE#0,matched
equipment/non_equip.png,12,7,6,15,misc/BLOOD_VIAL#0,matched
equipment/non_equip.png,13,7,7,14,stones/OBLIVION_SHARD#0,matched
equipment/non_equip.png,14,7,13,15,misc/CHAOTIC_CENSER#0,matched
equipment/non_equip.png,15,7,16,15,misc/FERRET_TUFT#0,matched
equipment/wand/basic_wand.png,0,0,14,14,,unclaimed
equipment/wand/basic_wand.png,1,0,14,14,wands/WAND_FIREBOLT#0,matched
equipment/wand/basic_wand.png,2,0,14,14,,unclaimed
equipment/wand/basic_wand.png,3,0,14,14,,unclaimed
equipment/wand/basic_wand.png,4,0,14,14,wands/WAND_DISINTEGRATION#0,matched
equipment/wand/basic_wand.png,5,0,16,15,,unclaimed
equipment/wand/basic_wand.png,6,0,14,14,wands/WAND_WARDING#0,matched
equipment/wand/basic_wand.png,7,0,16,14,,unclaimed
equipment/wand/basic_wand.png,12,0,14,14,,unclaimed
equipment/wand/basic_wand.png,13,0,14,14,,unclaimed
equipment/wand/basic_wand.png,14,0,14,14,,unclaimed
equipment/wand/basic_wand.png,15,0,14,14,,unclaimed
equipment/wand/basic_wand.png,0,1,14,14,,unclaimed
equipment/wand/basic_wand.png,1,1,14,14,wands/WAND_TRANSFUSION#0,matched
equipment/wand/basic_wand.png,2,1,14,14,,unclaimed
equipment/wand/basic_wand.png,3,1,14,14,wands/WAND_LIVING_EARTH#0,matched
equipment/wand/basic_wand.png,4,1,14,14,wands/WAND_BLAST_WAVE#0,matched
equipment/wand/basic_wand.png,5,1,14,14,wands/WAND_CORRUPTION#0,matched
equipment/wand/basic_wand.png,6,1,14,14,,unclaimed
equipment/wand/basic_wand.png,7,1,14,14,,unclaimed
equipment/wand/basic_wand.png,12,1,6,1,,unclaimed
equipment/wand/basic_wand.png,13,1,14,14,,unclaimed
equipment/wand/basic_wand.png,14,1,14,14,,unclaimed
equipment/wand/basic_wand.png,15,1,14,14,,unclaimed
equipment/wand/unique_wand.png,0,0,15,15,,unclaimed
ground/functional_falling.png,0,0,10,10,,unclaimed
ground/functional_falling.png,1,0,10,10,,unclaimed
ground/functional_falling.png,2,0,10,13,,unclaimed
ground/functional_falling.png,3,0,10,10,,unclaimed
ground/functional_falling.png,4,0,10,10,,unclaimed
ground/functional_falling.png,0,1,8,8,misc/PETAL#0,matched
ground/functional_falling.png,1,1,10,10,misc/SANDBAG#0,matched
ground/functional_falling.png,2,1,11,11,weapons/SPIRIT_ARROW#0,matched
ground/functional_falling.png,3,1,10,10,weapons/TENGU_BOMB#0,matched
ground/functional_falling.png,4,1,10,10,misc/TENGU_SHOCKER#0,matched
ground/grounding_items.png,0,0,15,14,,unclaimed
ground/grounding_items.png,1,0,15,14,,unclaimed
ground/grounding_items.png,3,0,16,15,,unclaimed
ground/grounding_items.png,4,0,16,15,,unclaimed
ground/grounding_items.png,5,0,16,15,,unclaimed
ground/grounding_items.png,6,0,16,14,misc/CHEST#0,matched
ground/grounding_items.png,7,0,16,14,misc/LOCKED_CHEST#0,matched
ground/grounding_items.png,8,0,16,14,stones/CRYSTAL_CHEST#0,matched
ground/grounding_items.png,9,0,16,14,misc/EBONY_CHEST#0,matched
ground/grounding_items.png,0,1,14,15,,unclaimed
ground/grounding_items.png,1,1,14,15,,unclaimed
ground/grounding_items.png,0,2,14,15,,unclaimed
ground/grounding_items.png,1,2,14,15,,unclaimed
ground/grounding_items.png,0,3,16,16,misc/E_DUST#0,matched
ground/grounding_items.png,1,3,16,15,,unclaimed
ground/grounding_items.png,2,3,14,15,,unclaimed
ground/grounding_items.png,3,3,16,15,,unclaimed
ground/grounding_items.png,4,3,16,14,,unclaimed
ground/rock.png,0,0,16,15,misc/GEO_BOULDER#0,matched
item_icons.png,0,0,15,7,,unclaimed
item_icons.png,1,0,15,7,,unclaimed
item_icons.png,2,0,13,7,,unclaimed
item_icons.png,3,0,14,6,,unclaimed
item_icons.png,4,0,15,7,,unclaimed
item_icons.png,5,0,15,6,,unclaimed
item_icons.png,0,1,15,15,,unclaimed
item_icons.png,1,1,15,15,,unclaimed
item_icons.png,2,1,15,15,,unclaimed
item_icons.png,3,1,15,14,,unclaimed
item_icons.png,4,1,13,15,,unclaimed
item_icons.png,5,1,15,15,,unclaimed
item_icons.png,0,2,14,7,,unclaimed
item_icons.png,1,2,15,7,,unclaimed
item_icons.png,2,2,15,7,,unclaimed
item_icons.png,3,2,13,7,,unclaimed
item_icons.png,4,2,15,7,,unclaimed
item_icons.png,5,2,15,7,,unclaimed
item_icons.png,0,3,14,7,,unclaimed
item_icons.png,1,3,15,7,,unclaimed
item_icons.png,2,3,15,7,,unclaimed
item_icons.png,3,3,15,7,,unclaimed
item_icons.png,4,3,14,7,,unclaimed
item_icons.png,5,3,15,7,,unclaimed
specific/currency.png,0,0,15,13,misc/GOLD#0,matched
specific/currency.png,1,0,16,16,misc/ENERGY#0,matched
specific/currency.png,0,1,12,15,-,skipped
specific/currency.png,1,1,15,15,-,skipped
specific/key.png,0,0,8,14,keys/IRON_KEY,matched
specific/key.png,1,0,8,14,keys/GOLDEN_KEY,matched
specific/key.png,2,0,8,14,keys/WORN_KEY,matched
specific/key.png,3,0,8,14,stones/CRYSTAL_KEY,matched
specific/key.png,0,1,8,14,-,skipped
specific/key.png,1,1,8,14,-,skipped
specific/key.png,2,1,8,14,-,skipped
specific/key.png,3,1,8,14,-,skipped
specific/pages.png,0,0,10,11,documents/GUIDE_PAGE#0,matched
specific/pages.png,1,0,10,11,documents/ALCH_PAGE#0,matched
specific/pages.png,2,0,10,11,documents/SEWER_PAGE#0,matched
specific/pages.png,3,0,10,11,documents/PRISON_PAGE#0,matched
specific/pages.png,4,0,10,11,documents/CAVES_PAGE#0,matched
specific/pages.png,5,0,10,11,documents/CITY_PAGE#0,matched
specific/pages.png,6,0,10,11,documents/HALLS_PAGE#0,matched
specific/place_holde_extrar.png,0,0,8,14,,unclaimed
specific/place_holde_extrar.png,1,0,12,15,,unclaimed
specific/place_holde_extrar.png,2,0,11,13,,unclaimed
specific/place_holde_extrar.png,3,0,12,15,,unclaimed
specific/place_holde_extrar.png,4,0,10,14,,unclaimed
specific/place_holde_extrar.png,5,0,9,15,,unclaimed
specific/place_holde_extrar.png,6,0,14,12,,unclaimed
specific/place_holde_extrar.png,0,1,7,11,,unclaimed
specific/place_holde_extrar.png,1,1,10,13,,unclaimed
specific/place_holde_extrar.png,2,1,14,11,,unclaimed
specific/place_holde_extrar.png,3,1,11,14,,unclaimed
specific/place_holde_extrar.png,4,1,12,11,,unclaimed
specific/place_holde_extrar.png,5,1,13,15,,unclaimed
specific/place_holde_extrar.png,6,1,13,12,,unclaimed
specific/place_holde_extrar.png,0,2,11,12,,unclaimed
specific/place_holde_extrar.png,1,2,12,12,,unclaimed
specific/place_holde_extrar.png,2,2,12,9,,unclaimed
specific/place_holde_extrar.png,3,2,12,10,,unclaimed
specific/place_holde_extrar.png,4,2,4,13,,unclaimed
specific/place_holde_extrar.png,5,2,10,12,,unclaimed
specific/place_holde_extrar.png,6,2,11,14,,unclaimed
specific/place_holder.png,0,0,16,7,,unclaimed
specific/place_holder.png,1,0,14,14,,unclaimed
specific/place_holder.png,2,0,14,12,,unclaimed
specific/place_holder.png,3,0,14,14,wands/WAND_HOLDER#0,matched
specific/place_holder.png,4,0,15,15,artifacts/ARTIFACT_HOLDER#0,matched
specific/place_holder.png,5,0,16,11,misc/TRINKET_HOLDER#0,matched
specific/place_holder.png,6,0,14,11,,unclaimed
specific/place_holder.png,7,0,14,14,,unclaimed
specific/place_holder.png,8,0,15,14,documents/SCROLL_HOLDER#0,matched
specific/place_holder.png,9,0,12,14,potions/POTION_HOLDER#0,matched
specific/place_holder.png,13,0,15,14,misc/MOB_HOLDER#0,matched
specific/place_holder.png,14,0,11,12,,unclaimed
specific/place_holder.png,15,0,13,10,,unclaimed
specific/place_holder.png,0,1,8,13,misc/SOMETHING#0,matched
specific/place_holder.png,1,1,14,14,,unclaimed
specific/place_holder.png,2,1,14,12,,unclaimed
specific/place_holder.png,3,1,14,14,,unclaimed
specific/place_holder.png,4,1,8,10,rings/RING_HOLDER#0,matched
specific/place_holder.png,6,1,15,11,foods/FOOD_HOLDER#0,matched
specific/place_holder.png,8,1,14,12,stones/STONE_HOLDER#0,matched
specific/place_holder.png,9,1,10,10,seeds/SEED_HOLDER#0,matched
specific/place_holder.png,13,1,14,11,,unclaimed
specific/place_holder.png,14,1,12,14,,unclaimed
specific/place_holder.png,15,1,13,14,,unclaimed
specific/place_holder.png,0,2,8,9,,unclaimed
specific/place_holder.png,1,2,14,14,,unclaimed
specific/place_holder.png,2,2,14,12,,unclaimed
specific/place_holder.png,3,2,14,14,,unclaimed
specific/place_holder.png,4,2,14,11,,unclaimed
specific/place_holder.png,6,2,10,10,,unclaimed
specific/place_holder.png,8,2,12,14,potions/ELIXIR_HOLDER#0,matched
specific/place_holder.png,9,2,8,16,misc/SPELL_HOLDER#0,matched
specific/place_holder.png,0,3,10,11,documents/DOCUMENT_HOLDER#0,matched
specific/place_holder.png,1,3,14,14,,unclaimed
specific/place_holder.png,2,3,14,12,,unclaimed
specific/place_holder.png,3,3,14,14,,unclaimed
specific/place_holder.png,4,3,14,14,,unclaimed
specific/place_holder.png,13,3,14,11,,unclaimed
specific/place_holder.png,14,3,16,14,,unclaimed
specific/place_holder.png,15,3,10,9,,unclaimed
specific/task.png,0,0,12,11,misc/TRINKET_CATA#0,matched
specific/task.png,1,0,13,14,,unclaimed
specific/task.png,2,0,12,12,misc/CANDLE#0,matched
specific/task.png,3,0,12,11,misc/DUST#0,matched
specific/task.png,4,0,13,12,,unclaimed
specific/task.png,10,0,13,16,,unclaimed
specific/task.png,11,0,13,16,,unclaimed
specific/task.png,12,0,13,16,,unclaimed
specific/task.png,13,0,12,11,,unclaimed
specific/task.png,14,0,14,14,,unclaimed
specific/task.png,15,0,13,15,,unclaimed
specific/task.png,0,1,14,14,weapons/PICKAXE#0,matched
specific/task.png,1,1,15,15,misc/ORE#0,matched
specific/task.png,2,1,12,12,misc/TOKEN#0,matched
specific/task.png,3,1,12,11,misc/EMBER#0,matched
specific/task.png,10,1,13,16,,unclaimed
specific/task.png,11,1,16,10,,unclaimed
specific/task.png,12,1,15,15,,unclaimed
specific/task.png,13,1,16,16,misc/AMULET#0,matched
specific/task.png,14,1,14,14,,unclaimed
specific/task.png,15,1,16,16,,unclaimed
specific/task.png,0,2,14,15,,unclaimed
specific/task.png,1,2,14,15,,unclaimed
specific/task.png,2,2,12,15,,unclaimed
specific/task.png,3,2,16,16,misc/SEWER_CHALLENGE#0,matched
specific/task.png,4,2,16,16,,unclaimed
specific/task.png,5,2,16,16,misc/CAVE_CHALLENGE#0,matched
specific/task.png,6,2,16,16,,unclaimed
specific/task.png,7,2,16,16,keys/POT_KEY#0,matched
specific/task.png,8,2,16,16,weapons/TENGU_SWORD#0,matched
specific/task.png,0,3,10,11,,unclaimed
specific/task.png,3,3,12,16,,unclaimed
specific/task.png,4,3,11,11,,unclaimed
specific/task.png,5,3,9,14,,unclaimed
specific/task.png,6,3,12,15,,unclaimed
