old_const,new_class,new_ident,source,status
TX_HEIGHT,,,cell0x992,UNRESOLVED
SOMETHING,SpecificPlaceHolderDict,SOMETHING_0,misc/SOMETHING,ok
WEAPON_HOLDER,,,cell16x0,UNRESOLVED
ARMOR_HOLDER,,,cell32x0,UNRESOLVED
MISSILE_HOLDER,,,cell48x0,UNRESOLVED
WAND_HOLDER,SpecificPlaceHolderDict,WAND_HOLDER_0,wands/WAND_HOLDER,ok
RING_HOLDER,EquipmentJewelleryRingDict,RING_HOLDER,rings/RING_HOLDER,ok
ARTIFACT_HOLDER,SpecificPlaceHolderDict,ARTIFACT_HOLDER_0,artifacts/ARTIFACT_HOLDER,ok
TRINKET_HOLDER,SpecificPlaceHolderDict,TRINKET_HOLDER_0,misc/TRINKET_HOLDER,ok
FOOD_HOLDER,SpecificPlaceHolderDict,FOOD_HOLDER_0,foods/FOOD_HOLDER,ok
BOMB_HOLDER,,,cell144x0,UNRESOLVED
POTION_HOLDER,SpecificPlaceHolderDict,POTION_HOLDER_0,potions/POTION_HOLDER,ok
SEED_HOLDER,SpecificPlaceHolderDict,SEED_HOLDER_0,seeds/SEED_HOLDER,ok
SCROLL_HOLDER,SpecificPlaceHolderDict,SCROLL_HOLDER_0,documents/SCROLL_HOLDER,ok
STONE_HOLDER,SpecificPlaceHolderDict,STONE_HOLDER_0,stones/STONE_HOLDER,ok
ELIXIR_HOLDER,SpecificPlaceHolderDict,ELIXIR_HOLDER_0,potions/ELIXIR_HOLDER,ok
SPELL_HOLDER,SpecificPlaceHolderDict,SPELL_HOLDER_0,misc/SPELL_HOLDER,ok
MOB_HOLDER,SpecificPlaceHolderDict,MOB_HOLDER_0,misc/MOB_HOLDER,ok
DOCUMENT_HOLDER,SpecificPlaceHolderDict,DOCUMENT_HOLDER_0,documents/DOCUMENT_HOLDER,ok
ACCESSORY_HOLDER,,,cell192x80,UNRESOLVED
GOLD,SpecificCurrencyDict,GOLD_0,misc/GOLD,ok
ENERGY,SpecificCurrencyDict,ENERGY_0,misc/ENERGY,ok
DEWDROP,GroundFunctionalFallingDict,DEWDROP_0,materials/dewdrop,ok
PETAL,GroundFunctionalFallingDict,PETAL_0,misc/PETAL,ok
SANDBAG,GroundFunctionalFallingDict,SANDBAG_0,misc/SANDBAG,ok
SPIRIT_ARROW,GroundFunctionalFallingDict,SPIRIT_ARROW_0,weapons/SPIRIT_ARROW,ok
TENGU_BOMB,GroundFunctionalFallingDict,TENGU_BOMB_0,weapons/TENGU_BOMB,ok
TENGU_SHOCKER,GroundFunctionalFallingDict,TENGU_SHOCKER_0,misc/TENGU_SHOCKER,ok
GEO_BOULDER,GroundRockDict,GEO_BOULDER_0,misc/GEO_BOULDER,ok
BONES,,,cell0x32,UNRESOLVED
REMAINS,,,cell16x32,UNRESOLVED
TOMB,,,cell32x32,UNRESOLVED
GRAVE,,,cell48x32,UNRESOLVED
CHEST,GroundGroundingItemsDict,CHEST_0,misc/CHEST,ok
LOCKED_CHEST,GroundGroundingItemsDict,LOCKED_CHEST_0,misc/LOCKED_CHEST,ok
CRYSTAL_CHEST,GroundGroundingItemsDict,CRYSTAL_CHEST_0,stones/CRYSTAL_CHEST,ok
EBONY_CHEST,GroundGroundingItemsDict,EBONY_CHEST_0,misc/EBONY_CHEST,ok
ANKH,ConsumUsefulUsefulDict,ANKH,misc/ANKH,ok
STYLUS,ConsumUsefulUsefulDict,STYLUS,misc/STYLUS,ok
SEAL,,,cell32x48,UNRESOLVED
TORCH,ConsumUsefulUsefulDict,TORCH_0,misc/TORCH,ok
BEACON,ConsumUsefulUsefulDict,BEACON_0,misc/BEACON,ok
HONEYPOT,ConsumUsefulUsefulDict,HONEYPOT_0,foods/HONEYPOT,ok
SHATTPOT,ConsumUsefulUsefulDict,SHATTPOT,misc/SHATTPOT,ok
IRON_KEY,SpecificKeyDict,IRON_KEY,keys/IRON_KEY,ok
GOLDEN_KEY,SpecificKeyDict,GOLDEN_KEY,keys/GOLDEN_KEY,ok
CRYSTAL_KEY,SpecificKeyDict,CRYSTAL_KEY,stones/CRYSTAL_KEY,ok
WORN_KEY,SpecificKeyDict,WORN_KEY,keys/WORN_KEY,ok
MASK,ConsumUsefulProcessEnhanceDict,MASK_0,misc/MASK,ok
CROWN,ConsumUsefulProcessEnhanceDict,CROWN_0,misc/CROWN,ok
AMULET,SpecificTaskDict,AMULET_0,misc/AMULET,ok
MASTERY,ConsumUsefulProcessEnhanceDict,MASTERY_0,misc/MASTERY,ok
KIT,ConsumUsefulProcessEnhanceDict,KIT_0,misc/KIT,ok
SEAL_SHARD,ConsumUsefulCorpseRelicsDict,SEAL_SHARD_0,stones/SEAL_SHARD,ok
BROKEN_STAFF,ConsumUsefulCorpseRelicsDict,BROKEN_STAFF_0,weapons/BROKEN_STAFF,ok
CLOAK_SCRAP,ConsumUsefulCorpseRelicsDict,CLOAK_SCRAP_0,misc/CLOAK_SCRAP,ok
BOW_FRAGMENT,ConsumUsefulCorpseRelicsDict,BOW_FRAGMENT_0,weapons/BOW_FRAGMENT,ok
BROKEN_HILT,ConsumUsefulCorpseRelicsDict,BROKEN_HILT_0,misc/BROKEN_HILT,ok
TORN_PAGE,ConsumUsefulCorpseRelicsDict,TORN_PAGE_0,documents/TORN_PAGE,ok
TRINKET_CATA,ConsumUsefulCorpseRelicsDict,TRINKET_CATA_0,misc/TRINKET_CATA,ok
BOMB,EquipmentEquipWeaponBombDict,BOMB_0,weapons/BOMB,ok
DBL_BOMB,EquipmentEquipWeaponBombDict,DBL_BOMB_0,weapons/DBL_BOMB,ok
FIRE_BOMB,EquipmentEquipWeaponBombDict,FIRE_BOMB_0,weapons/FIRE_BOMB,ok
FROST_BOMB,EquipmentEquipWeaponBombDict,FROST_BOMB_0,weapons/FROST_BOMB,ok
REGROWTH_BOMB,EquipmentEquipWeaponBombDict,REGROWTH_BOMB_0,weapons/REGROWTH_BOMB,ok
SMOKE_BOMB,EquipmentEquipWeaponBombDict,SMOKE_BOMB_0,weapons/SMOKE_BOMB,ok
FLASHBANG,EquipmentEquipWeaponBombDict,FLASHBANG_0,misc/FLASHBANG,ok
HOLY_BOMB,EquipmentEquipWeaponBombDict,HOLY_BOMB_0,weapons/HOLY_BOMB,ok
WOOLY_BOMB,EquipmentEquipWeaponBombDict,WOOLY_BOMB_0,weapons/WOOLY_BOMB,ok
NOISEMAKER,EquipmentEquipWeaponBombDict,NOISEMAKER_0,misc/NOISEMAKER,ok
ARCANE_BOMB,EquipmentEquipWeaponBombDict,ARCANE_BOMB_0,weapons/ARCANE_BOMB,ok
SHRAPNEL_BOMB,EquipmentEquipWeaponBombDict,SHRAPNEL_BOMB_0,weapons/SHRAPNEL_BOMB,ok
WORN_SHORTSWORD,EquipmentEquipWeaponBasicWeaponDict,WORN_SHORTSWORD_0,weapons/WORN_SHORTSWORD,ok
CUDGEL,,,cell16x96,UNRESOLVED
GLOVES,EquipmentEquipWeaponBasicWeaponDict,GLOVES,(strip:GLOVES),ok
RAPIER,EquipmentEquipWeaponBasicWeaponDict,RAPIER_0,foods/RAPIER,ok
DAGGER,EquipmentEquipWeaponBasicWeaponDict,DAGGER_0,weapons/DAGGER,ok
MAGES_STAFF,,,cell80x96,UNRESOLVED
SHORTSWORD,EquipmentEquipWeaponBasicWeaponDict,SHORTSWORD_0,weapons/SHORTSWORD,ok
HAND_AXE,EquipmentEquipWeaponBasicWeaponDict,HAND_AXE_0,weapons/HAND_AXE,ok
SPEAR,EquipmentEquipWeaponBasicWeaponDict,SPEAR_0,weapons/SPEAR,ok
QUARTERSTAFF,EquipmentEquipWeaponBasicWeaponDict,QUARTERSTAFF_0,weapons/QUARTERSTAFF,ok
DIRK,EquipmentEquipWeaponBasicWeaponDict,DIRK_0,misc/DIRK,ok
SICKLE,EquipmentEquipWeaponBasicWeaponDict,SICKLE_0,misc/SICKLE,ok
SWORD,EquipmentEquipWeaponBasicWeaponDict,SWORD_0,weapons/SWORD,ok
MACE,EquipmentEquipWeaponBasicWeaponDict,MACE_0,weapons/MACE,ok
SCIMITAR,EquipmentEquipWeaponBasicWeaponDict,SCIMITAR,(strip:SCIMITAR),ok
ROUND_SHIELD,EquipmentEquipWeaponBasicWeaponDict,ROUND_SHIELD_0,misc/ROUND_SHIELD,ok
SAI,EquipmentEquipWeaponBasicWeaponDict,SAI_0,misc/SAI,ok
WHIP,EquipmentEquipWeaponBasicWeaponDict,WHIP_0,weapons/WHIP,ok
LONGSWORD,EquipmentEquipWeaponBasicWeaponDict,LONGSWORD_0,weapons/LONGSWORD,ok
BATTLE_AXE,EquipmentEquipWeaponBasicWeaponDict,BATTLE_AXE_0,weapons/BATTLE_AXE,ok
FLAIL,EquipmentEquipWeaponBasicWeaponDict,FLAIL_0,weapons/FLAIL,ok
RUNIC_BLADE,,,cell176x112,UNRESOLVED
ASSASSINS_BLADE,EquipmentEquipWeaponBasicWeaponDict,ASSASSINS_BLADE_0,weapons/ASSASSINS_BLADE,ok
CROSSBOW,EquipmentEquipWeaponBasicWeaponDict,CROSSBOW_0,weapons/CROSSBOW,ok
KATANA,,,cell224x112,UNRESOLVED
GREATSWORD,EquipmentEquipWeaponBasicWeaponDict,GREATSWORD_0,weapons/GREATSWORD,ok
WAR_HAMMER,EquipmentEquipWeaponBasicWeaponDict,WAR_HAMMER_0,weapons/WAR_HAMMER,ok
GLAIVE,EquipmentEquipWeaponBasicWeaponDict,GLAIVE_0,weapons/GLAIVE,ok
GREATAXE,EquipmentEquipWeaponBasicWeaponDict,GREATAXE_0,weapons/GREATAXE,ok
GREATSHIELD,EquipmentEquipWeaponBasicWeaponDict,GREATSHIELD_0,misc/GREATSHIELD,ok
GAUNTLETS,EquipmentEquipWeaponBasicWeaponDict,GAUNTLETS_0,misc/GAUNTLETS,ok
WAR_SCYTHE,EquipmentEquipWeaponBasicWeaponDict,WAR_SCYTHE_0,weapons/WAR_SCYTHE,ok
LEGACY_SHOVEL,EquipmentNonEquipDict,LEGACY_SHOVEL_0,misc/LEGACY_SHOVEL,ok
LEGACY_SOLDIER_GUN,,,cell144x128,UNRESOLVED
LEGACY_SOLDIER_AMMO,,,cell160x128,UNRESOLVED
LEGACY_FIRE_BOMB,EquipmentEquipWeaponBombDict,FIRE_BOMB_0,(strip:FIRE_BOMB),ok
LEGACY_ICE_BOMB,,,cell192x128,UNRESOLVED
LEGACY_STORM_BOMB,,,cell208x128,UNRESOLVED
SPIRIT_BOW,EquipmentEquipWeaponUniqueWeaponDict,SPIRIT_BOW_0,weapons/SPIRIT_BOW,ok
THROWING_SPIKE,ConsumThrowsDict,THROWING_SPIKE_0,weapons/THROWING_SPIKE,ok
THROWING_KNIFE,ConsumThrowsDict,THROWING_KNIFE_0,weapons/THROWING_KNIFE,ok
THROWING_STONE,ConsumThrowsDict,THROWING_STONE_0,stones/THROWING_STONE,ok
FISHING_SPEAR,ConsumThrowsDict,FISHING_SPEAR_0,foods/FISHING_SPEAR,ok
SHURIKEN,ConsumThrowsDict,SHURIKEN_0,weapons/SHURIKEN,ok
THROWING_CLUB,ConsumThrowsDict,THROWING_CLUB_0,weapons/THROWING_CLUB,ok
THROWING_SPEAR,ConsumThrowsDict,THROWING_SPEAR_0,weapons/THROWING_SPEAR,ok
BOLAS,ConsumThrowsDict,BOLAS_0,misc/BOLAS,ok
KUNAI,ConsumThrowsDict,KUNAI_0,misc/KUNAI,ok
JAVELIN,ConsumThrowsDict,JAVELIN_0,misc/JAVELIN,ok
TOMAHAWK,ConsumThrowsDict,TOMAHAWK_0,misc/TOMAHAWK,ok
BOOMERANG,ConsumThrowsDict,BOOMERANG_0,misc/BOOMERANG,ok
TRIDENT,ConsumThrowsDict,TRIDENT_0,misc/TRIDENT,ok
THROWING_HAMMER,ConsumThrowsDict,THROWING_HAMMER_0,weapons/THROWING_HAMMER,ok
FORCE_CUBE,ConsumThrowsDict,FORCE_CUBE_0,misc/FORCE_CUBE,ok
DART,,,cell0x160,UNRESOLVED
ROT_DART,ConsumThrowsDict,ROT_DART_0,weapons/ROT_DART,ok
INCENDIARY_DART,ConsumThrowsDict,INCENDIARY_DART_0,weapons/INCENDIARY_DART,ok
ADRENALINE_DART,ConsumThrowsDict,ADRENALINE_DART_0,weapons/ADRENALINE_DART,ok
HEALING_DART,ConsumThrowsDict,HEALING_DART_0,weapons/HEALING_DART,ok
CHILLING_DART,ConsumThrowsDict,CHILLING_DART_0,weapons/CHILLING_DART,ok
SHOCKING_DART,ConsumThrowsDict,SHOCKING_DART_0,weapons/SHOCKING_DART,ok
POISON_DART,ConsumThrowsDict,POISON_DART_0,weapons/POISON_DART,ok
CLEANSING_DART,ConsumThrowsDict,CLEANSING_DART_0,weapons/CLEANSING_DART,ok
PARALYTIC_DART,ConsumThrowsDict,PARALYTIC_DART_0,weapons/PARALYTIC_DART,ok
HOLY_DART,ConsumThrowsDict,HOLY_DART_0,weapons/HOLY_DART,ok
DISPLACING_DART,ConsumThrowsDict,DISPLACING_DART_0,weapons/DISPLACING_DART,ok
BLINDING_DART,ConsumThrowsDict,BLINDING_DART_0,weapons/BLINDING_DART,ok
ARMOR_CLOTH,EquipmentEquipArmorBasicArmorDict,ARMOR_CLOTH_0,armor/ARMOR_CLOTH,ok
ARMOR_LEATHER,EquipmentEquipArmorBasicArmorDict,ARMOR_LEATHER_0,armor/ARMOR_LEATHER,ok
ARMOR_MAIL,EquipmentEquipArmorBasicArmorDict,ARMOR_MAIL_0,armor/ARMOR_MAIL,ok
ARMOR_SCALE,EquipmentEquipArmorBasicArmorDict,ARMOR_SCALE_0,armor/ARMOR_SCALE,ok
ARMOR_PLATE,EquipmentEquipArmorBasicArmorDict,ARMOR_PLATE_0,armor/ARMOR_PLATE,ok
ARMOR_WARRIOR,,,cell80x176,UNRESOLVED
ARMOR_MAGE,,,cell96x176,UNRESOLVED
ARMOR_ROGUE,,,cell112x176,UNRESOLVED
ARMOR_HUNTRESS,,,cell128x176,UNRESOLVED
ARMOR_DUELIST,EquipmentEquipArmorBasicArmorDict,ARMOR_DUELIST_0,armor/ARMOR_DUELIST,ok
ARMOR_CLERIC,,,cell160x176,UNRESOLVED
LEGACY_FAITH_SIGN,,,cell0x192,UNRESOLVED
LEGACY_BIG_BATTERY,,,cell16x192,UNRESOLVED
LEGACY_WOODEN_STAFF,EquipmentEquipWeaponBasicWeaponDict,LEGACY_WOODEN_STAFF_0,weapons/LEGACY_WOODEN_STAFF,ok
LEGACY_TRICK_SAND,,,cell48x192,UNRESOLVED
LEGACY_ATTACK_SHOES,EquipmentNonEquipDict,JUMP_BOOTS,artifacts/LEGACY_ATTACK_SHOES,ok
LEGACY_ATTACK_SHIELD,,,cell80x192,UNRESOLVED
LEGACY_CANNON_OF_MAGE,EquipmentWandUniqueWandDict,LEGACY_CANNON_OF_MAGE,misc/LEGACY_CANNON_OF_MAGE,ok
LEGACY_LINK_SWORD,,,cell112x192,UNRESOLVED
LEGACY_B_SHOVEL,,,cell128x192,UNRESOLVED
LEGACY_MK_BOX,,,cell144x192,UNRESOLVED
LEGACY_DIAMOND_PICKAXE,,,cell160x192,UNRESOLVED
LEGACY_HOLY_MACE,EquipmentEquipWeaponUniqueWeaponDict,HOLY_HAMMER,weapons/LEGACY_HOLY_MACE,ok
LEGACY_BRAVE_BOOK,,,cell192x192,UNRESOLVED
LEGACY_PIXEL_TORCH,,,cell208x192,UNRESOLVED
LEGACY_TIME_OCLOCK,,,cell224x192,UNRESOLVED
LEGACY_ALIEN_BAG,EquipmentJewelleryArtifactDict,LEGACY_ALIEN_BAG_0,misc/LEGACY_ALIEN_BAG,ok
WAND_MAGIC_MISSILE,,,cell0x208,UNRESOLVED
WAND_FIREBOLT,EquipmentWandBasicWandDict,WAND_FIREBOLT_0,wands/WAND_FIREBOLT,ok
WAND_FROST,EquipmentWandBasicWandDict,WAND_FROST,wands/WAND_FROST,ok
WAND_LIGHTNING,EquipmentWandBasicWandDict,WAND_LIGHTNING,wands/WAND_LIGHTNING,ok
WAND_DISINTEGRATION,EquipmentWandBasicWandDict,WAND_DISINTEGRATION_0,wands/WAND_DISINTEGRATION,ok
WAND_PRISMATIC_LIGHT,,,cell80x208,UNRESOLVED
WAND_CORROSION,,,cell96x208,UNRESOLVED
WAND_LIVING_EARTH,EquipmentWandBasicWandDict,WAND_LIVING_EARTH_0,wands/WAND_LIVING_EARTH,ok
WAND_BLAST_WAVE,EquipmentWandBasicWandDict,WAND_BLAST_WAVE_0,wands/WAND_BLAST_WAVE,ok
WAND_CORRUPTION,EquipmentWandBasicWandDict,WAND_CORRUPTION_0,wands/WAND_CORRUPTION,ok
WAND_WARDING,EquipmentWandBasicWandDict,WAND_WARDING_0,wands/WAND_WARDING,ok
WAND_REGROWTH,EquipmentWandBasicWandDict,WAND_REGROWTH,wands/WAND_REGROWTH,ok
WAND_TRANSFUSION,EquipmentWandBasicWandDict,WAND_TRANSFUSION_0,wands/WAND_TRANSFUSION,ok
RING_GARNET,,,cell0x224,UNRESOLVED
RING_RUBY,EquipmentJewelleryRingDict,RING_RUBY_0,rings/RING_RUBY,ok
RING_TOPAZ,EquipmentJewelleryRingDict,RING_ELEMENTS_0,rings/RING_ELEMENTS,ok
RING_EMERALD,EquipmentJewelleryRingDict,RING_ENERGY_0,rings/RING_ENERGY,ok
RING_ONYX,EquipmentJewelleryRingDict,RING_ONYX_0,rings/RING_ONYX,ok
RING_OPAL,EquipmentJewelleryRingDict,RING_FORCE_0,rings/RING_FORCE,ok
RING_TOURMALINE,EquipmentJewelleryRingDict,RING_FUROR_0,rings/RING_FUROR,ok
RING_SAPPHIRE,EquipmentJewelleryRingDict,RING_SAPPHIRE_0,rings/RING_SAPPHIRE,ok
RING_AMETHYST,EquipmentJewelleryRingDict,RING_MIGHT_0,rings/RING_MIGHT,ok
RING_QUARTZ,EquipmentJewelleryRingDict,RING_SHARPSHOOT_0,rings/RING_SHARPSHOOT,ok
RING_AGATE,EquipmentJewelleryRingDict,RING_TENACITY_0,rings/RING_TENACITY,ok
RING_DIAMOND,EquipmentJewelleryRingDict,RING_DIAMOND_0,rings/RING_DIAMOND,ok
ARTIFACT_CLOAK,,,cell0x240,UNRESOLVED
ARTIFACT_ARMBAND,,,cell16x240,UNRESOLVED
ARTIFACT_CAPE,,,cell32x240,UNRESOLVED
ARTIFACT_TALISMAN,,,cell48x240,UNRESOLVED
ARTIFACT_HOURGLASS,,,cell64x240,UNRESOLVED
ARTIFACT_TOOLKIT,,,cell80x240,UNRESOLVED
ARTIFACT_SPELLBOOK,ConsumUsefulProcessEnhanceDict,ARTIFACT_SPELLBOOK,documents/ARTIFACT_SPELLBOOK,ok
ARTIFACT_BEACON,EquipmentJewelleryArtifactDict,ARTIFACT_BEACON_0,artifacts/ARTIFACT_BEACON,ok
ARTIFACT_CHAINS,,,cell128x240,UNRESOLVED
ARTIFACT_HORN1,EquipmentJewelleryArtifactDict,ARTIFACT_HORN1,(alias),ok
ARTIFACT_HORN2,EquipmentJewelleryArtifactDict,ARTIFACT_HORN2,(alias),ok
ARTIFACT_HORN3,EquipmentJewelleryArtifactDict,ARTIFACT_HORN3,(alias),ok
ARTIFACT_HORN4,EquipmentJewelleryArtifactDict,ARTIFACT_HORN4,(alias),ok
ARTIFACT_CHALICE1,EquipmentJewelleryArtifactDict,ARTIFACT_CHALICE1,(alias),ok
ARTIFACT_CHALICE2,EquipmentJewelleryArtifactDict,ARTIFACT_CHALICE2,(alias),ok
ARTIFACT_CHALICE3,EquipmentJewelleryArtifactDict,ARTIFACT_CHALICE3,(alias),ok
ARTIFACT_SANDALS,EquipmentJewelleryArtifactDict,ARTIFACT_SANDALS,(alias),ok
ARTIFACT_SHOES,EquipmentJewelleryArtifactDict,ARTIFACT_SHOES,(alias),ok
ARTIFACT_BOOTS,EquipmentJewelleryArtifactDict,ARTIFACT_BOOTS,(alias),ok
ARTIFACT_GREAVES,EquipmentJewelleryArtifactDict,ARTIFACT_GREAVES,(alias),ok
ARTIFACT_ROSE1,EquipmentJewelleryArtifactDict,ARTIFACT_ROSE1,(alias),ok
ARTIFACT_ROSE2,EquipmentJewelleryArtifactDict,ARTIFACT_ROSE2,(alias),ok
ARTIFACT_ROSE3,EquipmentJewelleryArtifactDict,ARTIFACT_ROSE3,(alias),ok
ARTIFACT_TOME,,,cell112x256,UNRESOLVED
ARTIFACT_KEY,EquipmentJewelleryArtifactDict,ARTIFACT_KEY_0,artifacts/ARTIFACT_KEY,ok
RAT_SKULL,ConsumGoodsMaterialsGoodsDict,RAT_SKULL_0,misc/RAT_SKULL,ok
PARCHMENT_SCRAP,EquipmentNonEquipDict,PARCHMENT_SCRAP_0,misc/PARCHMENT_SCRAP,ok
PETRIFIED_SEED,EquipmentNonEquipDict,PETRIFIED_SEED_0,seeds/PETRIFIED_SEED,ok
EXOTIC_CRYSTALS,EquipmentNonEquipDict,EXOTIC_CRYSTALS_0,stones/EXOTIC_CRYSTALS,ok
MOSSY_CLUMP,EquipmentNonEquipDict,MOSSY_CLUMP_0,misc/MOSSY_CLUMP,ok
SUNDIAL,EquipmentNonEquipDict,SUNDIAL_0,misc/SUNDIAL,ok
CLOVER,EquipmentNonEquipDict,CLOVER_0,misc/CLOVER,ok
TRAP_MECHANISM,EquipmentNonEquipDict,TRAP_MECHANISM_0,misc/TRAP_MECHANISM,ok
MIMIC_TOOTH,EquipmentNonEquipDict,MIMIC_TOOTH_0,misc/MIMIC_TOOTH,ok
WONDROUS_RESIN,EquipmentNonEquipDict,WONDROUS_RESIN_0,misc/WONDROUS_RESIN,ok
EYE_OF_NEWT,EquipmentNonEquipDict,EYE_OF_NEWT_0,misc/EYE_OF_NEWT,ok
SALT_CUBE,EquipmentNonEquipDict,SALT_CUBE_0,misc/SALT_CUBE,ok
BLOOD_VIAL,EquipmentNonEquipDict,BLOOD_VIAL_0,misc/BLOOD_VIAL,ok
OBLIVION_SHARD,EquipmentNonEquipDict,OBLIVION_SHARD_0,stones/OBLIVION_SHARD,ok
CHAOTIC_CENSER,EquipmentNonEquipDict,CHAOTIC_CENSER_0,misc/CHAOTIC_CENSER,ok
FERRET_TUFT,EquipmentNonEquipDict,FERRET_TUFT_0,misc/FERRET_TUFT,ok
SPYGLASS,EquipmentNonEquipDict,SPYGLASS_0,misc/SPYGLASS,ok
SCROLL_KAUNAN,,,cell0x304,UNRESOLVED
SCROLL_SOWILO,,,cell16x304,UNRESOLVED
SCROLL_LAGUZ,,,cell32x304,UNRESOLVED
SCROLL_YNGVI,,,cell48x304,UNRESOLVED
SCROLL_GYFU,,,cell64x304,UNRESOLVED
SCROLL_RAIDO,,,cell80x304,UNRESOLVED
SCROLL_ISAZ,,,cell96x304,UNRESOLVED
SCROLL_MANNAZ,,,cell112x304,UNRESOLVED
SCROLL_NAUDIZ,,,cell128x304,UNRESOLVED
SCROLL_BERKANAN,,,cell144x304,UNRESOLVED
SCROLL_ODAL,,,cell160x304,UNRESOLVED
SCROLL_TIWAZ,,,cell176x304,UNRESOLVED
SCROLL_NENDIL,,,cell192x304,UNRESOLVED
SCROLL_LIBRA,,,cell224x304,UNRESOLVED
ARCANE_RESIN,ConsumScrollAmuletScrollDict,ARCANE_RESIN,misc/ARCANE_RESIN,ok
EXOTIC_KAUNAN,ConsumScrollAmuletScrollDict,SCROLL_ENCHANT_0,documents/SCROLL_ENCHANT,ok
EXOTIC_SOWILO,ConsumScrollAmuletScrollDict,EXOTIC_SOWILO_0,misc/EXOTIC_SOWILO,ok
EXOTIC_LAGUZ,ConsumScrollAmuletScrollDict,EXOTIC_LAGUZ_0,misc/EXOTIC_LAGUZ,ok
EXOTIC_YNGVI,ConsumScrollAmuletScrollDict,EXOTIC_YNGVI_0,misc/EXOTIC_YNGVI,ok
EXOTIC_GYFU,ConsumScrollAmuletScrollDict,SCROLL_MYSTENRG_0,documents/SCROLL_MYSTENRG,ok
EXOTIC_RAIDO,ConsumScrollAmuletScrollDict,EXOTIC_RAIDO_0,misc/EXOTIC_RAIDO,ok
EXOTIC_ISAZ,ConsumScrollAmuletScrollDict,SCROLL_SIREN_0,documents/SCROLL_SIREN,ok
EXOTIC_MANNAZ,ConsumScrollAmuletScrollDict,SCROLL_FORESIGHT_0,documents/SCROLL_FORESIGHT,ok
EXOTIC_NAUDIZ,ConsumScrollAmuletScrollDict,SCROLL_CHALLENGE_0,documents/SCROLL_CHALLENGE,ok
EXOTIC_BERKANAN,ConsumScrollAmuletScrollDict,EXOTIC_BERKANAN_0,misc/EXOTIC_BERKANAN,ok
EXOTIC_ODAL,ConsumScrollAmuletScrollDict,SCROLL_DREAD_0,documents/SCROLL_DREAD,ok
EXOTIC_TIWAZ,ConsumScrollAmuletScrollDict,SCROLL_METAMORPH_0,documents/SCROLL_METAMORPH,ok
STONE_AGGRESSION,ConsumScrollAmuletAmuletDict,STONE_AGGRESSION,(byname),ok
STONE_AUGMENTATION,ConsumScrollAmuletAmuletDict,STONE_AUGMENTATION_0,stones/STONE_AUGMENTATION,ok
STONE_FEAR,ConsumScrollAmuletAmuletDict,STONE_FEAR_0,stones/STONE_FEAR,ok
STONE_BLAST,ConsumScrollAmuletAmuletDict,STONE_BLAST_0,stones/STONE_BLAST,ok
STONE_BLINK,ConsumScrollAmuletAmuletDict,STONE_BLINK_0,stones/STONE_BLINK,ok
STONE_CLAIRVOYANCE,ConsumScrollAmuletAmuletDict,STONE_CLAIRVOYANCE_0,stones/STONE_CLAIRVOYANCE,ok
STONE_SLEEP,ConsumScrollAmuletAmuletDict,STONE_SLEEP_0,stones/STONE_SLEEP,ok
STONE_DETECT,ConsumScrollAmuletAmuletDict,STONE_DETECT_0,stones/STONE_DETECT,ok
STONE_ENCHANT,ConsumScrollAmuletAmuletDict,STONE_ENCHANT_0,stones/STONE_ENCHANT,ok
STONE_FLOCK,ConsumScrollAmuletAmuletDict,STONE_FLOCK_0,stones/STONE_FLOCK,ok
STONE_INTUITION,ConsumScrollAmuletAmuletDict,STONE_INTUITION_0,stones/STONE_INTUITION,ok
STONE_SHOCK,ConsumScrollAmuletAmuletDict,STONE_SHOCK_0,stones/STONE_SHOCK,ok
POTION_CRIMSON,ConsumPotionSeedBasicPotionDict,POTION_CRIMSON_0,potions/POTION_CRIMSON,ok
POTION_AMBER,ConsumPotionSeedBasicPotionDict,POTION_HEALING_0,potions/POTION_HEALING,ok
POTION_GOLDEN,ConsumPotionSeedBasicPotionDict,POTION_MINDVIS_0,potions/POTION_MINDVIS,ok
POTION_JADE,ConsumPotionSeedBasicPotionDict,POTION_JADE_0,potions/POTION_JADE,ok
POTION_TURQUOISE,ConsumPotionSeedBasicPotionDict,POTION_TURQUOISE_0,potions/POTION_TURQUOISE,ok
POTION_AZURE,ConsumPotionSeedBasicPotionDict,POTION_AZURE_0,potions/POTION_AZURE,ok
POTION_INDIGO,ConsumPotionSeedBasicPotionDict,POTION_INDIGO_0,potions/POTION_INDIGO,ok
POTION_MAGENTA,ConsumPotionSeedBasicPotionDict,POTION_INVIS_0,potions/POTION_INVIS,ok
POTION_BISTRE,ConsumPotionSeedBasicPotionDict,POTION_BISTRE_0,potions/POTION_BISTRE,ok
POTION_CHARCOAL,ConsumPotionSeedBasicPotionDict,POTION_CHARCOAL_0,potions/POTION_CHARCOAL,ok
POTION_SILVER,ConsumPotionSeedBasicPotionDict,POTION_SILVER_0,potions/POTION_SILVER,ok
POTION_IVORY,ConsumPotionSeedBasicPotionDict,POTION_EXP_0,potions/POTION_EXP,ok
LIQUID_METAL,ConsumPotionSeedBasicPotionDict,LIQUID_METAL_0,misc/LIQUID_METAL,ok
EXOTIC_CRIMSON,ConsumPotionSeedBasicPotionDict,POTION_MASTERY_0,potions/POTION_MASTERY,ok
EXOTIC_AMBER,ConsumPotionSeedBasicPotionDict,POTION_SHIELDING_0,potions/POTION_SHIELDING,ok
EXOTIC_GOLDEN,ConsumPotionSeedBasicPotionDict,POTION_MAGISIGHT_0,potions/POTION_MAGISIGHT,ok
EXOTIC_JADE,ConsumPotionSeedBasicPotionDict,POTION_SNAPFREEZ_0,potions/POTION_SNAPFREEZ,ok
EXOTIC_TURQUOISE,ConsumPotionSeedBasicPotionDict,EXOTIC_TURQUOISE_0,misc/EXOTIC_TURQUOISE,ok
EXOTIC_AZURE,ConsumPotionSeedBasicPotionDict,POTION_CORROGAS_0,potions/POTION_CORROGAS,ok
EXOTIC_INDIGO,ConsumPotionSeedBasicPotionDict,POTION_STAMINA_0,potions/POTION_STAMINA,ok
EXOTIC_MAGENTA,ConsumPotionSeedBasicPotionDict,POTION_SHROUDFOG_0,potions/POTION_SHROUDFOG,ok
EXOTIC_BISTRE,ConsumPotionSeedBasicPotionDict,EXOTIC_BISTRE_0,misc/EXOTIC_BISTRE,ok
EXOTIC_CHARCOAL,ConsumPotionSeedBasicPotionDict,POTION_EARTHARMR_0,potions/POTION_EARTHARMR,ok
EXOTIC_SILVER,ConsumPotionSeedBasicPotionDict,POTION_CLEANSE_0,potions/POTION_CLEANSE,ok
EXOTIC_IVORY,ConsumPotionSeedBasicPotionDict,EXOTIC_IVORY_0,misc/EXOTIC_IVORY,ok
SEED_ROTBERRY,,,cell0x384,UNRESOLVED
SEED_FIREBLOOM,ConsumPotionSeedSeedDict,SEED_FIREBLOOM,(strip:SEED_FIREBLOOM),ok
SEED_SWIFTTHISTLE,ConsumPotionSeedSeedDict,SEED_SWIFTTHISTLE,(strip:SEED_SWIFTTHISTLE),ok
SEED_SUNGRASS,ConsumPotionSeedSeedDict,SEED_SUNGRASS,(strip:SEED_SUNGRASS),ok
SEED_ICECAP,ConsumPotionSeedSeedDict,SEED_ICECAP,(strip:SEED_ICECAP),ok
SEED_STORMVINE,ConsumPotionSeedSeedDict,SEED_STORMVINE,(strip:SEED_STORMVINE),ok
SEED_SORROWMOSS,ConsumPotionSeedSeedDict,SEED_SORROWMOSS_0,(strip:SEED_SORROWMOSS),ok
SEED_MAGEROYAL,ConsumPotionSeedSeedDict,SEED_MAGEROYAL_0,(strip:SEED_MAGEROYAL),ok
SEED_EARTHROOT,ConsumPotionSeedSeedDict,SEED_EARTHROOT_0,(strip:SEED_EARTHROOT),ok
SEED_STARFLOWER,ConsumPotionSeedSeedDict,SEED_STARFLOWER_0,(strip:SEED_STARFLOWER),ok
SEED_FADELEAF,ConsumPotionSeedSeedDict,SEED_FADELEAF_0,(strip:SEED_FADELEAF),ok
SEED_BLINDWEED,ConsumPotionSeedSeedDict,SEED_BLINDWEED_0,(strip:SEED_BLINDWEED),ok
BREW_INFERNAL,ConsumPotionSeedBasicPotionDict,BREW_INFERNAL_0,potions/BREW_INFERNAL,ok
BREW_BLIZZARD,ConsumPotionSeedBasicPotionDict,BREW_BLIZZARD_0,potions/BREW_BLIZZARD,ok
BREW_SHOCKING,ConsumPotionSeedBasicPotionDict,BREW_SHOCKING_0,potions/BREW_SHOCKING,ok
BREW_CAUSTIC,ConsumPotionSeedBasicPotionDict,BREW_CAUSTIC_0,potions/BREW_CAUSTIC,ok
BREW_AQUA,ConsumPotionSeedBasicPotionDict,BREW_AQUA_0,potions/BREW_AQUA,ok
BREW_UNSTABLE,ConsumPotionSeedBasicPotionDict,BREW_UNSTABLE_0,potions/BREW_UNSTABLE,ok
ELIXIR_HONEY,,,cell128x400,UNRESOLVED
ELIXIR_AQUA,ConsumPotionSeedBasicPotionDict,ELIXIR_AQUA_0,potions/ELIXIR_AQUA,ok
ELIXIR_MIGHT,ConsumPotionSeedBasicPotionDict,ELIXIR_MIGHT_0,potions/ELIXIR_MIGHT,ok
ELIXIR_DRAGON,ConsumPotionSeedBasicPotionDict,ELIXIR_DRAGON_0,potions/ELIXIR_DRAGON,ok
ELIXIR_TOXIC,ConsumPotionSeedBasicPotionDict,ELIXIR_TOXIC_0,potions/ELIXIR_TOXIC,ok
ELIXIR_ICY,ConsumPotionSeedBasicPotionDict,ELIXIR_ICY_0,potions/ELIXIR_ICY,ok
ELIXIR_ARCANE,ConsumPotionSeedBasicPotionDict,ELIXIR_ARCANE_0,potions/ELIXIR_ARCANE,ok
ELIXIR_FEATHER,ConsumPotionSeedBasicPotionDict,ELIXIR_FEATHER_0,potions/ELIXIR_FEATHER,ok
WILD_ENERGY,ConsumScrollAmuletCrystalDict,WILD_ENERGY_0,misc/WILD_ENERGY,ok
PHASE_SHIFT,ConsumScrollAmuletCrystalDict,PHASE_SHIFT_0,misc/PHASE_SHIFT,ok
TELE_GRAB,ConsumScrollAmuletCrystalDict,TELE_GRAB_0,misc/TELE_GRAB,ok
UNSTABLE_SPELL,ConsumScrollAmuletCrystalDict,UNSTABLE_SPELL_0,misc/UNSTABLE_SPELL,ok
CURSE_INFUSE,ConsumScrollAmuletCrystalDict,CURSE_INFUSE_0,misc/CURSE_INFUSE,ok
MAGIC_INFUSE,ConsumScrollAmuletCrystalDict,MAGIC_INFUSE_0,misc/MAGIC_INFUSE,ok
ALCHEMIZE,ConsumScrollAmuletCrystalDict,ALCHEMIZE_0,misc/ALCHEMIZE,ok
RECYCLE,ConsumScrollAmuletCrystalDict,RECYCLE_0,misc/RECYCLE,ok
RECLAIM_TRAP,ConsumScrollAmuletCrystalDict,RECLAIM_TRAP_0,misc/RECLAIM_TRAP,ok
RETURN_BEACON,ConsumScrollAmuletCrystalDict,RETURN_BEACON_0,misc/RETURN_BEACON,ok
SUMMON_ELE,ConsumScrollAmuletCrystalDict,SUMMON_ELE_0,stones/summon_ele,ok
SUMMON_ELE_FIRE,ConsumScrollAmuletCrystalDict,SUMMON_ELE_0,stones/summon_ele,ok
SUMMON_ELE_FROST,ConsumScrollAmuletCrystalDict,SUMMON_ELE_0,stones/summon_ele,ok
SUMMON_ELE_SHOCK,ConsumScrollAmuletCrystalDict,SUMMON_ELE_0,stones/summon_ele,ok
SUMMON_ELE_CHAOS,ConsumScrollAmuletCrystalDict,SUMMON_ELE_0,stones/summon_ele,ok
MEAT,ConsumFoodFoodDict,MEAT,(strip:MEAT),ok
STEAK,,,cell16x432,UNRESOLVED
STEWED,ConsumFoodFoodDict,STEWED_MEAT,misc/STEWED,ok
OVERPRICED,,,cell48x432,UNRESOLVED
CARPACCIO,,,cell64x432,UNRESOLVED
RATION,,,cell80x432,UNRESOLVED
PASTY,,,cell96x432,UNRESOLVED
MEAT_PIE,,,cell112x432,UNRESOLVED
BLANDFRUIT,ConsumFoodFoodDict,BLANDFRUIT,foods/BLANDFRUIT,ok
BLAND_CHUNKS,ConsumFoodFoodDict,BLAND_CHUNKS,misc/BLAND_CHUNKS,ok
BERRY,,,cell160x432,UNRESOLVED
PHANTOM_MEAT,ConsumFoodFoodDict,PHANTOM_MEAT,foods/PHANTOM_MEAT,ok
SUPPLY_RATION,,,cell192x432,UNRESOLVED
BLACKBERRY,ConsumFoodFoodDict,BLACKBERRY,(strip:BLACKBERRY),ok
CLOUDBERRY,ConsumFoodFoodDict,CLOUDBERRY,(strip:CLOUDBERRY),ok
BLUEBERRY,ConsumFoodFoodDict,BLUEBERRY,(strip:BLUEBERRY),ok
STEAMED_FISH,ConsumFoodFoodDict,STEAMED_FISH_0,foods/STEAMED_FISH,ok
FISH_LEFTOVER,ConsumFoodFoodDict,FISH_LEFTOVER_0,foods/FISH_LEFTOVER,ok
CHOC_AMULET,,,cell32x448,UNRESOLVED
EASTER_EGG,ConsumFoodFoodDict,EASTER_EGG_0,foods/EASTER_EGG,ok
RAINBOW_POTION,ConsumFoodFoodDict,RAINBOW_POTION_0,potions/RAINBOW_POTION,ok
SHATTERED_CAKE,,,cell80x448,UNRESOLVED
PUMPKIN_PIE,ConsumFoodFoodDict,PUMPKIN_PIE,(strip:PUMPKIN_PIE),ok
VANILLA_CAKE,,,cell112x448,UNRESOLVED
CANDY_CANE,ConsumFoodFoodDict,CANDY_CANE_0,foods/CANDY_CANE,ok
SPARKLING_POTION,ConsumFoodFoodDict,SPARKLING_POTION_0,potions/SPARKLING_POTION,ok
MOONBERRY,ConsumFoodFoodDict,MOONBERRY,(strip:MOONBERRY),ok
FULLMOONBERRY,ConsumFoodFoodDict,FULLMOONBERRY,(strip:FULLMOONBERRY),ok
STRAWBERRY,ConsumFoodFoodDict,STRAWBERRY,(strip:STRAWBERRY),ok
CHERRY,ConsumFoodFoodDict,CHERRY,(strip:CHERRY),ok
DURIAN,ConsumPotionSeedSeedDict,DURIAN,(strip:DURIAN),ok
STAR_FLOWER,,,cell240x448,UNRESOLVED
DREAM_LEAF,ConsumPotionSeedSeedDict,DREAM_LEAF,(strip:DREAM_LEAF),ok
DUST,ConsumThrowsDict,RICE_BALL,misc/DUST,ok
CANDLE,SpecificTaskDict,CANDLE_0,misc/CANDLE,ok
EMBER,SpecificTaskDict,EMBER_0,misc/EMBER,ok
PICKAXE,SpecificTaskDict,PICKAXE_0,weapons/PICKAXE,ok
ORE,SpecificTaskDict,ORE_0,misc/ORE,ok
TOKEN,SpecificTaskDict,TOKEN_0,misc/TOKEN,ok
BLOB,ConsumGoodsMaterialsMaterialsDict,BLOB_0,misc/BLOB,ok
SHARD,ConsumGoodsMaterialsMaterialsDict,SHARD_0,stones/SHARD,ok
ESCAPE,ConsumGoodsMaterialsMaterialsDict,ESCAPE_0,misc/ESCAPE,ok
STATUE,ConsumGoodsMaterialsMaterialsDict,STATUE_0,misc/STATUE,ok
HEAL_LEAF,,,cell176x464,UNRESOLVED
NUT_VEGETABLE,ConsumPotionSeedSeedDict,NUT_VEGETABLE,(strip:NUT_VEGETABLE),ok
TRUFFLES,,,cell208x464,UNRESOLVED
BREW_LEFT,ConsumPotionSeedBasicPotionDict,BREW_LEFT,(strip:BREW_LEFT),ok
MUSHROOM,,,cell240x464,UNRESOLVED
WATERSKIN,EquipmentNonEquipDict,WATERSKIN,(strip:WATERSKIN),ok
BACKPACK,EquipmentBagsDict,BACKPACK_0,misc/BACKPACK,ok
POUCH,EquipmentBagsDict,POUCH,bags/POUCH,ok
HOLDER,EquipmentBagsDict,HOLDER,bags/HOLDER,ok
BANDOLIER,EquipmentBagsDict,BANDOLIER,bags/BANDOLIER,ok
HOLSTER,EquipmentBagsDict,HOLSTER,bags/HOLSTER,ok
VIAL,,,cell96x480,UNRESOLVED
YELLOW_DEWDROP,GroundFunctionalFallingDict,DEWDROP_0,materials/dewdrop,ok
RED_DEWDROP,GroundFunctionalFallingDict,DEWDROP_0,materials/dewdrop,ok
VIOLET_DEWDROP,GroundFunctionalFallingDict,DEWDROP_0,materials/dewdrop,ok
UPGRADE_GOO_YELLOW,,,cell160x480,UNRESOLVED
UPGRADE_GOO_RED,,,cell176x480,UNRESOLVED
UPGRADE_GOO_VIOLET,,,cell192x480,UNRESOLVED
UPGRADE_EATER,,,cell208x480,UNRESOLVED
TRANSMUTATION_BALL,,,cell224x480,UNRESOLVED
SPS_POTION_MENDING,,,cell240x480,UNRESOLVED
GUIDE_PAGE,SpecificPagesDict,GUIDE_PAGE_0,documents/GUIDE_PAGE,ok
ALCH_PAGE,SpecificPagesDict,ALCH_PAGE_0,documents/ALCH_PAGE,ok
SEWER_PAGE,SpecificPagesDict,SEWER_PAGE_0,documents/SEWER_PAGE,ok
PRISON_PAGE,SpecificPagesDict,PRISON_PAGE_0,documents/PRISON_PAGE,ok
CAVES_PAGE,SpecificPagesDict,CAVES_PAGE_0,documents/CAVES_PAGE,ok
CITY_PAGE,SpecificPagesDict,CITY_PAGE_0,documents/CITY_PAGE,ok
HALLS_PAGE,SpecificPagesDict,HALLS_PAGE_0,documents/HALLS_PAGE,ok
SPS_POTION_MIGHT,,,cell112x496,UNRESOLVED
SPS_POTION_SHIELD,,,cell128x496,UNRESOLVED
SPS_POTION_OVERHEALING,,,cell144x496,UNRESOLVED
SPS_POTION_MIXING,,,cell160x496,UNRESOLVED
PUDDING_CUP,,,cell176x496,UNRESOLVED
ELEVATOR,EquipmentNonEquipDict,ELEVATOR,(strip:ELEVATOR),ok
FAIRY_CARD,ConsumSummorDict,FAIRY_CARD_0,misc/FAIRY_CARD,ok
MOBILE,,,cell16x512,UNRESOLVED
ACTIVE_MR_DESTRUCTO,,,cell32x512,UNRESOLVED
BUILD_BOMB,,,cell0x528,UNRESOLVED
HUGE_BOMB,,,cell16x528,UNRESOLVED
SP_AMMO,ConsumUsefulUsefulDict,SP_AMMO,weapons/SP_AMMO,ok
E_DUST,GroundGroundingItemsDict,TREASURE_SPOT,misc/E_DUST,ok
M_WEB,,,cell64x528,UNRESOLVED
TOWEL,EquipmentEquipArmorUniqueArmorDict,TOWEL,(strip:TOWEL),ok
SPECTACLES,EquipmentEquipArmorUniqueArmorDict,SPECTACLES,(strip:SPECTACLES),ok
AUTO_POTION,,,cell112x528,UNRESOLVED
KNOWLEDGE_BOOK,,,cell128x528,UNRESOLVED
SPS_PET_EGG,,,cell144x528,UNRESOLVED
PALANTIR,,,cell160x528,UNRESOLVED
DOOR_BLOCK,ConsumThrowsDict,DOOR_BLOCK_PLACER,misc/DOOR_BLOCK,ok
PLANT_POT_BLOCK,,,cell192x528,UNRESOLVED
SHOPPING_CART,EquipmentBagsDict,SHOPPING_CART_0,bags/SHOPPING_CART,ok
ORB_OF_ZOT,,,cell224x528,UNRESOLVED
HEART_OF_SCARECROW,EquipmentBagsDict,HEART_OF_SCARECROW_0,bags/HEART_OF_SCARECROW,ok
FIRE_CRACKER,EquipmentEquipWeaponBasicWeaponDict,FIRE_CRACKER_0,misc/FIRE_CRACKER,ok
BOSS_RUSH,,,cell32x544,UNRESOLVED
MONEY_PACK,EquipmentEquipWeaponBasicWeaponDict,MONEY_PACK,(strip:MONEY_PACK),ok
YEAR_PET_EGG,,,cell64x544,UNRESOLVED
CURSE_BLOOD,,,cell80x544,UNRESOLVED
AFLY_FOOD,ConsumFoodFoodDict,AFLY_FOOD,(strip:AFLY_FOOD),ok
AFLY_EGG,ConsumSummorDict,AFLY_EGG_0,foods/AFLY_EGG,ok
ADAMANT_WEAPON,ConsumGoodsMaterialsMaterialsDict,WEAPON_WELD_PART,misc/ADAMANT_WEAPON,ok
ADAMANT_ARMOR,,,cell144x544,UNRESOLVED
ADAMANT_WAND,,,cell160x544,UNRESOLVED
ADAMANT_RING,,,cell176x544,UNRESOLVED
PET_FOOD,ConsumUsefulUsefulDict,PET_FOOD,foods/PET_FOOD,ok
SKILL_ATK,,,cell208x544,UNRESOLVED
SKILL_DEF,,,cell224x544,UNRESOLVED
SKILL_MIG,,,cell240x544,UNRESOLVED
POCKET_BALL,,,cell0x560,UNRESOLVED
NORN_GREEN,,,cell16x560,UNRESOLVED
NORN_BLUE,,,cell32x560,UNRESOLVED
NORN_ORANGE,,,cell48x560,UNRESOLVED
NORN_PURPLE,,,cell64x560,UNRESOLVED
NORN_YELLOW,,,cell80x560,UNRESOLVED
NEPTUNUS_TRIDENT,EquipmentEquipWeaponBasicWeaponDict,SHOCK_TRIDENT,misc/NEPTUNUS_TRIDENT,ok
ARES_SWORD,,,cell112x560,UNRESOLVED
JUPITERS_WRAITH,,,cell128x560,UNRESOLVED
CROM_CRUACH_AXE,,,cell144x560,UNRESOLVED
LOKIS_FLAIL,,,cell160x560,UNRESOLVED
GNOLL_CLOTHES,SpecificTaskDict,GNOLL_CLOTHES,(strip:GNOLL_CLOTHES),ok
SOUL_COLLECT,SpecificTaskDict,SOUL_COLLECT,(strip:SOUL_COLLECT),ok
PLAYER_ICON,,,cell0x576,UNRESOLVED
POWER_HAND,SpecificTaskDict,POWER_HAND,(strip:POWER_HAND),ok
TENGU_SWORD,SpecificTaskDict,ROGUE_CHALLENGE,weapons/TENGU_SWORD,ok
HAND_CANNON,,,cell48x576,UNRESOLVED
FOUR_CLOVER,,,cell64x576,UNRESOLVED
SPS_EASTER_EGG,ConsumFoodFoodDict,EASTER_EGG_0,(strip:EASTER_EGG),ok
SHADOW_DRAGON_EGG,,,cell224x592,UNRESOLVED
TREASURE_MAP,,,cell96x576,UNRESOLVED
SHIT_BALL,,,cell112x576,UNRESOLVED
SAVE_YOUR_LIFE,EquipmentNonEquipDict,SAVE_YOUR_LIFE,(strip:SAVE_YOUR_LIFE),ok
SJRB_MUSIC,,,cell144x576,UNRESOLVED
SPORK,,,cell160x576,UNRESOLVED
SPS_RUNIC_BLADE,,,cell64x960,UNRESOLVED
BUG_MEAT,,,cell0x592,UNRESOLVED
LIGHT_BOMB,,,cell16x592,UNRESOLVED
FISHING_BOMB,,,cell32x592,UNRESOLVED
LEGACY_WAVE,,,cell0x752,UNRESOLVED
LEGACY_SKULL,ConsumThrowsDict,SKULL,(strip:SKULL),ok
EARTH_BOMB,,,cell32x752,UNRESOLVED
DARK_BOMB,,,cell48x752,UNRESOLVED
CHICKENNUGGET,ConsumFoodFoodDict,CHICKENNUGGET,(strip:CHICKENNUGGET),ok
FOAMED,,,cell80x752,UNRESOLVED
FRUIT_SALAD,,,cell96x752,UNRESOLVED
HAMBURGER,ConsumFoodFoodDict,HAMBURGER,(strip:HAMBURGER),ok
HERB_MEAT,,,cell128x752,UNRESOLVED
HONEY_MEAT,,,cell144x752,UNRESOLVED
HONEY_RICE,ConsumFoodFoodDict,HONEY_RICE,(strip:HONEY_RICE),ok
ICECREAM,ConsumFoodFoodDict,ICECREAM,(strip:ICECREAM),ok
PERFECT_FOOD,,,cell192x752,UNRESOLVED
RICE_FOOD,ConsumFoodFoodDict,RICE_FOOD,(strip:RICE_FOOD),ok
VEGETABLE_SOUP,ConsumFoodFoodDict,VEGETABLE_SOUP,(strip:VEGETABLE_SOUP),ok
HONEY_GEL,,,cell240x752,UNRESOLVED
GEL,,,cell0x768,UNRESOLVED
HONEY_WATER,,,cell16x768,UNRESOLVED
CHOCOLATE,ConsumFoodFoodDict,CHOCOLATE,(strip:CHOCOLATE),ok
FOOD_FANS,,,cell48x768,UNRESOLVED
FRENCH_FRIES,ConsumFoodFoodDict,FRENCH_FRIES,(strip:FRENCH_FRIES),ok
SPS_STR_BOTTLE,,,cell80x768,UNRESOLVED
SPS_DEMON_PAPER,,,cell96x768,UNRESOLVED
SPS_BASE_ARMOR,,,cell112x768,UNRESOLVED
SPS_GNOLL_MARK,,,cell128x768,UNRESOLVED
SPS_UNDEAD_BOOK,,,cell144x768,UNRESOLVED
SPS_TAURCEN_BOW,EquipmentEquipWeaponUniqueWeaponDict,SPS_TAURCEN_BOW_0,weapons/SPS_TAURCEN_BOW,ok
SPS_HOLY_WATER,EquipmentEquipWeaponBasicWeaponDict,HOLY_WATER,(strip:HOLY_WATER),ok
SPS_MECH_POCKET,,,cell192x768,UNRESOLVED
SPS_GRASS_BOOK,,,cell208x768,UNRESOLVED
SPS_LIFE_ARMOR,EquipmentNonEquipDict,SPS_LIFE_ARMOR_0,armor/SPS_LIFE_ARMOR,ok
SPS_HEAL_BAG,,,cell0x784,UNRESOLVED
SPS_RANGE_BAG,,,cell16x784,UNRESOLVED
SPS_DANCE_LION,,,cell32x784,UNRESOLVED
SPS_WHISK,,,cell48x784,UNRESOLVED
SPS_SAVAGE_HELMET,,,cell64x784,UNRESOLVED
SPS_HORSE_TOTEM,,,cell80x784,UNRESOLVED
SPS_TEST_WEAPON,,,cell0x800,UNRESOLVED
SPS_TEST_ARMOR,,,cell16x800,UNRESOLVED
SPS_TEST_WAND,,,cell32x800,UNRESOLVED
SPS_REWARD_PAPER,,,cell48x800,UNRESOLVED
SPS_ELF_BOW,EquipmentEquipWeaponUniqueWeaponDict,SPS_ELF_BOW_0,weapons/SPS_ELF_BOW,ok
SPS_DEMON_BLADE,EquipmentEquipWeaponUniqueWeaponDict,DEMON_BLADE,(strip:DEMON_BLADE),ok
SPS_NEED_PAPER,,,cell96x800,UNRESOLVED
SPS_PPC,,,cell112x800,UNRESOLVED
SPS_MIND_ARROW,,,cell128x800,UNRESOLVED
SPS_LEADER_FLAG,,,cell144x800,UNRESOLVED
SPS_NM_HEAL_BAG,,,cell160x800,UNRESOLVED
SPS_DICE_TOWER,EquipmentNonEquipDict,SPS_DICE_TOWER_0,misc/SPS_DICE_TOWER,ok
SPS_WATER_BLOCK,ConsumThrowsDict,WATER_BLOCK_PLACER,misc/SPS_WATER_BLOCK,ok
BOTTLE_FIRE,,,cell208x800,UNRESOLVED
HONEY_ARROW,ConsumThrowsDict,HONEY_ARROW,(strip:HONEY_ARROW),ok
LYNN_DOLL,,,cell240x800,UNRESOLVED
SPS_SERIOUS_PUNCH,EquipmentNonEquipDict,SPS_SERIOUS_PUNCH_0,misc/SPS_SERIOUS_PUNCH,ok
SPS_ANKH_SHIELD,,,cell16x816,UNRESOLVED
SPS_PPC2,,,cell32x816,UNRESOLVED
SPS_ELE_KATANA,,,cell48x816,UNRESOLVED
SPS_SHOOT_GUN,,,cell64x816,UNRESOLVED
SPS_WEIGHTSTONE,,,cell80x816,UNRESOLVED
SPS_SHOOT_AMMO,,,cell96x816,UNRESOLVED
SPS_SHOOT_END_AMMO,,,cell112x816,UNRESOLVED
SPS_EQUIP_CHANGE,,,cell128x816,UNRESOLVED
FISH_BONE,,,cell144x816,UNRESOLVED
GHOST_GIRL_ROSE,,,cell160x816,UNRESOLVED
RAIN_SHIELD,,,cell176x816,UNRESOLVED
CURSE_PHONE,,,cell192x816,UNRESOLVED
AFLY_SOCK,,,cell208x816,UNRESOLVED
MELEE_PAN,,,cell224x816,UNRESOLVED
XIXI_BOX,,,cell240x816,UNRESOLVED
SPS_MEGA_CANNON,,,cell0x832,UNRESOLVED
SPS_MEGA_AMMO_SMALL,,,cell16x832,UNRESOLVED
SPS_MEGA_AMMO_MEDIUM,,,cell32x832,UNRESOLVED
SPS_MEGA_AMMO_LARGE,,,cell48x832,UNRESOLVED
SPS_ROCKMAN_JUMP,,,cell64x832,UNRESOLVED
SPS_BUNNY_ARMOR,EquipmentEquipArmorUniqueArmorDict,SPS_BUNNY_ARMOR_0,armor/SPS_BUNNY_ARMOR,ok
SPS_BUNNY_DAGGER,,,cell96x832,UNRESOLVED
SPS_NINJA_FAN,EquipmentEquipWeaponBasicWeaponDict,SPS_NINJA_FAN_0,misc/SPS_NINJA_FAN,ok
SPS_MINI_BOMB,EquipmentEquipWeaponBombDict,SPS_MINI_BOMB,weapons/SPS_MINI_BOMB,ok
SPS_FISH_PET_FOOD,,,cell144x832,UNRESOLVED
SPS_FISH_FOOD,,,cell160x832,UNRESOLVED
SPS_HONEY,,,cell176x832,UNRESOLVED
SPS_ZONGZI,ConsumFoodFoodDict,ZONGZI,(strip:ZONGZI),ok
SPS_NUT_CAKE,ConsumFoodFoodDict,NUT_CAKE,(strip:NUT_CAKE),ok
SPS_YEAR_FOOD,,,cell224x832,UNRESOLVED
DOLYA_SLATE,SpecificTaskDict,DOLYA_SLATE,(strip:DOLYA_SLATE),ok
SPS_PASTY,,,cell0x848,UNRESOLVED
SPS_SPRING_ASSORTED,,,cell16x848,UNRESOLVED
SPS_KNOWLEDGE_FOOD,,,cell32x848,UNRESOLVED
SPS_PASTY_EASTER_EGG,,,cell48x848,UNRESOLVED
SPS_PUMPKIN_PIE,ConsumFoodFoodDict,PUMPKIN_PIE,(strip:PUMPKIN_PIE),ok
SPS_TURKEY_MEAT,ConsumFoodFoodDict,SPS_TURKEY_MEAT_0,foods/SPS_TURKEY_MEAT,ok
SPS_CANDY_CANE,ConsumFoodFoodDict,CANDY_CANE_0,(strip:CANDY_CANE),ok
SPS_BRICK_FOOD,,,cell112x848,UNRESOLVED
SPS_JELLY_SWORD,,,cell128x848,UNRESOLVED
SPS_GARBAGE,,,cell144x848,UNRESOLVED
POCKET_BALL_EMPTY,,,cell0x608,UNRESOLVED
WOODEN_SHIELD,,,cell16x608,UNRESOLVED
MIX_BOTTLE,,,cell32x608,UNRESOLVED
SLIME_BALL,,,cell48x608,UNRESOLVED
RUSTY_CAT,,,cell64x608,UNRESOLVED
CHAOS_PACK,EquipmentNonEquipDict,CHAOS_PACK,(strip:CHAOS_PACK),ok
EMPTY_BODY,,,cell96x608,UNRESOLVED
SHADOW_EATER,,,cell112x608,UNRESOLVED
POT_KEY,SpecificTaskDict,POT_KEY_0,keys/POT_KEY,ok
LUCKY_BADGE,EquipmentJewelleryArtifactDict,LUCKY_BADGE,(strip:LUCKY_BADGE),ok
LEGACY_BOOMERANG,ConsumThrowsDict,BOOMERANG_0,(strip:BOOMERANG),ok
SPS_ERROR_WEAPON,,,cell32x880,UNRESOLVED
SPS_ERROR_ARMOR,,,cell48x880,UNRESOLVED
SPS_ERROR_AMMO,,,cell64x880,UNRESOLVED
SPS_ROBOT_HEART,,,cell80x880,UNRESOLVED
TEST_CLOAK,,,cell96x880,UNRESOLVED
COCO_CAT_EGG,,,cell0x896,UNRESOLVED
VELOCIROOSTER_EGG,ConsumSummorDict,VELOCIROOSTER_EGG_0,foods/VELOCIROOSTER_EGG,ok
HARO_EGG,,,cell32x896,UNRESOLVED
PIG_PET_EGG,ConsumSummorDict,PIG_PET_EGG_0,foods/PIG_PET_EGG,ok
RABBIT_PET_EGG,ConsumSummorDict,RABBIT_PET_EGG_0,foods/RABBIT_PET_EGG,ok
LING_HEART,EquipmentJewelleryArtifactDict,LING_HEART_0,misc/LING_HEART,ok
SPS_PUMPKIN,,,cell96x896,UNRESOLVED
BUTTERFLY_EGG,,,cell112x896,UNRESOLVED
CHOCOBO_EGG,ConsumSummorDict,CHOCOBO_EGG_0,foods/CHOCOBO_EGG,ok
DATURA_EGG,ConsumSummorDict,DATURA_EGG_0,foods/DATURA_EGG,ok
DOG_PET_EGG,ConsumSummorDict,DOG_PET_EGG_0,foods/DOG_PET_EGG,ok
DWARF_BOY_EGG,ConsumSummorDict,DWARF_BOY_EGG_0,foods/DWARF_BOY_EGG,ok
FLY_EGG,ConsumSummorDict,FLY_EGG_0,foods/FLY_EGG,ok
FOX_HELPER_EGG,ConsumSummorDict,FOX_HELPER_EGG_0,foods/FOX_HELPER_EGG,ok
FROG_PET_EGG,ConsumSummorDict,FROG_PET_EGG_0,foods/FROG_PET_EGG,ok
GENTLE_CRAB_EGG,ConsumSummorDict,GENTLE_CRAB_EGG_0,foods/GENTLE_CRAB_EGG,ok
KODORA_EGG,ConsumSummorDict,KODORA_EGG_0,foods/KODORA_EGG,ok
LIT_DEMON_EGG,ConsumSummorDict,LIT_DEMON_EGG_0,foods/LIT_DEMON_EGG,ok
MONKEY_EGG,ConsumSummorDict,MONKEY_EGG_0,foods/MONKEY_EGG,ok
RIBBON_RAT_EGG,ConsumSummorDict,RIBBON_RAT_EGG_0,foods/RIBBON_RAT_EGG,ok
SNAKE_PET_EGG,ConsumSummorDict,SNAKE_PET_EGG_0,foods/SNAKE_PET_EGG,ok
SPIDER_PET_EGG,ConsumSummorDict,SPIDER_PET_EGG_0,foods/SPIDER_PET_EGG,ok
STAR_KID_EGG,ConsumSummorDict,STAR_KID_EGG_0,foods/STAR_KID_EGG,ok
STONE_PET_EGG,ConsumSummorDict,STONE_PET_EGG_0,stones/STONE_PET_EGG,ok
BLUE_DRAGON_EGG,ConsumSummorDict,BLUE_DRAGON_EGG_0,foods/BLUE_DRAGON_EGG,ok
BLUE_GIRL_EGG,ConsumSummorDict,BLUE_GIRL_EGG_0,foods/BLUE_GIRL_EGG,ok
BUG_DRAGON_EGG,ConsumSummorDict,BUG_DRAGON_EGG_0,foods/BUG_DRAGON_EGG,ok
GOLD_DRAGON_EGG,ConsumSummorDict,GOLD_DRAGON_EGG_0,foods/GOLD_DRAGON_EGG,ok
GREEN_DRAGON_EGG,ConsumSummorDict,GREEN_DRAGON_EGG_0,foods/GREEN_DRAGON_EGG,ok
LERY_FIRE_EGG,ConsumSummorDict,LERY_FIRE_EGG_0,foods/LERY_FIRE_EGG,ok
LIGHT_DRAGON_EGG,ConsumSummorDict,LIGHT_DRAGON_EGG_0,foods/LIGHT_DRAGON_EGG,ok
RED_DRAGON_EGG,ConsumSummorDict,RED_DRAGON_EGG_0,foods/RED_DRAGON_EGG,ok
SCORPION_EGG,ConsumSummorDict,SCORPION_EGG_0,foods/SCORPION_EGG,ok
VIOLET_DRAGON_EGG,ConsumSummorDict,VIOLET_DRAGON_EGG_0,foods/VIOLET_DRAGON_EGG,ok
VIP_CARD,,,cell32x928,UNRESOLVED
SPS_KEY_RING,EquipmentBagsDict,SPS_KEY_RING,bags/SPS_KEY_RING,ok
SPS_ARROW_COLLECTER,EquipmentBagsDict,SPS_ARROW_COLLECTER,bags/SPS_ARROW_COLLECTER,ok
SPS_GLASS_TOTEM,EquipmentJewelleryArtifactDict,GLASS_TOTEM,(strip:GLASS_TOTEM),ok
SPS_GREEN_DEWDROP,GroundFunctionalFallingDict,DEWDROP_0,materials/dewdrop,ok
SPS_GOLD_BAG,,,cell112x928,UNRESOLVED
SPS_SPECIAL_COIN,,,cell128x928,UNRESOLVED
SPS_MIT_BOTTLE,,,cell144x928,UNRESOLVED
SPS_UNBLESS_ANKH,,,cell160x928,UNRESOLVED
SPS_POCKET_BALL_FULL,,,cell192x928,UNRESOLVED
SPS_HOOK_HAM,,,cell208x928,UNRESOLVED
SPS_LOLLIPOP,EquipmentEquipWeaponBasicWeaponDict,LOLLIPOP,(strip:LOLLIPOP),ok
SPS_EASTER_TREE,,,cell240x928,UNRESOLVED
SPS_PAPER_FAN,,,cell0x944,UNRESOLVED
SPS_MINI_MOAI,,,cell16x944,UNRESOLVED
SPS_DRAGON_BOAT,EquipmentEquipWeaponBasicWeaponDict,DRAGON_BOAT,(strip:DRAGON_BOAT),ok
SPS_GOEI,,,cell48x944,UNRESOLVED
SPS_TEKKO_KAGI,EquipmentEquipWeaponBasicWeaponDict,SPS_TEKKO_KAGI_0,misc/SPS_TEKKO_KAGI,ok
SPS_WRAITH_BREATH,,,cell80x944,UNRESOLVED
SPS_STONE_CROSS,,,cell96x944,UNRESOLVED
SPS_MIRROR_DOLL,EquipmentEquipWeaponBasicWeaponDict,MIRROR_DOLL,(strip:MIRROR_DOLL),ok
SPS_HAND_LIGHT,,,cell128x944,UNRESOLVED
SPS_CURSE_BOX,,,cell144x944,UNRESOLVED
SPS_SMALL_CHAKRAM,,,cell160x944,UNRESOLVED
SPS_HUGE_SHURIKEN,,,cell176x944,UNRESOLVED
SPS_TAMAHAWK,,,cell192x944,UNRESOLVED
SPS_GOBLIN_SHIELD,,,cell208x944,UNRESOLVED
SPS_SP_KNUCKLES,,,cell224x944,UNRESOLVED
SPS_FLAG,,,cell240x944,UNRESOLVED
SPS_EASTER_BRICK,,,cell112x848,UNRESOLVED
SPS_KEY_WEAPON,,,cell176x928,UNRESOLVED
CRYSTAL_VIAL,,,cell112x880,UNRESOLVED
BOTTLE_FLOWER,ConsumGoodsMaterialsGoodsDict,BOTTLE_FLOWER,(strip:BOTTLE_FLOWER),ok
BROKEN_HAMMER,,,cell144x880,UNRESOLVED
CROSS_PHOTO,,,cell160x880,UNRESOLVED
DWARF_HAMMER,EquipmentEquipWeaponBasicWeaponDict,DWARF_HAMMER,(strip:DWARF_HAMMER),ok
HUMMING_TOOL,,,cell192x880,UNRESOLVED
MIRROR_2,,,cell208x880,UNRESOLVED
NOUTH_SOUTH,,,cell224x880,UNRESOLVED
SELL_PERMIT,,,cell240x880,UNRESOLVED
SHEEP_FUR,,,cell160x848,UNRESOLVED
SIMPLE_360,,,cell176x848,UNRESOLVED
TISSUE,,,cell192x848,UNRESOLVED
UNCLE_DUMBBELL,ConsumGoodsMaterialsGoodsDict,UNCLE_DUMBBELL,(strip:UNCLE_DUMBBELL),ok
APOSTLE_BOX,,,cell224x848,UNRESOLVED
MONEY_BOOK,,,cell240x848,UNRESOLVED
LEGACY_BULLET,,,cell0x624,UNRESOLVED
SLING,EquipmentEquipWeaponBasicWeaponDict,SLING,(strip:SLING),ok
GUN_A,EquipmentEquipWeaponBasicWeaponDict,GUN_4,weapons/gun,ok
GUN_B,EquipmentEquipWeaponBasicWeaponDict,GUN_4,weapons/gun,ok
GUN_C,EquipmentEquipWeaponBasicWeaponDict,GUN_4,weapons/gun,ok
GUN_D,EquipmentEquipWeaponBasicWeaponDict,GUN_4,weapons/gun,ok
GUN_E,EquipmentEquipWeaponBasicWeaponDict,GUN_4,weapons/gun,ok
TOY_GUN,,,cell112x624,UNRESOLVED
LEGACY_ARROW,,,cell128x624,UNRESOLVED
WOODEN_BOW,EquipmentEquipWeaponBasicWeaponDict,WOODEN_BOW,(strip:WOODEN_BOW),ok
STONE_BOW,,,cell160x624,UNRESOLVED
METAL_BOW,,,cell176x624,UNRESOLVED
ALLOY_BOW,,,cell192x624,UNRESOLVED
PVC_BOW,,,cell208x624,UNRESOLVED
MANY_KNIVE,EquipmentEquipWeaponUniqueWeaponDict,MANY_KNIVE_0,misc/MANY_KNIVE,ok
LEGACY_KNIFE,,,cell240x624,UNRESOLVED
KING_BONE,,,cell0x640,UNRESOLVED
CAVE_SHELL,,,cell16x640,UNRESOLVED
ANCIENT_COIN,,,cell32x640,UNRESOLVED
SACRIFICE_BOOK,,,cell48x640,UNRESOLVED
GOLDEN_NUT,,,cell64x640,UNRESOLVED
CHALLENGE_REWARD_BAG,,,cell80x640,UNRESOLVED
CRYSTAL_NUCLEUS,,,cell96x640,UNRESOLVED
GOLDEN_SKELETON_KEY,,,cell112x640,UNRESOLVED
CHALLENGE_BOOK,,,cell0x656,UNRESOLVED
ICE_CHALLENGE,,,cell16x656,UNRESOLVED
SEWER_CHALLENGE,SpecificTaskDict,SEWER_CHALLENGE_0,misc/SEWER_CHALLENGE,ok
PRISON_CHALLENGE,SpecificTaskDict,PRISON_CHALLENGE,(strip:PRISON_CHALLENGE),ok
CAVE_CHALLENGE,SpecificTaskDict,CAVE_CHALLENGE_0,misc/CAVE_CHALLENGE,ok
CITY_CHALLENGE,,,cell80x656,UNRESOLVED
COURAGE_CHALLENGE,,,cell96x656,UNRESOLVED
POWER_CHALLENGE,SpecificTaskDict,POWER_CHALLENGE,(strip:POWER_CHALLENGE),ok
WISDOM_CHALLENGE,SpecificTaskDict,WISDOM_CHALLENGE,(strip:WISDOM_CHALLENGE),ok
SPS_TRIFORCE,SpecificTaskDict,TRIFORCE,(strip:TRIFORCE),ok
VIAL_UPDATER,,,cell160x656,UNRESOLVED
WAND_SPS_MAGIC_MISSILE,EquipmentWandBasicWandDict,WAND_SPS_MAGIC_MISSILE,wands/WAND_SPS_MAGIC_MISSILE,ok
WAND_POISON,EquipmentWandBasicWandDict,WAND_POISON,wands/WAND_POISON,ok
WAND_METEORITE,,,cell32x672,UNRESOLVED
WAND_FLOW,EquipmentWandBasicWandDict,WAND_FLOW,wands/WAND_FLOW,ok
WAND_CHARM,,,cell64x672,UNRESOLVED
WAND_SPS_DISINTEGRATION,,,cell80x672,UNRESOLVED
WAND_SPS_FIREBOLT,EquipmentWandBasicWandDict,WAND_SPS_FIREBOLT,wands/WAND_SPS_FIREBOLT,ok
WAND_BLOOD,,,cell112x672,UNRESOLVED
WAND_FREEZE,,,cell128x672,UNRESOLVED
WAND_SPS_LIGHTNING,EquipmentWandBasicWandDict,WAND_SPS_LIGHTNING,wands/WAND_SPS_LIGHTNING,ok
WAND_ACID,EquipmentWandBasicWandDict,WAND_ACID,wands/WAND_ACID,ok
WAND_LIGHT,EquipmentWandBasicWandDict,WAND_LIGHT,wands/WAND_LIGHT,ok
WAND_FLOCK,,,cell192x672,UNRESOLVED
WAND_TCLOUD,EquipmentWandBasicWandDict,WAND_TCLOUD,wands/WAND_TCLOUD,ok
WAND_ERROR,,,cell224x672,UNRESOLVED
SPS_ARMOR_CLOTH,EquipmentEquipArmorBasicArmorDict,ARMOR_CLOTH_0,(strip:ARMOR_CLOTH),ok
SPS_WOODEN_ARMOR,EquipmentEquipArmorBasicArmorDict,WOODEN_ARMOR,(strip:WOODEN_ARMOR),ok
SPS_VEST_ARMOR,,,cell32x688,UNRESOLVED
SPS_ARMOR_LEATHER,EquipmentEquipArmorBasicArmorDict,ARMOR_LEATHER_0,(strip:ARMOR_LEATHER),ok
SPS_CERAMICS_ARMOR,EquipmentEquipArmorBasicArmorDict,CERAMICS_ARMOR,(strip:CERAMICS_ARMOR),ok
SPS_RUBBER_ARMOR,,,cell80x688,UNRESOLVED
SPS_ARMOR_DISC,,,cell96x688,UNRESOLVED
SPS_STONE_ARMOR,EquipmentEquipArmorBasicArmorDict,STONE_ARMOR,(strip:STONE_ARMOR),ok
SPS_CD_ARMOR,EquipmentEquipArmorBasicArmorDict,CD_ARMOR,(strip:CD_ARMOR),ok
SPS_ARMOR_MAIL,EquipmentEquipArmorBasicArmorDict,ARMOR_MAIL_0,(strip:ARMOR_MAIL),ok
SPS_MULTIPLE_ARMOR,,,cell160x688,UNRESOLVED
SPS_STYROFOAM_ARMOR,EquipmentEquipArmorBasicArmorDict,STYROFOAM_ARMOR,(strip:STYROFOAM_ARMOR),ok
SPS_ARMOR_SCALE,EquipmentEquipArmorBasicArmorDict,ARMOR_SCALE_0,(strip:ARMOR_SCALE),ok
SPS_BULLET_ARMOR,,,cell208x688,UNRESOLVED
SPS_PROTECTIVE_ARMOR,,,cell224x688,UNRESOLVED
SPS_ARMOR_PLATE,EquipmentEquipArmorBasicArmorDict,ARMOR_PLATE_0,(strip:ARMOR_PLATE),ok
SPS_MACHINE_ARMOR,,,cell0x704,UNRESOLVED
SPS_PHANTOM_ARMOR,EquipmentEquipArmorBasicArmorDict,PHANTOM_ARMOR,(strip:PHANTOM_ARMOR),ok
SPS_ARMOR_WARRIOR,,,cell32x704,UNRESOLVED
SPS_ARMOR_MAGE,,,cell48x704,UNRESOLVED
SPS_ARMOR_ROGUE,,,cell64x704,UNRESOLVED
SPS_ARMOR_HUNTRESS,,,cell80x704,UNRESOLVED
SPS_ARMOR_PERFORMER,,,cell96x704,UNRESOLVED
SPS_ARMOR_SOLDIER,,,cell112x704,UNRESOLVED
SPS_ARMOR_FOLLOWER,,,cell128x704,UNRESOLVED
SPS_ARMOR_ASCETIC,,,cell144x704,UNRESOLVED
SPS_WEP_DAGGER,,,cell0x720,UNRESOLVED
SPS_WEP_KNUCKLES,,,cell16x720,UNRESOLVED
SPS_WEP_SHORT_SWORD,,,cell32x720,UNRESOLVED
SPS_WEP_MAGE_BOOK,,,cell48x720,UNRESOLVED
SPS_WEP_HANDAXE,,,cell64x720,UNRESOLVED
SPS_WEP_SPEAR,EquipmentEquipWeaponBasicWeaponDict,SPS_WEP_SPEAR_0,weapons/SPS_WEP_SPEAR,ok
SPS_WEP_DUAL_KNIVE,,,cell96x720,UNRESOLVED
SPS_WEP_FIGHT_GLOVES,,,cell112x720,UNRESOLVED
SPS_WEP_NUNCHAKUS,,,cell128x720,UNRESOLVED
SPS_WEP_SCIMITAR,,,cell144x720,UNRESOLVED
SPS_WEP_WHIP,,,cell160x720,UNRESOLVED
SPS_WEP_RAPIER,,,cell176x720,UNRESOLVED
SPS_WEP_ASSASSINS_BLADE,,,cell192x720,UNRESOLVED
SPS_WEP_BATTLE_AXE,,,cell208x720,UNRESOLVED
SPS_WEP_GLAIVE,,,cell224x720,UNRESOLVED
SPS_WEP_CLUB,EquipmentEquipWeaponBasicWeaponDict,SPS_WEP_CLUB_0,weapons/SPS_WEP_CLUB,ok
SPS_WEP_GSWORD,,,cell0x736,UNRESOLVED
SPS_WEP_HALBERD,,,cell16x736,UNRESOLVED
SPS_WEP_WAR_HAMMER,,,cell32x736,UNRESOLVED
SPS_WEP_LANCE,,,cell48x736,UNRESOLVED
MEAT_SOUP,,,cell64x736,UNRESOLVED
HOTDOG,,,cell80x736,UNRESOLVED
KEBAB,ConsumFoodFoodDict,KEBAB,(strip:KEBAB),ok
NUT_COOKIE,ConsumFoodFoodDict,NUT_COOKIE,(strip:NUT_COOKIE),ok
MIX_PIZZA,,,cell128x736,UNRESOLVED
RICE_GRUEL,ConsumFoodFoodDict,RICE_GRUEL,(strip:RICE_GRUEL),ok
FRUIT_CANDY,ConsumFoodFoodDict,FRUIT_CANDY,(strip:FRUIT_CANDY),ok
MOON_CAKE,ConsumFoodFoodDict,MOON_CAKE,(strip:MOON_CAKE),ok
LEGACY_BLIND_FRUIT,,,cell192x736,UNRESOLVED
LEGACY_EMP_BOLA,,,cell208x736,UNRESOLVED
SPS_SEED_ROTBERRY,,,cell0x864,UNRESOLVED
SPS_SEED_FIREBLOOM,ConsumPotionSeedSeedDict,SEED_FIREBLOOM,(strip:SEED_FIREBLOOM),ok
SPS_SEED_BLINDWEED,ConsumPotionSeedSeedDict,SEED_BLINDWEED_0,(strip:SEED_BLINDWEED),ok
SPS_SEED_SUNGRASS,ConsumPotionSeedSeedDict,SEED_SUNGRASS,(strip:SEED_SUNGRASS),ok
SPS_SEED_ICECAP,ConsumPotionSeedSeedDict,SEED_ICECAP,(strip:SEED_ICECAP),ok
SPS_SEED_STORMVINE,ConsumPotionSeedSeedDict,SEED_STORMVINE,(strip:SEED_STORMVINE),ok
SPS_SEED_SORROWMOSS,ConsumPotionSeedSeedDict,SEED_SORROWMOSS_0,(strip:SEED_SORROWMOSS),ok
SPS_SEED_DREAMFOIL,,,cell112x864,UNRESOLVED
SPS_SEED_EARTHROOT,ConsumPotionSeedSeedDict,SEED_EARTHROOT_0,(strip:SEED_EARTHROOT),ok
SPS_SEED_FADELEAF,ConsumPotionSeedSeedDict,SEED_FADELEAF_0,(strip:SEED_FADELEAF),ok
SPS_SEED_BLANDFRUIT,,,cell160x864,UNRESOLVED
SPS_SEED_DUNGEONNUT,,,cell176x864,UNRESOLVED
SPS_SEED_STARFLOWER,ConsumPotionSeedSeedDict,SEED_STARFLOWER_0,(strip:SEED_STARFLOWER),ok
SPS_SEED_SEEDPOD,,,cell208x864,UNRESOLVED
SPS_SEED_SIOFLOWER,,,cell224x864,UNRESOLVED
SPS_SEED_STAREATER,ConsumPotionSeedSeedDict,SEED_STAREATER,(strip:SEED_STAREATER),ok
SPS_SEED_DEWCATCHER,,,cell0x880,UNRESOLVED
SPS_SEED_RENEPENTH,,,cell16x880,UNRESOLVED
TENGU_KEY,,,cell0x960,UNRESOLVED
MAGIC_HAND,ConsumThrowsDict,MAGIC_HAND,(strip:MAGIC_HAND),ok
RICE_BALL,ConsumThrowsDict,RICE_BALL,(strip:RICE_BALL),ok
SPS_LING_POTION,,,cell48x960,UNRESOLVED
ARTIFACT_ICE_EYE,EquipmentJewelleryArtifactDict,ARTIFACT_ICE_EYE_0,artifacts/ARTIFACT_ICE_EYE,ok
NOOMLIN_CROWN,,,cell96x960,UNRESOLVED
SPS_CHINA_MECH,,,cell112x960,UNRESOLVED
SPS_JUMPER_DANCER,,,cell128x960,UNRESOLVED
MUSHROOM_LANTERN,,,cell0x976,UNRESOLVED
MUSHROOM_EARTHSTAR,,,cell16x976,UNRESOLVED
MUSHROOM_GREEN_SPORE,,,cell32x976,UNRESOLVED
MUSHROOM_DEATHCAP,,,cell48x976,UNRESOLVED
MUSHROOM_PIXIEPARASOL,,,cell64x976,UNRESOLVED
MUSHROOM_GOLDENJELLY,,,cell80x976,UNRESOLVED
MUSHROOM_BLUEMILK,,,cell96x976,UNRESOLVED
GREAT_PILL,,,cell112x976,UNRESOLVED
WINE,,,cell128x976,UNRESOLVED
WIDTH,SpecificPlaceHolderDict,MOB_HOLDER_0,misc/MOB_HOLDER,ok
RING_ACCURACY,SpecificPlaceHolderDict,SOMETHING_0,misc/SOMETHING,ok
RING_ARCANA,,,cell16x0,UNRESOLVED
RING_ELEMENTS,EquipmentJewelleryRingDict,RING_ELEMENTS_0,(byname),ok
RING_ENERGY,EquipmentJewelleryRingDict,RING_ENERGY_0,(byname),ok
RING_EVASION,SpecificPlaceHolderDict,WAND_HOLDER_0,wands/WAND_HOLDER,ok
RING_FORCE,EquipmentJewelleryRingDict,RING_HOLDER,rings/RING_HOLDER,ok
RING_FUROR,SpecificPlaceHolderDict,ARTIFACT_HOLDER_0,artifacts/ARTIFACT_HOLDER,ok
RING_HASTE,SpecificPlaceHolderDict,TRINKET_HOLDER_0,misc/TRINKET_HOLDER,ok
RING_MIGHT,SpecificPlaceHolderDict,FOOD_HOLDER_0,foods/FOOD_HOLDER,ok
RING_SHARPSHOOT,EquipmentJewelleryRingDict,RING_SHARPSHOOT_0,(byname),ok
RING_TENACITY,SpecificPlaceHolderDict,POTION_HOLDER_0,potions/POTION_HOLDER,ok
RING_WEALTH,SpecificPlaceHolderDict,SEED_HOLDER_0,seeds/SEED_HOLDER,ok
SCROLL_UPGRADE,,,cell0x32,UNRESOLVED
SCROLL_IDENTIFY,,,cell16x32,UNRESOLVED
SCROLL_REMCURSE,,,cell32x32,UNRESOLVED
SCROLL_MIRRORIMG,,,cell48x32,UNRESOLVED
SCROLL_RECHARGE,GroundGroundingItemsDict,CHEST_0,misc/CHEST,ok
SCROLL_TELEPORT,GroundGroundingItemsDict,LOCKED_CHEST_0,misc/LOCKED_CHEST,ok
SCROLL_LULLABY,GroundGroundingItemsDict,CRYSTAL_CHEST_0,stones/CRYSTAL_CHEST,ok
SCROLL_MAGICMAP,GroundGroundingItemsDict,EBONY_CHEST_0,misc/EBONY_CHEST,ok
SCROLL_RAGE,,,cell128x32,UNRESOLVED
SCROLL_RETRIB,,,cell144x32,UNRESOLVED
SCROLL_TERROR,,,cell160x32,UNRESOLVED
SCROLL_TRANSMUTE,,,cell176x32,UNRESOLVED
SCROLL_ENCHANT,ConsumUsefulUsefulDict,ANKH,misc/ANKH,ok
SCROLL_DIVINATE,ConsumUsefulUsefulDict,STYLUS,misc/STYLUS,ok
SCROLL_ANTIMAGIC,,,cell32x48,UNRESOLVED
SCROLL_PRISIMG,ConsumUsefulUsefulDict,TORCH_0,misc/TORCH,ok
SCROLL_MYSTENRG,ConsumUsefulUsefulDict,BEACON_0,misc/BEACON,ok
SCROLL_PASSAGE,ConsumUsefulUsefulDict,HONEYPOT_0,foods/HONEYPOT,ok
SCROLL_SIREN,ConsumUsefulUsefulDict,SHATTPOT,misc/SHATTPOT,ok
SCROLL_FORESIGHT,SpecificKeyDict,IRON_KEY,keys/IRON_KEY,ok
SCROLL_CHALLENGE,SpecificKeyDict,GOLDEN_KEY,keys/GOLDEN_KEY,ok
SCROLL_PSIBLAST,SpecificKeyDict,CRYSTAL_KEY,stones/CRYSTAL_KEY,ok
SCROLL_DREAD,SpecificKeyDict,WORN_KEY,keys/WORN_KEY,ok
SCROLL_METAMORPH,ConsumUsefulProcessEnhanceDict,MASK_0,misc/MASK,ok
POTION_STRENGTH,EquipmentEquipWeaponBombDict,BOMB_0,weapons/BOMB,ok
POTION_HEALING,EquipmentEquipWeaponBombDict,DBL_BOMB_0,weapons/DBL_BOMB,ok
POTION_MINDVIS,EquipmentEquipWeaponBombDict,FIRE_BOMB_0,weapons/FIRE_BOMB,ok
POTION_FROST,EquipmentEquipWeaponBombDict,FROST_BOMB_0,weapons/FROST_BOMB,ok
POTION_LIQFLAME,EquipmentEquipWeaponBombDict,REGROWTH_BOMB_0,weapons/REGROWTH_BOMB,ok
POTION_TOXICGAS,EquipmentEquipWeaponBombDict,SMOKE_BOMB_0,weapons/SMOKE_BOMB,ok
POTION_HASTE,EquipmentEquipWeaponBombDict,FLASHBANG_0,misc/FLASHBANG,ok
POTION_INVIS,EquipmentEquipWeaponBombDict,HOLY_BOMB_0,weapons/HOLY_BOMB,ok
POTION_LEVITATE,EquipmentEquipWeaponBombDict,WOOLY_BOMB_0,weapons/WOOLY_BOMB,ok
POTION_PARAGAS,EquipmentEquipWeaponBombDict,NOISEMAKER_0,misc/NOISEMAKER,ok
POTION_PURITY,EquipmentEquipWeaponBombDict,ARCANE_BOMB_0,weapons/ARCANE_BOMB,ok
POTION_EXP,EquipmentEquipWeaponBombDict,SHRAPNEL_BOMB_0,weapons/SHRAPNEL_BOMB,ok
POTION_MASTERY,EquipmentEquipWeaponBasicWeaponDict,WORN_SHORTSWORD_0,weapons/WORN_SHORTSWORD,ok
POTION_SHIELDING,ConsumPotionSeedBasicPotionDict,POTION_SHIELDING_0,(byname),ok
POTION_MAGISIGHT,ConsumPotionSeedBasicPotionDict,POTION_MAGISIGHT_0,(byname),ok
POTION_SNAPFREEZ,EquipmentEquipWeaponBasicWeaponDict,RAPIER_0,foods/RAPIER,ok
POTION_DRGBREATH,EquipmentEquipWeaponBasicWeaponDict,DAGGER_0,weapons/DAGGER,ok
POTION_CORROGAS,ConsumPotionSeedBasicPotionDict,POTION_CORROGAS_0,(byname),ok
POTION_STAMINA,ConsumPotionSeedBasicPotionDict,POTION_STAMINA_0,(byname),ok
POTION_SHROUDFOG,ConsumPotionSeedBasicPotionDict,POTION_SHROUDFOG_0,(byname),ok
POTION_STRMCLOUD,EquipmentEquipWeaponBasicWeaponDict,SHORTSWORD_0,weapons/SHORTSWORD,ok
POTION_EARTHARMR,EquipmentEquipWeaponBasicWeaponDict,HAND_AXE_0,weapons/HAND_AXE,ok
POTION_CLEANSE,EquipmentEquipWeaponBasicWeaponDict,SPEAR_0,weapons/SPEAR,ok
POTION_DIVINE,EquipmentEquipWeaponBasicWeaponDict,QUARTERSTAFF_0,weapons/QUARTERSTAFF,ok
