semantic,cell,atlas,col,row,w,h
foods/SPS_PUMPKIN_PIE#0,59,consum/food/food.png,3,2,16,16
foods/RICE_FOOD#0,60,consum/food/food.png,4,2,16,16
misc/MIX_PIZZA#0,63,consum/food/food.png,7,2,16,16
misc/MOON_CAKE#0,64,consum/food/food.png,8,2,16,16
misc/HAMBURGER#0,65,consum/food/food.png,9,2,16,16
foods/HONEY_RICE#0,66,consum/food/food.png,10,2,16,16
rings/SPS_SPRING_ASSORTED#0,67,consum/food/food.png,11,2,16,16
foods/SPS_KNOWLEDGE_FOOD#0,70,consum/food/food.png,14,2,16,16
keys/GOLDEN_SKELETON_KEY#0,71,consum/food/food.png,15,2,16,16
foods/MEAT_SOUP#0,72,consum/food/food.png,16,2,16,16
foods/VEGETABLE_SOUP#0,73,consum/food/food.png,17,2,16,16
foods/AFLY_FOOD#0,84,consum/food/food.png,0,3,16,16
foods/PERFECT_FOOD#0,85,consum/food/food.png,1,3,16,16
foods/FOOD_FANS#0,86,consum/food/food.png,2,3,16,16
foods/STEAMED_FISH#0,88,consum/food/food.png,4,3,16,12
foods/FISH_LEFTOVER#0,89,consum/food/food.png,5,3,16,12
foods/EASTER_EGG#0,90,consum/food/food.png,6,3,12,14
misc/ITEM_237#0,93,consum/food/food.png,9,3,8,10
misc/ITEM_237#0,94,consum/food/food.png,10,3,8,10
keys/GOLDEN_SKELETON_KEY#0,99,consum/food/food.png,15,3,16,16
keys/GOLDEN_SKELETON_KEY#0,100,consum/food/food.png,16,3,16,16
foods/SPS_TURKEY_MEAT#0,113,consum/food/food.png,1,4,16,16
misc/CHICKENNUGGET#0,114,consum/food/food.png,2,4,16,16
misc/HOTDOG#0,115,consum/food/food.png,3,4,16,16
misc/KEBAB#0,116,consum/food/food.png,4,4,16,16
foods/NUT_COOKIE#0,140,consum/food/food.png,0,5,16,16
foods/SPS_PASTY_EASTER_EGG#0,141,consum/food/food.png,1,5,16,16
foods/SPS_CANDY_CANE#0,142,consum/food/food.png,2,5,16,16
foods/FRUIT_SALAD#0,145,consum/food/food.png,5,5,16,16
potions/SPARKLING_POTION#0,147,consum/food/food.png,7,5,7,16
potions/RAINBOW_POTION#0,148,consum/food/food.png,8,5,12,14
misc/WINE#0,171,consum/food/food.png,3,6,16,16
misc/FOAMED#0,172,consum/food/food.png,4,6,16,16
foods/SPS_HONEY#0,196,consum/food/food.png,0,7,16,16
foods/HONEY_WATER#0,197,consum/food/food.png,1,7,16,16
misc/ICECREAM#0,199,consum/food/food.png,3,7,16,16
foods/HONEY_MEAT#0,200,consum/food/food.png,4,7,16,16
foods/SPS_NUT_CAKE#0,201,consum/food/food.png,5,7,16,16
misc/STEWED#0,227,consum/food/food.png,3,8,15,11
foods/HERB_MEAT#0,229,consum/food/food.png,5,8,16,16
foods/PHANTOM_MEAT#0,230,consum/food/food.png,6,8,15,11
foods/BLANDFRUIT#0,280,consum/food/food.png,0,10,9,12
misc/BLAND_CHUNKS#0,281,consum/food/food.png,1,10,14,6
foods/SPS_FISH_PET_FOOD#0,337,consum/food/food.png,1,12,16,16
foods/SPS_FISH_FOOD#0,338,consum/food/food.png,2,12,16,16
foods/BUG_MEAT#0,352,consum/food/food.png,16,12,16,16
keys/GOLDEN_SKELETON_KEY#0,364,consum/functional/useful.png,0,13,16,16
keys/GOLDEN_SKELETON_KEY#0,365,consum/functional/useful.png,1,13,16,16
misc/TORCH#0,366,consum/functional/useful.png,2,13,12,15
misc/BEACON#0,367,consum/functional/useful.png,3,13,16,15
foods/HONEYPOT#0,368,consum/functional/useful.png,4,13,14,12
misc/SHATTPOT#0,369,consum/functional/useful.png,5,13,14,12
keys/GOLDEN_SKELETON_KEY#0,392,consum/functional/useful.png,0,14,16,16
keys/GOLDEN_SKELETON_KEY#0,393,consum/functional/useful.png,1,14,16,16
misc/RAT_SKULL#0,420,consum/goods_materials/goods.png,0,15,16,11
misc/BOTTLE_FLOWER#0,421,consum/goods_materials/goods.png,1,15,16,16
misc/AFLY_SOCK#0,422,consum/goods_materials/goods.png,2,15,16,16
misc/SIMPLE_360#0,429,consum/goods_materials/goods.png,9,15,16,16
keys/GOLDEN_SKELETON_KEY#0,431,consum/goods_materials/goods.png,11,15,16,16
artifacts/GHOST_GIRL_ROSE#0,451,consum/goods_materials/goods.png,3,16,16,16
misc/VIP_CARD#0,455,consum/goods_materials/goods.png,7,16,16,16
keys/GOLDEN_SKELETON_KEY#0,459,consum/goods_materials/goods.png,11,16,16,16
stones/CRYSTAL_NUCLEUS#0,591,consum/goods_materials/materials.png,3,21,16,16
keys/GOLDEN_SKELETON_KEY#0,593,consum/goods_materials/materials.png,5,21,16,16
keys/GOLDEN_SKELETON_KEY#0,594,consum/goods_materials/materials.png,6,21,16,16
misc/ADAMANT_WEAPON#0,616,consum/goods_materials/materials.png,0,22,16,16
armor/ADAMANT_ARMOR#0,617,consum/goods_materials/materials.png,1,22,16,16
wands/ADAMANT_WAND#0,618,consum/goods_materials/materials.png,2,22,16,16
rings/ADAMANT_RING#0,619,consum/goods_materials/materials.png,3,22,16,16
misc/SPS_GARBAGE#0,672,consum/goods_materials/materials.png,0,24,16,16
misc/BLOB#0,673,consum/goods_materials/materials.png,1,24,10,9
stones/SHARD#0,674,consum/goods_materials/materials.png,2,24,8,10
misc/ESCAPE#0,675,consum/goods_materials/materials.png,3,24,8,16
misc/STATUE#0,676,consum/goods_materials/materials.png,4,24,10,16
potions/POTION_CRIMSON#0,756,consum/potion_seed/basic_potion.png,0,27,12,14
potions/POTION_HEALING#0,757,consum/potion_seed/basic_potion.png,1,27,12,14
potions/POTION_MINDVIS#0,758,consum/potion_seed/basic_potion.png,2,27,12,14
potions/POTION_JADE#0,759,consum/potion_seed/basic_potion.png,3,27,12,14
potions/POTION_TURQUOISE#0,760,consum/potion_seed/basic_potion.png,4,27,12,14
potions/POTION_AZURE#0,761,consum/potion_seed/basic_potion.png,5,27,12,14
potions/POTION_INDIGO#0,762,consum/potion_seed/basic_potion.png,6,27,12,14
potions/POTION_INVIS#0,763,consum/potion_seed/basic_potion.png,7,27,12,14
potions/POTION_BISTRE#0,764,consum/potion_seed/basic_potion.png,8,27,12,14
potions/POTION_CHARCOAL#0,765,consum/potion_seed/basic_potion.png,9,27,12,14
potions/POTION_SILVER#0,766,consum/potion_seed/basic_potion.png,10,27,12,14
potions/POTION_EXP#0,767,consum/potion_seed/basic_potion.png,11,27,12,14
keys/GOLDEN_SKELETON_KEY#0,768,consum/potion_seed/basic_potion.png,12,27,16,16
keys/GOLDEN_SKELETON_KEY#0,769,consum/potion_seed/basic_potion.png,13,27,16,16
potions/POTION_MASTERY#0,784,consum/potion_seed/basic_potion.png,0,28,12,13
potions/POTION_SHIELDING#0,785,consum/potion_seed/basic_potion.png,1,28,12,13
potions/POTION_MAGISIGHT#0,786,consum/potion_seed/basic_potion.png,2,28,12,13
potions/POTION_SNAPFREEZ#0,787,consum/potion_seed/basic_potion.png,3,28,12,13
misc/EXOTIC_TURQUOISE#0,788,consum/potion_seed/basic_potion.png,4,28,12,13
potions/POTION_CORROGAS#0,789,consum/potion_seed/basic_potion.png,5,28,12,13
potions/POTION_STAMINA#0,790,consum/potion_seed/basic_potion.png,6,28,12,13
potions/POTION_SHROUDFOG#0,791,consum/potion_seed/basic_potion.png,7,28,12,13
misc/EXOTIC_BISTRE#0,792,consum/potion_seed/basic_potion.png,8,28,12,13
potions/POTION_EARTHARMR#0,793,consum/potion_seed/basic_potion.png,9,28,12,13
potions/POTION_CLEANSE#0,794,consum/potion_seed/basic_potion.png,10,28,12,13
misc/EXOTIC_IVORY#0,795,consum/potion_seed/basic_potion.png,11,28,12,13
potions/BREW_UNSTABLE#0,796,consum/potion_seed/basic_potion.png,12,28,11,13
foods/MUSHROOM_LANTERN#0,812,consum/potion_seed/basic_potion.png,0,29,16,16
foods/MUSHROOM_EARTHSTAR#0,813,consum/potion_seed/basic_potion.png,1,29,16,16
foods/MUSHROOM_GREEN_SPORE#0,814,consum/potion_seed/basic_potion.png,2,29,16,16
foods/MUSHROOM_DEATHCAP#0,815,consum/potion_seed/basic_potion.png,3,29,16,16
foods/MUSHROOM_PIXIEPARASOL#0,816,consum/potion_seed/basic_potion.png,4,29,16,16
misc/POCKET_BALL_EMPTY#0,817,consum/potion_seed/basic_potion.png,5,29,16,16
misc/POCKET_BALL#0,818,consum/potion_seed/basic_potion.png,6,29,16,16
misc/GREAT_PILL#0,819,consum/potion_seed/basic_potion.png,7,29,16,16
potions/BREW_INFERNAL#0,843,consum/potion_seed/basic_potion.png,3,30,11,13
potions/BREW_BLIZZARD#0,844,consum/potion_seed/basic_potion.png,4,30,11,13
potions/BREW_SHOCKING#0,845,consum/potion_seed/basic_potion.png,5,30,12,14
potions/BREW_CAUSTIC#0,846,consum/potion_seed/basic_potion.png,6,30,12,14
potions/BREW_AQUA#0,847,consum/potion_seed/basic_potion.png,7,30,9,11
potions/ELIXIR_AQUA#0,849,consum/potion_seed/basic_potion.png,9,30,12,14
potions/ELIXIR_MIGHT#0,850,consum/potion_seed/basic_potion.png,10,30,12,14
potions/ELIXIR_DRAGON#0,851,consum/potion_seed/basic_potion.png,11,30,12,14
potions/ELIXIR_TOXIC#0,852,consum/potion_seed/basic_potion.png,12,30,12,14
potions/ELIXIR_ICY#0,853,consum/potion_seed/basic_potion.png,13,30,12,14
potions/ELIXIR_ARCANE#0,854,consum/potion_seed/basic_potion.png,14,30,12,14
potions/ELIXIR_FEATHER#0,855,consum/potion_seed/basic_potion.png,15,30,12,14
keys/GOLDEN_SKELETON_KEY#0,879,consum/potion_seed/seed.png,11,31,16,16
keys/GOLDEN_SKELETON_KEY#0,880,consum/potion_seed/seed.png,12,31,16,16
seeds/SEED_FIREBLOOM#0,897,consum/potion_seed/seed.png,1,32,10,10
seeds/SEED_SWIFTTHISTLE#0,898,consum/potion_seed/seed.png,2,32,10,10
seeds/SEED_SUNGRASS#0,899,consum/potion_seed/seed.png,3,32,10,10
seeds/SEED_ICECAP#0,900,consum/potion_seed/seed.png,4,32,10,10
seeds/SEED_STORMVINE#0,901,consum/potion_seed/seed.png,5,32,10,10
seeds/SEED_SORROWMOSS#0,902,consum/potion_seed/seed.png,6,32,10,10
seeds/SEED_MAGEROYAL#0,903,consum/potion_seed/seed.png,7,32,10,10
seeds/SEED_EARTHROOT#0,904,consum/potion_seed/seed.png,8,32,10,10
seeds/SEED_BLINDWEED#0,905,consum/potion_seed/seed.png,9,32,10,10
seeds/SEED_FADELEAF#0,906,consum/potion_seed/seed.png,10,32,10,10
keys/GOLDEN_SKELETON_KEY#0,907,consum/potion_seed/seed.png,11,32,16,16
keys/GOLDEN_SKELETON_KEY#0,908,consum/potion_seed/seed.png,12,32,16,16
misc/STAR_FLOWER#0,935,consum/potion_seed/seed.png,11,33,16,16
foods/NUT_VEGETABLE#0,936,consum/potion_seed/seed.png,12,33,16,16
misc/UPGRADE_EATER#0,937,consum/potion_seed/seed.png,13,33,16,16
stones/STONE_AUGMENTATION#0,981,consum/scroll_amulet/amulet.png,1,35,14,12
stones/STONE_FEAR#0,982,consum/scroll_amulet/amulet.png,2,35,14,12
stones/STONE_BLAST#0,983,consum/scroll_amulet/amulet.png,3,35,14,12
stones/STONE_BLINK#0,984,consum/scroll_amulet/amulet.png,4,35,14,12
stones/STONE_CLAIRVOYANCE#0,985,consum/scroll_amulet/amulet.png,5,35,14,12
stones/STONE_SLEEP#0,986,consum/scroll_amulet/amulet.png,6,35,14,12
stones/STONE_DETECT#0,987,consum/scroll_amulet/amulet.png,7,35,14,12
stones/STONE_ENCHANT#0,988,consum/scroll_amulet/amulet.png,8,35,14,12
stones/STONE_FLOCK#0,989,consum/scroll_amulet/amulet.png,9,35,14,12
stones/STONE_INTUITION#0,990,consum/scroll_amulet/amulet.png,10,35,14,12
keys/GOLDEN_SKELETON_KEY#0,991,consum/scroll_amulet/amulet.png,11,35,16,16
keys/GOLDEN_SKELETON_KEY#0,992,consum/scroll_amulet/amulet.png,12,35,16,16
misc/WILD_ENERGY#0,1008,consum/scroll_amulet/crystal.png,0,36,6,15
misc/PHASE_SHIFT#0,1009,consum/scroll_amulet/crystal.png,1,36,12,10
misc/TELE_GRAB#0,1010,consum/scroll_amulet/crystal.png,2,36,10,10
misc/UNSTABLE_SPELL#0,1011,consum/scroll_amulet/crystal.png,3,36,12,13
misc/CURSE_INFUSE#0,1012,consum/scroll_amulet/crystal.png,4,36,10,16
misc/MAGIC_INFUSE#0,1013,consum/scroll_amulet/crystal.png,5,36,10,14
misc/ALCHEMIZE#0,1014,consum/scroll_amulet/crystal.png,6,36,12,12
misc/RECYCLE#0,1015,consum/scroll_amulet/crystal.png,7,36,12,13
misc/RECLAIM_TRAP#0,1016,consum/scroll_amulet/crystal.png,8,36,14,11
misc/RETURN_BEACON#0,1017,consum/scroll_amulet/crystal.png,9,36,8,16
stones/summon_ele#0,1018,consum/scroll_amulet/crystal.png,10,36,8,16
stones/summon_ele#1,1019,consum/scroll_amulet/crystal.png,11,36,8,16
stones/summon_ele#2,1020,consum/scroll_amulet/crystal.png,12,36,8,16
stones/summon_ele#3,1021,consum/scroll_amulet/crystal.png,13,36,8,16
keys/GOLDEN_SKELETON_KEY#0,1022,consum/scroll_amulet/crystal.png,14,36,16,16
keys/GOLDEN_SKELETON_KEY#0,1023,consum/scroll_amulet/crystal.png,15,36,16,16
keys/GOLDEN_SKELETON_KEY#0,1050,consum/scroll_amulet/crystal.png,14,37,16,16
keys/GOLDEN_SKELETON_KEY#0,1051,consum/scroll_amulet/crystal.png,15,37,16,16
misc/PLAYER_ICON#0,1064,consum/scroll_amulet/scroll.png,0,38,16,16
documents/SCROLL_SOWILO#0,1065,consum/scroll_amulet/scroll.png,1,38,15,14
documents/SCROLL_REMCURSE#0,1066,consum/scroll_amulet/scroll.png,2,38,15,14
documents/SCROLL_MIRRORIMG#0,1067,consum/scroll_amulet/scroll.png,3,38,15,14
documents/SCROLL_RECHARGE#0,1068,consum/scroll_amulet/scroll.png,4,38,15,14
documents/SCROLL_TELEPORT#0,1069,consum/scroll_amulet/scroll.png,5,38,15,14
documents/SCROLL_LULLABY#0,1070,consum/scroll_amulet/scroll.png,6,38,15,14
documents/SCROLL_MANNAZ#0,1071,consum/scroll_amulet/scroll.png,7,38,15,14
keys/GOLDEN_SKELETON_KEY#0,1092,consum/scroll_amulet/scroll.png,0,39,16,16
misc/EXOTIC_SOWILO#0,1093,consum/scroll_amulet/scroll.png,1,39,15,14
misc/EXOTIC_LAGUZ#0,1094,consum/scroll_amulet/scroll.png,2,39,15,14
misc/EXOTIC_YNGVI#0,1095,consum/scroll_amulet/scroll.png,3,39,15,14
documents/SCROLL_MYSTENRG#0,1096,consum/scroll_amulet/scroll.png,4,39,15,14
misc/EXOTIC_RAIDO#0,1097,consum/scroll_amulet/scroll.png,5,39,15,14
documents/SCROLL_SIREN#0,1098,consum/scroll_amulet/scroll.png,6,39,15,14
documents/SCROLL_FORESIGHT#0,1099,consum/scroll_amulet/scroll.png,7,39,15,14
documents/SCROLL_CHALLENGE#0,1100,consum/scroll_amulet/scroll.png,8,39,15,14
misc/EXOTIC_BERKANAN#0,1101,consum/scroll_amulet/scroll.png,9,39,15,14
documents/SCROLL_DREAD#0,1102,consum/scroll_amulet/scroll.png,10,39,15,14
documents/SCROLL_METAMORPH#0,1103,consum/scroll_amulet/scroll.png,11,39,15,14
keys/GOLDEN_SKELETON_KEY#0,1120,consum/scroll_amulet/scroll.png,0,40,16,16
misc/ARCANE_RESIN#0,1162,consum/scroll_amulet/scroll.png,14,41,12,11
foods/SPS_PET_EGG#0,1176,consum/summor.png,0,42,16,16
keys/GOLDEN_SKELETON_KEY#0,1180,consum/summor.png,4,42,16,16
foods/SCORPION_EGG#0,1204,consum/summor.png,0,43,16,16
foods/BLUE_GIRL_EGG#0,1205,consum/summor.png,1,43,16,16
foods/LERY_FIRE_EGG#0,1206,consum/summor.png,2,43,16,16
foods/RED_DRAGON_EGG#0,1207,consum/summor.png,3,43,16,16
foods/BLUE_DRAGON_EGG#0,1208,consum/summor.png,4,43,16,16
foods/VIOLET_DRAGON_EGG#0,1209,consum/summor.png,5,43,16,16
foods/GREEN_DRAGON_EGG#0,1210,consum/summor.png,6,43,16,16
foods/RABBIT_PET_EGG#0,1212,consum/summor.png,8,43,16,16
foods/VELOCIROOSTER_EGG#0,1213,consum/summor.png,9,43,16,16
foods/BUG_DRAGON_EGG#0,1214,consum/summor.png,10,43,16,16
foods/LIGHT_DRAGON_EGG#0,1215,consum/summor.png,11,43,16,16
foods/GOLD_DRAGON_EGG#0,1216,consum/summor.png,12,43,16,16
foods/AFLY_EGG#0,1217,consum/summor.png,13,43,16,16
foods/STAR_KID_EGG#0,1218,consum/summor.png,14,43,16,16
stones/STONE_PET_EGG#0,1219,consum/summor.png,15,43,16,16
foods/DATURA_EGG#0,1232,consum/summor.png,0,44,16,16
foods/DOG_PET_EGG#0,1233,consum/summor.png,1,44,16,16
foods/DWARF_BOY_EGG#0,1234,consum/summor.png,2,44,16,16
foods/FLY_EGG#0,1235,consum/summor.png,3,44,16,16
foods/FOX_HELPER_EGG#0,1236,consum/summor.png,4,44,16,16
foods/FROG_PET_EGG#0,1237,consum/summor.png,5,44,16,16
foods/GENTLE_CRAB_EGG#0,1238,consum/summor.png,6,44,16,16
foods/KODORA_EGG#0,1239,consum/summor.png,7,44,16,16
foods/LIT_DEMON_EGG#0,1240,consum/summor.png,8,44,16,16
foods/MONKEY_EGG#0,1241,consum/summor.png,9,44,16,16
foods/PIG_PET_EGG#0,1242,consum/summor.png,10,44,16,16
foods/RIBBON_RAT_EGG#0,1243,consum/summor.png,11,44,16,16
foods/SNAKE_PET_EGG#0,1244,consum/summor.png,12,44,16,16
foods/SPIDER_PET_EGG#0,1245,consum/summor.png,13,44,16,16
foods/CHOCOBO_EGG#0,1246,consum/summor.png,14,44,16,16
misc/LYNN_DOLL#0,1261,consum/summor.png,1,45,16,16
misc/FAIRY_CARD#0,1262,consum/summor.png,2,45,16,16
misc/ACTIVE_MR_DESTRUCTO#0,1264,consum/summor.png,4,45,16,16
misc/RUSTY_CAT#0,1265,consum/summor.png,5,45,16,16
weapons/THROWING_SPIKE#0,1288,consum/throws.png,0,46,11,10
weapons/THROWING_KNIFE#0,1289,consum/throws.png,1,46,12,13
stones/THROWING_STONE#0,1290,consum/throws.png,2,46,12,10
foods/FISHING_SPEAR#0,1291,consum/throws.png,3,46,11,11
weapons/SHURIKEN#0,1292,consum/throws.png,4,46,12,12
weapons/THROWING_CLUB#0,1293,consum/throws.png,5,46,12,12
weapons/THROWING_SPEAR#0,1294,consum/throws.png,6,46,13,13
misc/BOLAS#0,1295,consum/throws.png,7,46,15,14
misc/KUNAI#0,1296,consum/throws.png,8,46,15,15
misc/JAVELIN#0,1298,consum/throws.png,10,46,16,16
keys/GOLDEN_SKELETON_KEY#0,1299,consum/throws.png,11,46,16,16
keys/GOLDEN_SKELETON_KEY#0,1300,consum/throws.png,12,46,16,16
misc/TRIDENT#0,1301,consum/throws.png,13,46,16,16
weapons/THROWING_HAMMER#0,1302,consum/throws.png,14,46,12,12
misc/FORCE_CUBE#0,1303,consum/throws.png,15,46,11,12
misc/MAGIC_HAND#0,1318,consum/throws.png,2,47,16,16
misc/SHIT_BALL#0,1325,consum/throws.png,9,47,16,16
foods/RICE_BALL#0,1326,consum/throws.png,10,47,16,16
keys/GOLDEN_SKELETON_KEY#0,1327,consum/throws.png,11,47,16,16
keys/GOLDEN_SKELETON_KEY#0,1328,consum/throws.png,12,47,16,16
misc/DOOR_BLOCK#0,1400,consum/throws.png,0,50,16,16
misc/SPS_WATER_BLOCK#0,1402,consum/throws.png,2,50,16,16
weapons/ROT_DART#0,1430,consum/throws.png,2,51,15,15
weapons/INCENDIARY_DART#0,1431,consum/throws.png,3,51,15,15
weapons/ADRENALINE_DART#0,1432,consum/throws.png,4,51,15,15
weapons/HEALING_DART#0,1433,consum/throws.png,5,51,15,15
weapons/CHILLING_DART#0,1434,consum/throws.png,6,51,15,15
weapons/SHOCKING_DART#0,1435,consum/throws.png,7,51,15,15
weapons/POISON_DART#0,1436,consum/throws.png,8,51,15,15
weapons/CLEANSING_DART#0,1437,consum/throws.png,9,51,15,15
weapons/PARALYTIC_DART#0,1438,consum/throws.png,10,51,15,15
weapons/HOLY_DART#0,1439,consum/throws.png,11,51,15,15
weapons/DISPLACING_DART#0,1440,consum/throws.png,12,51,15,15
weapons/BLINDING_DART#0,1441,consum/throws.png,13,51,15,15
stones/SEAL_SHARD#0,1456,consum/useful/corpse_relics.png,0,52,12,12
weapons/BROKEN_STAFF#0,1457,consum/useful/corpse_relics.png,1,52,14,10
misc/CLOAK_SCRAP#0,1458,consum/useful/corpse_relics.png,2,52,9,9
weapons/BOW_FRAGMENT#0,1459,consum/useful/corpse_relics.png,3,52,12,9
misc/BROKEN_HILT#0,1460,consum/useful/corpse_relics.png,4,52,9,9
documents/TORN_PAGE#0,1461,consum/useful/corpse_relics.png,5,52,11,13
keys/GOLDEN_SKELETON_KEY#0,1462,consum/useful/corpse_relics.png,6,52,16,16
keys/GOLDEN_SKELETON_KEY#0,1463,consum/useful/corpse_relics.png,7,52,16,16
misc/MASK#0,1484,consum/useful/process_enhance.png,0,53,11,9
misc/MASTERY#0,1485,consum/useful/process_enhance.png,1,53,13,16
misc/KIT#0,1486,consum/useful/process_enhance.png,2,53,16,15
keys/GOLDEN_SKELETON_KEY#0,1487,consum/useful/process_enhance.png,3,53,16,16
misc/CROWN#0,1512,consum/useful/process_enhance.png,0,54,13,7
documents/LEGACY_BRAVE_BOOK#0,1513,consum/useful/process_enhance.png,1,54,16,16
misc/ITEM_396#0,1540,consum/useful/useful.png,0,55,10,10
keys/GOLDEN_SKELETON_KEY#0,1541,consum/useful/useful.png,1,55,16,16
keys/GOLDEN_SKELETON_KEY#0,1542,consum/useful/useful.png,2,55,16,16
misc/BEACON#0,1543,consum/useful/useful.png,3,55,16,15
foods/HONEYPOT#0,1544,consum/useful/useful.png,4,55,14,12
misc/ITEM_396#0,1568,consum/useful/useful.png,0,56,10,10
keys/GOLDEN_SKELETON_KEY#0,1569,consum/useful/useful.png,1,56,16,16
keys/GOLDEN_SKELETON_KEY#0,1570,consum/useful/useful.png,2,56,16,16
foods/PET_FOOD#0,1572,consum/useful/useful.png,4,56,16,16
bags/SPS_KEY_RING#0,1600,equipment/bags.png,4,57,16,16
bags/SHOPPING_CART#0,1601,equipment/bags.png,5,57,16,16
bags/SPS_ARROW_COLLECTER#0,1602,equipment/bags.png,6,57,16,16
bags/HEART_OF_SCARECROW#0,1603,equipment/bags.png,7,57,16,16
keys/GOLDEN_SKELETON_KEY#0,1604,equipment/bags.png,8,57,16,16
misc/BACKPACK#0,1611,equipment/bags.png,15,57,16,16
armor/ARMOR_CLOTH#0,1624,equipment/equip/armor/basic_armor.png,0,58,15,12
armor/ARMOR_LEATHER#0,1625,equipment/equip/armor/basic_armor.png,1,58,14,13
armor/ARMOR_MAIL#0,1626,equipment/equip/armor/basic_armor.png,2,58,14,12
armor/ARMOR_SCALE#0,1627,equipment/equip/armor/basic_armor.png,3,58,14,11
keys/GOLDEN_SKELETON_KEY#0,1628,equipment/equip/armor/basic_armor.png,4,58,16,16
keys/GOLDEN_SKELETON_KEY#0,1629,equipment/equip/armor/basic_armor.png,5,58,16,16
armor/ARMOR_DUELIST#0,1635,equipment/equip/armor/basic_armor.png,11,58,12,13
armor/SPS_VEST_ARMOR#0,1680,equipment/equip/armor/basic_armor.png,0,60,16,16
armor/SPS_RUBBER_ARMOR#0,1681,equipment/equip/armor/basic_armor.png,1,60,16,16
armor/SPS_CD_ARMOR#0,1682,equipment/equip/armor/basic_armor.png,2,60,16,16
armor/SPS_STYROFOAM_ARMOR#0,1683,equipment/equip/armor/basic_armor.png,3,60,16,16
armor/SPS_PROTECTIVE_ARMOR#0,1684,equipment/equip/armor/basic_armor.png,4,60,16,16
armor/SPS_PHANTOM_ARMOR#0,1685,equipment/equip/armor/basic_armor.png,5,60,16,16
misc/SPECTACLES#0,1849,equipment/equip/armor/unique_armor.png,1,66,16,16
armor/SPS_BUNNY_ARMOR#0,1852,equipment/equip/armor/unique_armor.png,4,66,16,16
keys/GOLDEN_SKELETON_KEY#0,1853,equipment/equip/armor/unique_armor.png,5,66,16,16
weapons/WORN_SHORTSWORD#0,2072,equipment/equip/weapon/basic_weapon.png,0,74,13,13
foods/RAPIER#0,2073,equipment/equip/weapon/basic_weapon.png,1,74,13,14
misc/ITEM_237#0,2074,equipment/equip/weapon/basic_weapon.png,2,74,8,10
misc/ITEM_237#0,2075,equipment/equip/weapon/basic_weapon.png,3,74,8,10
weapons/QUARTERSTAFF#0,2083,equipment/equip/weapon/basic_weapon.png,11,74,16,16
weapons/SPS_WEP_CLUB#0,2084,equipment/equip/weapon/basic_weapon.png,12,74,16,16
misc/SPS_TEKKO_KAGI#0,2086,equipment/equip/weapon/basic_weapon.png,14,74,16,16
keys/GOLDEN_SKELETON_KEY#0,2087,equipment/equip/weapon/basic_weapon.png,15,74,16,16
weapons/SHORTSWORD#0,2100,equipment/equip/weapon/basic_weapon.png,0,75,13,13
weapons/HAND_AXE#0,2101,equipment/equip/weapon/basic_weapon.png,1,75,12,14
weapons/SPEAR#0,2102,equipment/equip/weapon/basic_weapon.png,2,75,16,16
weapons/SPS_WEP_SPEAR#0,2103,equipment/equip/weapon/basic_weapon.png,3,75,16,16
misc/DIRK#0,2104,equipment/equip/weapon/basic_weapon.png,4,75,13,14
misc/SICKLE#0,2105,equipment/equip/weapon/basic_weapon.png,5,75,15,15
weapons/LEGACY_WOODEN_STAFF#0,2112,equipment/equip/weapon/basic_weapon.png,12,75,16,16
misc/SHADOW_EATER#0,2119,equipment/equip/weapon/basic_weapon.png,19,75,16,16
misc/SPS_GOBLIN_SHIELD#0,2120,equipment/equip/weapon/basic_weapon.png,20,75,16,16
misc/SPS_NINJA_FAN#0,2121,equipment/equip/weapon/basic_weapon.png,21,75,16,16
misc/SPS_WHISK#0,2122,equipment/equip/weapon/basic_weapon.png,22,75,16,16
weapons/SWORD#0,2128,equipment/equip/weapon/basic_weapon.png,0,76,14,14
weapons/MACE#0,2129,equipment/equip/weapon/basic_weapon.png,1,76,15,15
misc/ROUND_SHIELD#0,2131,equipment/equip/weapon/basic_weapon.png,3,76,16,16
misc/SAI#0,2132,equipment/equip/weapon/basic_weapon.png,4,76,16,16
weapons/WHIP#0,2133,equipment/equip/weapon/basic_weapon.png,5,76,14,14
misc/SPS_WEP_HALBERD#0,2135,equipment/equip/weapon/basic_weapon.png,7,76,16,16
weapons/SPS_WEP_LANCE#0,2136,equipment/equip/weapon/basic_weapon.png,8,76,16,16
stones/SPS_STONE_CROSS#0,2137,equipment/equip/weapon/basic_weapon.png,9,76,16,16
stones/SPS_STONE_CROSS#0,2138,equipment/equip/weapon/basic_weapon.png,10,76,16,16
misc/SPS_LOLLIPOP#0,2140,equipment/equip/weapon/basic_weapon.png,12,76,16,16
misc/SJRB_MUSIC#0,2141,equipment/equip/weapon/basic_weapon.png,13,76,16,16
misc/SPS_EASTER_TREE#0,2144,equipment/equip/weapon/basic_weapon.png,16,76,16,16
weapons/DWARF_HAMMER#0,2145,equipment/equip/weapon/basic_weapon.png,17,76,16,16
foods/SPS_CALL_COCONUT#0,2146,equipment/equip/weapon/basic_weapon.png,18,76,16,16
weapons/SPS_SP_KNUCKLES#0,2148,equipment/equip/weapon/basic_weapon.png,20,76,16,16
misc/SPS_PUMPKIN#0,2149,equipment/equip/weapon/basic_weapon.png,21,76,16,16
misc/FIRE_CRACKER#0,2151,equipment/equip/weapon/basic_weapon.png,23,76,16,16
weapons/LONGSWORD#0,2156,equipment/equip/weapon/basic_weapon.png,0,77,15,15
weapons/BATTLE_AXE#0,2157,equipment/equip/weapon/basic_weapon.png,1,77,16,16
weapons/FLAIL#0,2158,equipment/equip/weapon/basic_weapon.png,2,77,14,14
weapons/ASSASSINS_BLADE#0,2160,equipment/equip/weapon/basic_weapon.png,4,77,14,15
weapons/GREATSWORD#0,2184,equipment/equip/weapon/basic_weapon.png,0,78,16,16
weapons/WAR_HAMMER#0,2185,equipment/equip/weapon/basic_weapon.png,1,78,16,16
weapons/GLAIVE#0,2186,equipment/equip/weapon/basic_weapon.png,2,78,16,16
misc/GAUNTLETS#0,2187,equipment/equip/weapon/basic_weapon.png,3,78,13,15
misc/GREATSHIELD#0,2188,equipment/equip/weapon/basic_weapon.png,4,78,12,16
misc/SPORK#0,2192,equipment/equip/weapon/basic_weapon.png,8,78,16,16
weapons/WAR_SCYTHE#0,2212,equipment/equip/weapon/basic_weapon.png,0,79,14,15
weapons/GREATAXE#0,2213,equipment/equip/weapon/basic_weapon.png,1,79,12,16
misc/NEPTUNUS_TRIDENT#0,2219,equipment/equip/weapon/basic_weapon.png,7,79,16,16
weapons/ARES_SWORD#0,2220,equipment/equip/weapon/basic_weapon.png,8,79,16,16
misc/JUPITERS_WRAITH#0,2221,equipment/equip/weapon/basic_weapon.png,9,79,16,16
weapons/CROM_CRUACH_AXE#0,2222,equipment/equip/weapon/basic_weapon.png,10,79,16,16
weapons/LOKIS_FLAIL#0,2223,equipment/equip/weapon/basic_weapon.png,11,79,16,16
weapons/CROSSBOW#0,2240,equipment/equip/weapon/basic_weapon.png,0,80,15,15
weapons/WOODEN_BOW#0,2247,equipment/equip/weapon/basic_weapon.png,7,80,16,16
stones/STONE_BOW#0,2248,equipment/equip/weapon/basic_weapon.png,8,80,16,16
weapons/METAL_BOW#0,2249,equipment/equip/weapon/basic_weapon.png,9,80,16,16
weapons/ALLOY_BOW#0,2250,equipment/equip/weapon/basic_weapon.png,10,80,16,16
weapons/PVC_BOW#0,2251,equipment/equip/weapon/basic_weapon.png,11,80,16,16
weapons/gun#0,2275,equipment/equip/weapon/basic_weapon.png,7,81,16,16
weapons/gun#1,2276,equipment/equip/weapon/basic_weapon.png,8,81,16,16
weapons/gun#2,2277,equipment/equip/weapon/basic_weapon.png,9,81,16,16
weapons/gun#3,2278,equipment/equip/weapon/basic_weapon.png,10,81,16,16
weapons/gun#4,2279,equipment/equip/weapon/basic_weapon.png,11,81,16,16
misc/HAND_CANNON#0,2280,equipment/equip/weapon/basic_weapon.png,12,81,16,16
misc/SLING#0,2281,equipment/equip/weapon/basic_weapon.png,13,81,16,16
weapons/BOMB#0,2296,equipment/equip/weapon/bomb.png,0,82,10,13
weapons/DBL_BOMB#0,2297,equipment/equip/weapon/bomb.png,1,82,14,13
keys/GOLDEN_SKELETON_KEY#0,2302,equipment/equip/weapon/bomb.png,6,82,16,16
keys/GOLDEN_SKELETON_KEY#0,2303,equipment/equip/weapon/bomb.png,7,82,16,16
misc/FLASHBANG#0,2324,equipment/equip/weapon/bomb.png,0,83,10,13
weapons/HOLY_BOMB#0,2325,equipment/equip/weapon/bomb.png,1,83,10,13
weapons/WOOLY_BOMB#0,2326,equipment/equip/weapon/bomb.png,2,83,10,13
misc/NOISEMAKER#0,2327,equipment/equip/weapon/bomb.png,3,83,10,13
weapons/ARCANE_BOMB#0,2328,equipment/equip/weapon/bomb.png,4,83,10,13
weapons/SHRAPNEL_BOMB#0,2329,equipment/equip/weapon/bomb.png,5,83,10,13
weapons/LIGHT_BOMB#0,2330,equipment/equip/weapon/bomb.png,6,83,16,16
weapons/FIRE_BOMB#0,2356,equipment/equip/weapon/bomb.png,4,84,13,12
weapons/FROST_BOMB#0,2357,equipment/equip/weapon/bomb.png,5,84,13,12
weapons/REGROWTH_BOMB#0,2358,equipment/equip/weapon/bomb.png,6,84,13,12
weapons/SMOKE_BOMB#0,2359,equipment/equip/weapon/bomb.png,7,84,13,12
weapons/LEGACY_LINK_SWORD#0,2380,equipment/equip/weapon/unique_weapon.png,0,85,16,16
misc/SPS_ELE_KATANA#0,2385,equipment/equip/weapon/unique_weapon.png,5,85,16,16
keys/GOLDEN_SKELETON_KEY#0,2388,equipment/equip/weapon/unique_weapon.png,8,85,16,16
weapons/LEGACY_HOLY_MACE#0,2408,equipment/equip/weapon/unique_weapon.png,0,86,16,16
weapons/LEGACY_DIAMOND_PICKAXE#0,2410,equipment/equip/weapon/unique_weapon.png,2,86,16,16
misc/TORCH#0,2411,equipment/equip/weapon/unique_weapon.png,3,86,12,15
misc/LEGACY_BOOMERANG#0,2520,equipment/equip/weapon/unique_weapon.png,0,90,16,16
weapons/SPIRIT_BOW#0,2521,equipment/equip/weapon/unique_weapon.png,1,90,16,16
weapons/SPS_TAURCEN_BOW#0,2522,equipment/equip/weapon/unique_weapon.png,2,90,16,16
misc/MANY_KNIVE#0,2523,equipment/equip/weapon/unique_weapon.png,3,90,16,16
weapons/SPS_ELF_BOW#0,2524,equipment/equip/weapon/unique_weapon.png,4,90,16,16
weapons/SPS_DEMON_BLADE#0,2525,equipment/equip/weapon/unique_weapon.png,5,90,16,16
wands/WAND_SPS_MAGIC_MISSILE#0,2526,equipment/equip/weapon/unique_weapon.png,6,90,16,16
misc/LEGACY_BULLET#0,2527,equipment/equip/weapon/unique_weapon.png,7,90,16,16
weapons/LEGACY_SOLDIER_AMMO#0,2528,equipment/equip/weapon/unique_weapon.png,8,90,16,16
wands/WAND_FLOW#0,2529,equipment/equip/weapon/unique_weapon.png,9,90,16,16
misc/LEGACY_TIME_OCLOCK#0,2552,equipment/jewellery/artifact.png,4,91,16,16
artifacts/horn#2,2558,equipment/jewellery/artifact.png,10,91,15,15
artifacts/ARTIFACT_KEY#0,2567,equipment/jewellery/artifact.png,19,91,8,16
artifacts/ARTIFACT_BEACON#0,2579,equipment/jewellery/artifact.png,3,92,16,16
misc/SPS_ROBOT_HEART#0,2581,equipment/jewellery/artifact.png,5,92,16,16
artifacts/ARTIFACT_ICE_EYE#0,2582,equipment/jewellery/artifact.png,6,92,16,16
artifacts/SPS_GLASS_TOTEM#0,2583,equipment/jewellery/artifact.png,7,92,16,16
misc/LEGACY_ALIEN_BAG#0,2584,equipment/jewellery/artifact.png,8,92,16,16
keys/GOLDEN_SKELETON_KEY#0,2587,equipment/jewellery/artifact.png,11,92,16,16
keys/GOLDEN_SKELETON_KEY#0,2588,equipment/jewellery/artifact.png,12,92,16,16
misc/CURSE_PHONE#0,2632,equipment/jewellery/artifact.png,0,94,16,16
misc/LING_HEART#0,2633,equipment/jewellery/artifact.png,1,94,16,16
misc/FOUR_CLOVER#0,2636,equipment/jewellery/artifact.png,4,94,16,16
potions/AUTO_POTION#0,2637,equipment/jewellery/artifact.png,5,94,16,16
artifacts/NOOMLIN_CROWN#0,2638,equipment/jewellery/artifact.png,6,94,16,16
misc/ITEM_237#0,2660,equipment/jewellery/ring.png,0,95,8,10
misc/ITEM_237#0,2661,equipment/jewellery/ring.png,1,95,8,10
rings/RING_ELEMENTS#0,2662,equipment/jewellery/ring.png,2,95,8,10
rings/RING_ENERGY#0,2663,equipment/jewellery/ring.png,3,95,8,10
rings/RING_ONYX#0,2664,equipment/jewellery/ring.png,4,95,8,10
rings/RING_FORCE#0,2665,equipment/jewellery/ring.png,5,95,8,10
rings/RING_FUROR#0,2666,equipment/jewellery/ring.png,6,95,8,10
rings/RING_SAPPHIRE#0,2667,equipment/jewellery/ring.png,7,95,8,10
rings/RING_MIGHT#0,2668,equipment/jewellery/ring.png,8,95,8,10
rings/RING_SHARPSHOOT#0,2669,equipment/jewellery/ring.png,9,95,8,10
rings/RING_TENACITY#0,2670,equipment/jewellery/ring.png,10,95,8,10
keys/GOLDEN_SKELETON_KEY#0,2671,equipment/jewellery/ring.png,11,95,16,16
keys/GOLDEN_SKELETON_KEY#0,2672,equipment/jewellery/ring.png,12,95,16,16
artifacts/LEGACY_ATTACK_SHOES#0,2744,equipment/non_equip.png,0,98,16,16
misc/SPS_ANKH_SHIELD#0,2745,equipment/non_equip.png,1,98,16,16
foods/MUSHROOM#0,2746,equipment/non_equip.png,2,98,16,16
foods/HONEY_GEL#0,2753,equipment/non_equip.png,9,98,16,16
foods/GEL#0,2755,equipment/non_equip.png,11,98,16,16
misc/SPS_POCKET_BALL_FULL#0,2758,equipment/non_equip.png,14,98,16,16
misc/WOODEN_SHIELD#0,2772,equipment/non_equip.png,0,99,16,16
misc/MIX_BOTTLE#0,2773,equipment/non_equip.png,1,99,16,16
misc/LEGACY_SHOVEL#0,2774,equipment/non_equip.png,2,99,16,16
weapons/LEGACY_SOLDIER_GUN#0,2775,equipment/non_equip.png,3,99,16,16
misc/LEGACY_ATTACK_SHIELD#0,2777,equipment/non_equip.png,5,99,16,16
misc/LEGACY_BIG_BATTERY#0,2779,equipment/non_equip.png,7,99,16,16
misc/LEGACY_B_SHOVEL#0,2780,equipment/non_equip.png,8,99,16,16
misc/CURSE_BLOOD#0,2786,equipment/non_equip.png,14,99,16,16
misc/SPS_GNOLL_MARK#0,2787,equipment/non_equip.png,15,99,16,16
misc/SPS_FLAG#0,2801,equipment/non_equip.png,1,100,16,16
misc/SPS_DICE_TOWER#0,2802,equipment/non_equip.png,2,100,16,16
misc/SPS_MECH_POCKET#0,2803,equipment/non_equip.png,3,100,16,16
misc/SPS_PPC#0,2804,equipment/non_equip.png,4,100,16,16
misc/ITEM_380#0,2807,equipment/non_equip.png,7,100,12,13
misc/SPS_SERIOUS_PUNCH#0,2808,equipment/non_equip.png,8,100,16,16
documents/SPS_NEED_PAPER#0,2809,equipment/non_equip.png,9,100,16,16
misc/SPS_PPC2#0,2810,equipment/non_equip.png,10,100,16,16
keys/GOLDEN_SKELETON_KEY#0,2828,equipment/non_equip.png,0,101,16,16
misc/ITEM_396#0,2831,equipment/non_equip.png,3,101,10,10
misc/ITEM_380#0,2835,equipment/non_equip.png,7,101,12,13
documents/SPS_REWARD_PAPER#0,2859,equipment/non_equip.png,3,102,16,16
documents/SPS_UNDEAD_BOOK#0,2885,equipment/non_equip.png,1,103,16,16
documents/LEGACY_BRAVE_BOOK#0,2886,equipment/non_equip.png,2,103,16,16
documents/SPS_REWARD_PAPER#0,2887,equipment/non_equip.png,3,103,16,16
misc/ELEVATOR#0,2899,equipment/non_equip.png,15,103,16,16
armor/SPS_LIFE_ARMOR#0,2919,equipment/non_equip.png,7,104,16,16
misc/SPYGLASS#0,2927,equipment/non_equip.png,15,104,15,15
misc/RAT_SKULL#0,2940,equipment/non_equip.png,0,105,16,11
misc/PARCHMENT_SCRAP#0,2941,equipment/non_equip.png,1,105,10,14
seeds/PETRIFIED_SEED#0,2942,equipment/non_equip.png,2,105,9,9
stones/EXOTIC_CRYSTALS#0,2943,equipment/non_equip.png,3,105,15,13
misc/MOSSY_CLUMP#0,2944,equipment/non_equip.png,4,105,12,11
misc/SUNDIAL#0,2945,equipment/non_equip.png,5,105,16,12
misc/CLOVER#0,2946,equipment/non_equip.png,6,105,11,15
misc/TRAP_MECHANISM#0,2947,equipment/non_equip.png,7,105,13,15
misc/MIMIC_TOOTH#0,2948,equipment/non_equip.png,8,105,8,15
misc/WONDROUS_RESIN#0,2949,equipment/non_equip.png,9,105,12,11
misc/EYE_OF_NEWT#0,2950,equipment/non_equip.png,10,105,12,12
misc/SALT_CUBE#0,2951,equipment/non_equip.png,11,105,12,13
misc/BLOOD_VIAL#0,2952,equipment/non_equip.png,12,105,6,15
stones/OBLIVION_SHARD#0,2953,equipment/non_equip.png,13,105,7,14
misc/CHAOTIC_CENSER#0,2954,equipment/non_equip.png,14,105,13,15
misc/FERRET_TUFT#0,2955,equipment/non_equip.png,15,105,16,15
wands/WAND_FIREBOLT#0,2969,equipment/wand/basic_wand.png,1,106,14,14
wands/WAND_DISINTEGRATION#0,2972,equipment/wand/basic_wand.png,4,106,14,14
wands/WAND_PRISMATIC_LIGHT#0,2973,equipment/wand/basic_wand.png,5,106,14,14
wands/WAND_WARDING#0,2974,equipment/wand/basic_wand.png,6,106,14,14
wands/WAND_REGROWTH#0,2975,equipment/wand/basic_wand.png,7,106,14,14
keys/GOLDEN_SKELETON_KEY#0,2976,equipment/wand/basic_wand.png,8,106,16,16
wands/WAND_TRANSFUSION#0,2997,equipment/wand/basic_wand.png,1,107,14,14
wands/WAND_LIVING_EARTH#0,2999,equipment/wand/basic_wand.png,3,107,14,14
wands/WAND_BLAST_WAVE#0,3000,equipment/wand/basic_wand.png,4,107,14,14
wands/WAND_CORRUPTION#0,3001,equipment/wand/basic_wand.png,5,107,14,14
misc/ITEM_236#0,3008,equipment/wand/basic_wand.png,12,107,8,10
keys/GOLDEN_SKELETON_KEY#0,3024,equipment/wand/unique_wand.png,0,108,16,16
keys/GOLDEN_SKELETON_KEY#0,3025,equipment/wand/unique_wand.png,1,108,16,16
keys/GOLDEN_SKELETON_KEY#0,3084,ground/functional_falling.png,4,110,16,16
keys/GOLDEN_SKELETON_KEY#0,3085,ground/functional_falling.png,5,110,16,16
misc/PETAL#0,3108,ground/functional_falling.png,0,111,8,8
misc/SANDBAG#0,3109,ground/functional_falling.png,1,111,10,10
weapons/SPIRIT_ARROW#0,3110,ground/functional_falling.png,2,111,11,11
weapons/TENGU_BOMB#0,3111,ground/functional_falling.png,3,111,10,10
misc/TENGU_SHOCKER#0,3112,ground/functional_falling.png,4,111,10,10
keys/GOLDEN_SKELETON_KEY#0,3137,ground/grounding_items.png,1,112,16,16
keys/GOLDEN_SKELETON_KEY#0,3138,ground/grounding_items.png,2,112,16,16
misc/CHEST#0,3142,ground/grounding_items.png,6,112,16,14
misc/LOCKED_CHEST#0,3143,ground/grounding_items.png,7,112,16,14
stones/CRYSTAL_CHEST#0,3144,ground/grounding_items.png,8,112,16,14
misc/EBONY_CHEST#0,3145,ground/grounding_items.png,9,112,16,14
misc/E_DUST#0,3220,ground/grounding_items.png,0,115,16,16
misc/GEO_BOULDER#0,3248,ground/rock.png,0,116,16,15
keys/GOLDEN_SKELETON_KEY#0,3281,item_icons.png,5,117,16,16
keys/GOLDEN_SKELETON_KEY#0,3282,item_icons.png,6,117,16,16
misc/GOLD#0,3444,specific/currency.png,0,123,15,13
misc/ENERGY#0,3445,specific/currency.png,1,123,16,16
keys/GOLDEN_SKELETON_KEY#0,3446,specific/currency.png,2,123,16,16
misc/ITEM_237#0,3500,specific/key.png,0,125,8,10
misc/ITEM_237#0,3501,specific/key.png,1,125,8,10
misc/ITEM_237#0,3528,specific/key.png,0,126,8,10
misc/ITEM_237#0,3529,specific/key.png,1,126,8,10
keys/WORN_KEY#0,3530,specific/key.png,2,126,8,14
stones/CRYSTAL_KEY#0,3531,specific/key.png,3,126,8,14
misc/ITEM_687#0,3556,specific/pages.png,0,127,16,16
documents/ALCH_PAGE#0,3557,specific/pages.png,1,127,10,11
documents/SEWER_PAGE#0,3558,specific/pages.png,2,127,10,11
documents/PRISON_PAGE#0,3559,specific/pages.png,3,127,10,11
documents/CAVES_PAGE#0,3560,specific/pages.png,4,127,10,11
documents/CITY_PAGE#0,3561,specific/pages.png,5,127,10,11
keys/GOLDEN_SKELETON_KEY#0,3562,specific/pages.png,6,127,16,16
keys/GOLDEN_SKELETON_KEY#0,3563,specific/pages.png,7,127,16,16
wands/WAND_HOLDER#0,3727,specific/place_holder.png,3,133,14,14
artifacts/ARTIFACT_HOLDER#0,3728,specific/place_holder.png,4,133,15,15
misc/TRINKET_HOLDER#0,3729,specific/place_holder.png,5,133,16,11
documents/SCROLL_HOLDER#0,3732,specific/place_holder.png,8,133,15,14
keys/GOLDEN_SKELETON_KEY#0,3733,specific/place_holder.png,9,133,16,16
keys/GOLDEN_SKELETON_KEY#0,3734,specific/place_holder.png,10,133,16,16
misc/MOB_HOLDER#0,3737,specific/place_holder.png,13,133,15,14
misc/SOMETHING#0,3752,specific/place_holder.png,0,134,8,13
rings/RING_HOLDER#0,3756,specific/place_holder.png,4,134,8,10
foods/FOOD_HOLDER#0,3758,specific/place_holder.png,6,134,15,11
stones/STONE_HOLDER#0,3760,specific/place_holder.png,8,134,14,12
seeds/SEED_HOLDER#0,3761,specific/place_holder.png,9,134,10,10
potions/ELIXIR_HOLDER#0,3788,specific/place_holder.png,8,135,12,14
misc/SPELL_HOLDER#0,3789,specific/place_holder.png,9,135,8,16
documents/DOCUMENT_HOLDER#0,3808,specific/place_holder.png,0,136,10,11
misc/ACCESSORY_HOLDER#0,3812,specific/place_holder.png,4,136,16,16
misc/TRINKET_CATA#0,3836,specific/task.png,0,137,12,11
misc/CANDLE#0,3838,specific/task.png,2,137,12,12
foods/RICE_BALL#0,3839,specific/task.png,3,137,16,16
keys/GOLDEN_SKELETON_KEY#0,3840,specific/task.png,4,137,16,16
keys/GOLDEN_SKELETON_KEY#0,3841,specific/task.png,5,137,16,16
misc/PUDDING_CUP#0,3849,specific/task.png,13,137,16,16
weapons/PICKAXE#0,3864,specific/task.png,0,138,14,14
misc/ORE#0,3865,specific/task.png,1,138,15,15
misc/TOKEN#0,3866,specific/task.png,2,138,12,12
misc/EMBER#0,3867,specific/task.png,3,138,12,11
misc/AMULET#0,3877,specific/task.png,13,138,16,16
misc/SEWER_CHALLENGE#0,3895,specific/task.png,3,139,16,16
misc/CAVE_CHALLENGE#0,3897,specific/task.png,5,139,16,16
keys/POT_KEY#0,3899,specific/task.png,7,139,16,16
weapons/TENGU_SWORD#0,3900,specific/task.png,8,139,16,16
