atlas,col,row,w,h,old_id,new_id,en_id
consum/food/food.png,0,0,14,11,,foods/SMALL_RATION_PACK,consum_food_food/SMALL_RATION_PACK
consum/food/food.png,1,0,16,12,,foods/RATION_PACK,consum_food_food/RATION_PACK
consum/food/food.png,2,0,16,11,,foods/MEAR_PIE,consum_food_food/MEAR_PIE
consum/food/food.png,3,0,16,12,,foods/WHOLE_MEAT_PANCAKE,consum_food_food/WHOLE_MEAT_PANCAKE
consum/food/food.png,4,0,14,11,,精制米饭,consum_food_food/RICE_FOOD
consum/food/food.png,5,0,12,11,,米粥,consum_food_food/RICE_GRUEL
consum/food/food.png,6,0,14,11,,foods/PUMPKIN_PIE,consum_food_food/PUMPKIN_PIE
consum/food/food.png,7,0,15,12,,foods/PIZZA,consum_food_food/PIZZA
consum/food/food.png,8,0,14,12,,月饼,consum_food_food/MOON_CAKE
consum/food/food.png,9,0,16,14,,巨无霸汉堡,consum_food_food/HAMBURGER
consum/food/food.png,10,0,14,9,,丰盛一餐,consum_food_food/HEARTY_MEAL
consum/food/food.png,11,0,14,16,,小笼包,consum_food_food/SOUP_DUMPLING
consum/food/food.png,12,0,14,11,,黏液饭,consum_food_food/SLIME_RICE
consum/food/food.png,13,0,14,11,,帕秋莉馅饼,consum_food_food/PATCHOULI_PIE
consum/food/food.png,14,0,14,16,,暑假作业,consum_food_food/SUMMER_HOMEWORK
consum/food/food.png,15,0,16,15,,三明治,consum_food_food/SANDWICH
consum/food/food.png,16,0,16,11,,骨头汤,consum_food_food/BONE_SOUP
consum/food/food.png,17,0,16,12,,蔬菜汤,consum_food_food/VEGETABLE_SOUP
consum/food/food.png,18,0,10,10,,生坚果,consum_food_food/RAW_NUT
consum/food/food.png,19,0,12,13,,薯条,consum_food_food/FRENCH_FRIES
consum/food/food.png,0,1,16,14,,不思议饭团,consum_food_food/AFLY_FOOD
consum/food/food.png,1,1,14,13,,完美一餐,consum_food_food/PERFECT_MEAL
consum/food/food.png,2,1,16,15,,意大利面,consum_food_food/SPAGHETTI
consum/food/food.png,3,1,14,13,,粽子,consum_food_food/ZONGZI
consum/food/food.png,4,1,16,12,foods/STEAMED_FISH#0,foods/STEAMED_FISH#0,consum_food_food/STEAMED_FISH#0
consum/food/food.png,5,1,16,12,foods/FISH_LEFTOVER#0,foods/FISH_LEFTOVER#0,consum_food_food/FISH_LEFTOVER#0
consum/food/food.png,6,1,12,14,foods/EASTER_EGG#0,foods/EASTER_EGG#0,consum_food_food/EASTER_EGG#0
consum/food/food.png,7,1,14,13,,生日蛋糕,consum_food_food/BIRTHDAY_CAKE
consum/food/food.png,8,1,14,13,,节日蛋糕,consum_food_food/HOLIDAY_CAKE
consum/food/food.png,0,2,16,16,,烧鸡 Braised Chicken,consum_food_food/BRAISED_CHICKEN
consum/food/food.png,1,2,16,16,foods/SPS_TURKEY_MEAT#0,,consum_food_food/SPS_TURKEY_MEAT#0
consum/food/food.png,2,2,12,15,,椒盐鸡块,consum_food_food/CHICKENNUGGET
consum/food/food.png,3,2,14,12,,鸡肉卷,consum_food_food/CHICKEN_WRAP
consum/food/food.png,4,2,12,12,,烤肉串,consum_food_food/KEBAB
consum/food/food.png,0,3,16,15,,坚果饼干,consum_food_food/NUT_COOKIE
consum/food/food.png,1,3,11,14,,复活节彩蛋,consum_food_food/EASTER_EGG_CANDY
consum/food/food.png,2,3,13,16,foods/CANDY_CANE#0,,consum_food_food/CANDY_CANE#0
consum/food/food.png,3,3,15,10,,水果硬糖,consum_food_food/FRUIT_CANDY
consum/food/food.png,4,3,12,12,,巧克力,consum_food_food/CHOCOLATE
consum/food/food.png,5,3,13,15,,水果奶昔,consum_food_food/FRUIT_SMOOTHIE
consum/food/food.png,6,3,12,14,,调制汽水,consum_food_food/MIXED_SODA
consum/food/food.png,7,3,7,16,potions/SPARKLING_POTION#0,,consum_food_food/SPARKLING_POTION#0
consum/food/food.png,8,3,12,14,potions/RAINBOW_POTION#0,,consum_food_food/RAINBOW_POTION#0
consum/food/food.png,0,4,12,15,,鸡尾酒,consum_food_food/COCKTAIL
consum/food/food.png,1,4,9,13,,柠檬水,consum_food_food/LEMONADE
consum/food/food.png,2,4,7,14,,矿泉水,consum_food_food/MINERAL_WATER
consum/food/food.png,3,4,9,9,,雄黄酒,consum_food_food/REALGAR_WINE
consum/food/food.png,4,4,12,14,,泡腾片汽水,consum_food_food/EFFERVESCENT_SODA
consum/food/food.png,0,5,9,13,,罐装蜂蜜,consum_food_food/CANNED_HONEY
consum/food/food.png,1,5,10,12,,稀释蜂蜜,consum_food_food/DILUTED_HONEY
consum/food/food.png,2,5,14,11,,蜂蜜拌饭,consum_food_food/HONEY_RICE
consum/food/food.png,3,5,13,16,,冰雪盛宴,consum_food_food/ICECREAM
consum/food/food.png,4,5,15,11,,蜜汁烤肉,consum_food_food/HONEY_ROAST_MEAT
consum/food/food.png,5,5,16,14,,坚果蛋糕,consum_food_food/NUT_CAKE
consum/food/food.png,0,6,15,11,,生肉,consum_food_food/MEAT
consum/food/food.png,1,6,15,11,,怪物肉,consum_food_food/MONSTER_MEAT
consum/food/food.png,2,6,15,11,,冷冻肉,consum_food_food/FROZEN_MEAT
consum/food/food.png,3,6,15,11,misc/STEWED#0,炖肉,consum_food_food/STEWED_MEAT
consum/food/food.png,4,6,15,11,,烤肉,consum_food_food/ROAST_MEAT
consum/food/food.png,5,6,15,11,,草药酱肉,consum_food_food/HERB_SAUCED_MEAT
consum/food/food.png,6,6,15,11,foods/PHANTOM_MEAT#0,幻影鱼肉,consum_food_food/PHANTOM_MEAT
consum/food/food.png,0,7,12,13,,粉色浆果,consum_food_food/BLACKBERRY
consum/food/food.png,1,7,12,13,,红色浆果,consum_food_food/CLOUDBERRY
consum/food/food.png,2,7,12,13,,蓝色浆果,consum_food_food/BLUEBERRY
consum/food/food.png,3,7,12,13,,青色浆果,consum_food_food/MOONBERRY
consum/food/food.png,4,7,12,13,,满月浆果,consum_food_food/FULLMOONBERRY
consum/food/food.png,0,8,9,12,foods/BLANDFRUIT#0,无味果,consum_food_food/BLANDFRUIT
consum/food/food.png,1,8,14,6,misc/BLAND_CHUNKS#0,无味果碎块,consum_food_food/BLAND_CHUNKS
consum/food/food.png,0,10,14,9,,粉砖,consum_food_food/PINK_BRICK
consum/food/food.png,1,10,12,7,,粉色小鱼,consum_food_food/PINK_FISH
consum/food/food.png,2,10,12,7,,蓝色小鱼,consum_food_food/BLUE_FISH
consum/food/food.png,15,10,10,15,,误放入，不要管他,-
consum/food/food.png,16,10,15,15,,滑稽脸寄生虫,consum_food_food/FUNNY_PARASITE
consum/food/food.png,17,10,10,13,,草莓,consum_food_food/STRAWBERRY
consum/food/food.png,18,10,14,14,,樱桃,consum_food_food/CHERRY
consum/food/food.png,19,10,13,14,,作者坚果,consum_food_food/AUTHOR_NUT
consum/goods_materials/goods.png,0,0,16,11,misc/RAT_SKULL#0,,consum_goods_materials_goods/RAT_SKULL#0
consum/goods_materials/goods.png,1,0,15,15,,试管玫瑰,consum_goods_materials_goods/BOTTLE_FLOWER
consum/goods_materials/goods.png,2,0,14,12,,白袜,consum_goods_materials_goods/WHITE_SOCK
consum/goods_materials/goods.png,3,0,14,14,,实验体,consum_goods_materials_goods/TEST_SUBJECT
consum/goods_materials/goods.png,4,0,9,12,,传单,consum_goods_materials_goods/FLYER
consum/goods_materials/goods.png,5,0,12,12,,坏掉的弩,consum_goods_materials_goods/BROKEN_CROSSBOW
consum/goods_materials/goods.png,6,0,12,9,,SWITCH游戏机,consum_goods_materials_goods/SWITCH_CONSOLE
consum/goods_materials/goods.png,7,0,12,13,,外部的测试代码,consum_goods_materials_goods/EXTERNAL_TEST_CODE
consum/goods_materials/goods.png,8,0,16,14,,错误影像,consum_goods_materials_goods/ERROR_IMAGE
consum/goods_materials/goods.png,9,0,10,14,,发芽奖杯,consum_goods_materials_goods/SPROUTING_TROPHY
consum/goods_materials/goods.png,10,0,16,13,,专属珍藏,consum_goods_materials_goods/EXCLUSIVE_COLLECTION
consum/goods_materials/goods.png,11,0,12,12,,损坏试剂,consum_goods_materials_goods/BROKEN_REAGENT
consum/goods_materials/goods.png,12,0,12,13,,瓶中火焰,consum_goods_materials_goods/FLAME_IN_BOTTLE
consum/goods_materials/goods.png,13,0,14,10,,发芽的哑铃,consum_goods_materials_goods/UNCLE_DUMBBELL
consum/goods_materials/goods.png,14,0,12,15,,蜂鸟开瓶器,consum_goods_materials_goods/HUMMINGBIRD_OPENER
consum/goods_materials/goods.png,15,0,12,12,,发霉的甜甜圈,consum_goods_materials_goods/MOLDY_DONUT
consum/goods_materials/goods.png,0,1,12,13,,木鱼,consum_goods_materials_goods/WOODEN_FISH
consum/goods_materials/goods.png,1,1,12,11,,大地结晶,consum_goods_materials_goods/EARTH_CRYSTAL
consum/goods_materials/goods.png,2,1,16,14,,蓝猫的测试代码,consum_goods_materials_goods/BLUE_CAT_TEST_CODE
consum/goods_materials/goods.png,3,1,12,12,,红色鬼魂,consum_goods_materials_goods/RED_GHOST
consum/goods_materials/goods.png,4,1,14,14,,七彩斧刃,consum_goods_materials_goods/RAINBOW_AXE_BLADE
consum/goods_materials/goods.png,5,1,15,15,,兔头玩偶,consum_goods_materials_goods/RABBIT_HEAD_DOLL
consum/goods_materials/goods.png,6,1,16,15,,七彩花束,consum_goods_materials_goods/RAINBOW_BOUQUET
consum/goods_materials/goods.png,7,1,16,12,,电视机里的幽魂,consum_goods_materials_goods/TV_GHOST
consum/goods_materials/goods.png,0,5,16,16,,跳舞小人#0,consum_goods_materials_goods/DANCING_FIGURE#0
consum/goods_materials/goods.png,1,5,16,16,,跳舞小人#1,consum_goods_materials_goods/DANCING_FIGURE#1
consum/goods_materials/goods.png,2,5,16,16,,跳舞小人#2,consum_goods_materials_goods/DANCING_FIGURE#2
consum/goods_materials/goods.png,3,5,16,16,,跳舞小人#3,consum_goods_materials_goods/DANCING_FIGURE#3
consum/goods_materials/materials.png,0,0,8,10,,无色原石,consum_goods_materials_materials/COLORLESS_ORE
consum/goods_materials/materials.png,1,0,10,10,,绿色诺恩矿,consum_goods_materials_materials/GREEN_NORN_ORE
consum/goods_materials/materials.png,2,0,8,10,,蓝色诺恩矿,consum_goods_materials_materials/BLUE_NORN_ORE
consum/goods_materials/materials.png,3,0,10,10,,橙色诺恩矿,consum_goods_materials_materials/ORANGE_NORN_ORE
consum/goods_materials/materials.png,4,0,8,10,,紫色诺恩矿,consum_goods_materials_materials/PURPLE_NORN_ORE
consum/goods_materials/materials.png,5,0,11,9,,黄色诺恩矿,consum_goods_materials_materials/YELLOW_NORN_ORE
consum/goods_materials/materials.png,0,1,16,16,misc/ADAMANT_WEAPON#0,武器焊接元件,consum_goods_materials_materials/WEAPON_WELD_PART
consum/goods_materials/materials.png,1,1,16,14,,盔甲焊接元件,consum_goods_materials_materials/ARMOR_WELD_PART
consum/goods_materials/materials.png,2,1,14,14,,法杖焊接元件,consum_goods_materials_materials/WAND_WELD_PART
consum/goods_materials/materials.png,3,1,8,10,,戒指焊接元件,consum_goods_materials_materials/RING_WELD_PART
consum/goods_materials/materials.png,0,3,12,14,,废料,consum_goods_materials_materials/SCRAP
consum/goods_materials/materials.png,1,3,10,9,misc/BLOB#0,,consum_goods_materials_materials/BLOB#0
consum/goods_materials/materials.png,2,3,8,10,stones/SHARD#0,,consum_goods_materials_materials/SHARD#0
consum/goods_materials/materials.png,3,3,8,16,misc/ESCAPE#0,,consum_goods_materials_materials/ESCAPE#0
consum/goods_materials/materials.png,4,3,10,16,misc/STATUE#0,,consum_goods_materials_materials/STATUE#0
consum/potion_seed/basic_potion.png,0,0,12,14,potions/POTION_CRIMSON#0,,consum_potion_seed_basic_potion/POTION_CRIMSON#0
consum/potion_seed/basic_potion.png,1,0,12,14,potions/POTION_HEALING#0,,consum_potion_seed_basic_potion/POTION_HEALING#0
consum/potion_seed/basic_potion.png,2,0,12,14,potions/POTION_MINDVIS#0,,consum_potion_seed_basic_potion/POTION_MINDVIS#0
consum/potion_seed/basic_potion.png,3,0,12,14,potions/POTION_JADE#0,,consum_potion_seed_basic_potion/POTION_JADE#0
consum/potion_seed/basic_potion.png,4,0,12,14,potions/POTION_TURQUOISE#0,,consum_potion_seed_basic_potion/POTION_TURQUOISE#0
consum/potion_seed/basic_potion.png,5,0,12,14,potions/POTION_AZURE#0,,consum_potion_seed_basic_potion/POTION_AZURE#0
consum/potion_seed/basic_potion.png,6,0,12,14,potions/POTION_INDIGO#0,,consum_potion_seed_basic_potion/POTION_INDIGO#0
consum/potion_seed/basic_potion.png,7,0,12,14,potions/POTION_INVIS#0,,consum_potion_seed_basic_potion/POTION_INVIS#0
consum/potion_seed/basic_potion.png,8,0,12,14,potions/POTION_BISTRE#0,,consum_potion_seed_basic_potion/POTION_BISTRE#0
consum/potion_seed/basic_potion.png,9,0,12,14,potions/POTION_CHARCOAL#0,,consum_potion_seed_basic_potion/POTION_CHARCOAL#0
consum/potion_seed/basic_potion.png,10,0,12,14,potions/POTION_SILVER#0,,consum_potion_seed_basic_potion/POTION_SILVER#0
consum/potion_seed/basic_potion.png,11,0,12,14,potions/POTION_EXP#0,,consum_potion_seed_basic_potion/POTION_EXP#0
consum/potion_seed/basic_potion.png,12,0,8,15,misc/LIQUID_METAL#0,,consum_potion_seed_basic_potion/LIQUID_METAL#0
consum/potion_seed/basic_potion.png,15,0,9,12,,力量之瓶,consum_potion_seed_basic_potion/STRENGTH_BOTTLE
consum/potion_seed/basic_potion.png,0,1,12,13,potions/POTION_MASTERY#0,,consum_potion_seed_basic_potion/POTION_MASTERY#0
consum/potion_seed/basic_potion.png,1,1,12,13,potions/POTION_SHIELDING#0,,consum_potion_seed_basic_potion/POTION_SHIELDING#0
consum/potion_seed/basic_potion.png,2,1,12,13,potions/POTION_MAGISIGHT#0,,consum_potion_seed_basic_potion/POTION_MAGISIGHT#0
consum/potion_seed/basic_potion.png,3,1,12,13,potions/POTION_SNAPFREEZ#0,,consum_potion_seed_basic_potion/POTION_SNAPFREEZ#0
consum/potion_seed/basic_potion.png,4,1,12,13,misc/EXOTIC_TURQUOISE#0,,consum_potion_seed_basic_potion/EXOTIC_TURQUOISE#0
consum/potion_seed/basic_potion.png,5,1,12,13,potions/POTION_CORROGAS#0,,consum_potion_seed_basic_potion/POTION_CORROGAS#0
consum/potion_seed/basic_potion.png,6,1,12,13,potions/POTION_STAMINA#0,,consum_potion_seed_basic_potion/POTION_STAMINA#0
consum/potion_seed/basic_potion.png,7,1,12,13,potions/POTION_SHROUDFOG#0,,consum_potion_seed_basic_potion/POTION_SHROUDFOG#0
consum/potion_seed/basic_potion.png,8,1,12,13,misc/EXOTIC_BISTRE#0,,consum_potion_seed_basic_potion/EXOTIC_BISTRE#0
consum/potion_seed/basic_potion.png,9,1,12,13,potions/POTION_EARTHARMR#0,,consum_potion_seed_basic_potion/POTION_EARTHARMR#0
consum/potion_seed/basic_potion.png,10,1,12,13,potions/POTION_CLEANSE#0,,consum_potion_seed_basic_potion/POTION_CLEANSE#0
consum/potion_seed/basic_potion.png,11,1,12,13,misc/EXOTIC_IVORY#0,,consum_potion_seed_basic_potion/EXOTIC_IVORY#0
consum/potion_seed/basic_potion.png,12,1,11,13,potions/BREW_UNSTABLE#0,,consum_potion_seed_basic_potion/BREW_UNSTABLE#0
consum/potion_seed/basic_potion.png,15,1,6,15,,炼金融焊剂,consum_potion_seed_basic_potion/ALCHEMY_FLUX
consum/potion_seed/basic_potion.png,0,2,12,13,,火磷果,consum_potion_seed_basic_potion/FIRE_PHOSPHORUS_FRUIT
consum/potion_seed/basic_potion.png,1,2,16,15,,地裂果,consum_potion_seed_basic_potion/EARTH_RIFT_FRUIT
consum/potion_seed/basic_potion.png,2,2,12,9,,露菌孢,consum_potion_seed_basic_potion/DEW_FUNGUS_SPORE
consum/potion_seed/basic_potion.png,3,2,11,12,,毒蘑菇,consum_potion_seed_basic_potion/POISON_MUSHROOM
consum/potion_seed/basic_potion.png,4,2,11,12,,单色块,consum_potion_seed_basic_potion/MONOCHROME_BLOCK
consum/potion_seed/basic_potion.png,5,2,12,11,,致死菌,consum_potion_seed_basic_potion/LETHAL_FUNGUS
consum/potion_seed/basic_potion.png,6,2,12,12,,蓝帽伞,consum_potion_seed_basic_potion/BLUE_CAP_MUSHROOM
consum/potion_seed/basic_potion.png,7,2,11,11,,药丸,consum_potion_seed_basic_potion/PILL
consum/potion_seed/basic_potion.png,3,3,11,13,potions/BREW_INFERNAL#0,,consum_potion_seed_basic_potion/BREW_INFERNAL#0
consum/potion_seed/basic_potion.png,4,3,11,13,potions/BREW_BLIZZARD#0,,consum_potion_seed_basic_potion/BREW_BLIZZARD#0
consum/potion_seed/basic_potion.png,5,3,12,14,potions/BREW_SHOCKING#0,,consum_potion_seed_basic_potion/BREW_SHOCKING#0
consum/potion_seed/basic_potion.png,6,3,12,14,potions/BREW_CAUSTIC#0,,consum_potion_seed_basic_potion/BREW_CAUSTIC#0
consum/potion_seed/basic_potion.png,7,3,9,11,potions/BREW_AQUA#0,,consum_potion_seed_basic_potion/BREW_AQUA#0
consum/potion_seed/basic_potion.png,8,3,12,14,,不知道，应该是破碎的秘药之一，看看有什么秘药不在表上,consum_potion_seed_basic_potion/BREW_LEFT
consum/potion_seed/basic_potion.png,9,3,12,14,potions/ELIXIR_AQUA#0,,consum_potion_seed_basic_potion/ELIXIR_AQUA#0
consum/potion_seed/basic_potion.png,10,3,12,14,potions/ELIXIR_MIGHT#0,,consum_potion_seed_basic_potion/ELIXIR_MIGHT#0
consum/potion_seed/basic_potion.png,11,3,12,14,potions/ELIXIR_DRAGON#0,,consum_potion_seed_basic_potion/ELIXIR_DRAGON#0
consum/potion_seed/basic_potion.png,12,3,12,14,potions/ELIXIR_TOXIC#0,,consum_potion_seed_basic_potion/ELIXIR_TOXIC#0
consum/potion_seed/basic_potion.png,13,3,12,14,potions/ELIXIR_ICY#0,,consum_potion_seed_basic_potion/ELIXIR_ICY#0
consum/potion_seed/basic_potion.png,14,3,12,14,potions/ELIXIR_ARCANE#0,,consum_potion_seed_basic_potion/ELIXIR_ARCANE#0
consum/potion_seed/basic_potion.png,15,3,12,14,potions/ELIXIR_FEATHER#0,,consum_potion_seed_basic_potion/ELIXIR_FEATHER#0
consum/potion_seed/seed.png,0,0,10,10,,腐败果之种、鲜莓果之种共用,consum_potion_seed_seed/SEED_ROT_BERRY
consum/potion_seed/seed.png,1,0,10,10,,火焰花之种,consum_potion_seed_seed/SEED_FIREBLOOM
consum/potion_seed/seed.png,2,0,10,10,,闪耀果之种,consum_potion_seed_seed/SEED_SWIFTTHISTLE
consum/potion_seed/seed.png,3,0,10,10,,阳春花之种,consum_potion_seed_seed/SEED_SUNGRASS
consum/potion_seed/seed.png,4,0,10,10,,冰冠花之种,consum_potion_seed_seed/SEED_ICECAP
consum/potion_seed/seed.png,5,0,10,10,,风暴藤之种,consum_potion_seed_seed/SEED_STORMVINE
consum/potion_seed/seed.png,6,0,10,10,,seeds/SEED_SORROWMOSS#0,consum_potion_seed_seed/SEED_SORROWMOSS#0
consum/potion_seed/seed.png,7,0,10,10,,seeds/SEED_MAGEROYAL#0,consum_potion_seed_seed/SEED_MAGEROYAL#0
consum/potion_seed/seed.png,8,0,10,10,,seeds/SEED_EARTHROOT#0,consum_potion_seed_seed/SEED_EARTHROOT#0
consum/potion_seed/seed.png,9,0,10,10,,seeds/SEED_BLINDWEED#0,consum_potion_seed_seed/SEED_BLINDWEED#0
consum/potion_seed/seed.png,10,0,10,10,,seeds/SEED_FADELEAF#0,consum_potion_seed_seed/SEED_FADELEAF#0
consum/potion_seed/seed.png,11,0,10,10,,seeds/SEED_STARFLOWER#0,consum_potion_seed_seed/SEED_STARFLOWER#0
consum/potion_seed/seed.png,12,0,10,10,,坚果藤之种,consum_potion_seed_seed/SEED_NUTVINE
consum/potion_seed/seed.png,13,0,10,10,,吞星花之种,consum_potion_seed_seed/SEED_STAREATER
consum/potion_seed/seed.png,14,0,10,10,,转换笼之种,consum_potion_seed_seed/SEED_TRANSMUTE_CAGE
consum/potion_seed/seed.png,15,0,10,10,,石英花之种,consum_potion_seed_seed/SEED_QUARTZFLOWER
consum/potion_seed/seed.png,16,0,10,10,,这是错误的重复，和9.0一样，跳过即可,-
consum/potion_seed/seed.png,17,0,10,10,,种子荚之种,consum_potion_seed_seed/SEED_POD
consum/potion_seed/seed.png,0,1,10,10,,破碎的种子，我们这里不用，只是留档以防后面使用,-
consum/potion_seed/seed.png,1,1,10,10,seeds/SEED_FIREBLOOM#0,破碎的种子，我们这里不用，只是留档以防后面使用,-
consum/potion_seed/seed.png,2,1,10,10,seeds/SEED_SWIFTTHISTLE#0,破碎的种子，我们这里不用，只是留档以防后面使用,-
consum/potion_seed/seed.png,3,1,10,10,seeds/SEED_SUNGRASS#0,破碎的种子，我们这里不用，只是留档以防后面使用,-
consum/potion_seed/seed.png,4,1,10,10,seeds/SEED_ICECAP#0,破碎的种子，我们这里不用，只是留档以防后面使用,-
consum/potion_seed/seed.png,5,1,10,10,seeds/SEED_STORMVINE#0,破碎的种子，我们这里不用，只是留档以防后面使用,-
consum/potion_seed/seed.png,6,1,10,10,seeds/SEED_SORROWMOSS#0,破碎的种子，我们这里不用，只是留档以防后面使用,-
consum/potion_seed/seed.png,7,1,10,10,seeds/SEED_MAGEROYAL#0,破碎的种子，我们这里不用，只是留档以防后面使用,-
consum/potion_seed/seed.png,8,1,10,10,seeds/SEED_EARTHROOT#0,破碎的种子，我们这里不用，只是留档以防后面使用,-
consum/potion_seed/seed.png,9,1,10,10,seeds/SEED_BLINDWEED#0,破碎的种子，我们这里不用，只是留档以防后面使用,-
consum/potion_seed/seed.png,10,1,10,10,seeds/SEED_FADELEAF#0,破碎的种子，我们这里不用，只是留档以防后面使用,-
consum/potion_seed/seed.png,11,1,10,10,seeds/SEED_STARFLOWER#0,破碎的种子，我们这里不用，只是留档以防后面使用,-
consum/potion_seed/seed.png,12,1,1,1,,空的,-
consum/potion_seed/seed.png,0,2,12,9,,榴莲,consum_potion_seed_seed/DURIAN
consum/potion_seed/seed.png,1,2,14,12,,火爆辣椒,consum_potion_seed_seed/FIRE_PEPPER
consum/potion_seed/seed.png,2,2,14,14,,金盏花,consum_potion_seed_seed/MARIGOLD
consum/potion_seed/seed.png,3,2,14,16,,向日葵,consum_potion_seed_seed/SUNFLOWER
consum/potion_seed/seed.png,4,2,12,12,,冰薄荷,consum_potion_seed_seed/ICE_MINT
consum/potion_seed/seed.png,5,2,10,16,,郁金香,consum_potion_seed_seed/TULIP
consum/potion_seed/seed.png,6,2,14,14,,剧毒茄子,consum_potion_seed_seed/TOXIC_EGGPLANT
consum/potion_seed/seed.png,7,2,13,13,,好梦叶,consum_potion_seed_seed/DREAM_LEAF
consum/potion_seed/seed.png,10,2,9,12,,重复的，这是无味果，在食物中出现过，此处仅为了对照整齐,-
consum/potion_seed/seed.png,11,2,13,14,,山药花,consum_potion_seed_seed/YAM_FLOWER
consum/potion_seed/seed.png,12,2,11,12,,坚果藤,consum_potion_seed_seed/NUT_VEGETABLE
consum/potion_seed/seed.png,13,2,13,10,,吞星花,consum_potion_seed_seed/STAREATER_FLOWER
consum/potion_seed/seed.png,14,2,10,9,,转换笼,consum_potion_seed_seed/TRANSMUTE_CAGE
consum/potion_seed/seed.png,12,3,13,15,,红玫瑰,consum_potion_seed_seed/RED_ROSE
consum/scroll_amulet/amulet.png,0,0,14,12,stones/STONE_AGGRESSION,,consum_scroll_amulet_amulet/STONE_AGGRESSION
consum/scroll_amulet/amulet.png,1,0,14,12,stones/STONE_AUGMENTATION#0,,consum_scroll_amulet_amulet/STONE_AUGMENTATION#0
consum/scroll_amulet/amulet.png,2,0,14,12,stones/STONE_FEAR#0,,consum_scroll_amulet_amulet/STONE_FEAR#0
consum/scroll_amulet/amulet.png,3,0,14,12,stones/STONE_BLAST#0,,consum_scroll_amulet_amulet/STONE_BLAST#0
consum/scroll_amulet/amulet.png,4,0,14,12,stones/STONE_BLINK#0,,consum_scroll_amulet_amulet/STONE_BLINK#0
consum/scroll_amulet/amulet.png,5,0,14,12,stones/STONE_CLAIRVOYANCE#0,,consum_scroll_amulet_amulet/STONE_CLAIRVOYANCE#0
consum/scroll_amulet/amulet.png,6,0,14,12,stones/STONE_SLEEP#0,,consum_scroll_amulet_amulet/STONE_SLEEP#0
consum/scroll_amulet/amulet.png,7,0,14,12,stones/STONE_DETECT#0,,consum_scroll_amulet_amulet/STONE_DETECT#0
consum/scroll_amulet/amulet.png,8,0,14,12,stones/STONE_ENCHANT#0,,consum_scroll_amulet_amulet/STONE_ENCHANT#0
consum/scroll_amulet/amulet.png,9,0,14,12,stones/STONE_FLOCK#0,,consum_scroll_amulet_amulet/STONE_FLOCK#0
consum/scroll_amulet/amulet.png,10,0,14,12,stones/STONE_INTUITION#0,,consum_scroll_amulet_amulet/STONE_INTUITION#0
consum/scroll_amulet/amulet.png,11,0,14,12,stones/STONE_SHOCK#0,,consum_scroll_amulet_amulet/STONE_SHOCK#0
consum/scroll_amulet/crystal.png,0,0,6,15,misc/WILD_ENERGY#0,,consum_scroll_amulet_crystal/WILD_ENERGY#0
consum/scroll_amulet/crystal.png,1,0,12,10,misc/PHASE_SHIFT#0,,consum_scroll_amulet_crystal/PHASE_SHIFT#0
consum/scroll_amulet/crystal.png,2,0,10,10,misc/TELE_GRAB#0,,consum_scroll_amulet_crystal/TELE_GRAB#0
consum/scroll_amulet/crystal.png,3,0,12,13,misc/UNSTABLE_SPELL#0,,consum_scroll_amulet_crystal/UNSTABLE_SPELL#0
consum/scroll_amulet/crystal.png,4,0,10,16,misc/CURSE_INFUSE#0,,consum_scroll_amulet_crystal/CURSE_INFUSE#0
consum/scroll_amulet/crystal.png,5,0,10,14,misc/MAGIC_INFUSE#0,,consum_scroll_amulet_crystal/MAGIC_INFUSE#0
consum/scroll_amulet/crystal.png,6,0,12,12,misc/ALCHEMIZE#0,,consum_scroll_amulet_crystal/ALCHEMIZE#0
consum/scroll_amulet/crystal.png,7,0,12,13,misc/RECYCLE#0,,consum_scroll_amulet_crystal/RECYCLE#0
consum/scroll_amulet/crystal.png,8,0,14,11,misc/RECLAIM_TRAP#0,,consum_scroll_amulet_crystal/RECLAIM_TRAP#0
consum/scroll_amulet/crystal.png,9,0,8,16,misc/RETURN_BEACON#0,,consum_scroll_amulet_crystal/RETURN_BEACON#0
consum/scroll_amulet/crystal.png,10,0,8,16,stones/summon_ele#0,,consum_scroll_amulet_crystal/summon_ele#0
consum/scroll_amulet/crystal.png,11,0,8,16,stones/summon_ele#1,,consum_scroll_amulet_crystal/summon_ele#1
consum/scroll_amulet/crystal.png,12,0,8,16,stones/summon_ele#2,,consum_scroll_amulet_crystal/summon_ele#2
consum/scroll_amulet/crystal.png,13,0,8,16,stones/summon_ele#3,,consum_scroll_amulet_crystal/summon_ele#3
consum/scroll_amulet/crystal.png,14,0,8,16,stones/summon_ele#4,,consum_scroll_amulet_crystal/summon_ele#4
consum/scroll_amulet/crystal.png,15,0,12,2,(skip),,-
consum/scroll_amulet/scroll.png,0,0,15,14,,几种卷轴，前几张来自破碎，和下面的1-11的密卷对应,consum_scroll_amulet_scroll/SCROLL_ENCHANT_LEGACY
consum/scroll_amulet/scroll.png,1,0,15,14,,几种卷轴，前几张来自破碎，和下面的1-12的密卷对应,consum_scroll_amulet_scroll/EXOTIC_SOWILO_LEGACY
consum/scroll_amulet/scroll.png,2,0,15,14,,几种卷轴，前几张来自破碎，和下面的1-13的密卷对应,consum_scroll_amulet_scroll/EXOTIC_LAGUZ_LEGACY
consum/scroll_amulet/scroll.png,3,0,15,14,,几种卷轴，前几张来自破碎，和下面的1-14的密卷对应,consum_scroll_amulet_scroll/EXOTIC_YNGVI_LEGACY
consum/scroll_amulet/scroll.png,4,0,15,14,,几种卷轴，前几张来自破碎，和下面的1-15的密卷对应,consum_scroll_amulet_scroll/SCROLL_MYSTENRG_LEGACY
consum/scroll_amulet/scroll.png,5,0,15,14,,几种卷轴，前几张来自破碎，和下面的1-16的密卷对应,consum_scroll_amulet_scroll/EXOTIC_RAIDO_LEGACY
consum/scroll_amulet/scroll.png,6,0,15,14,,几种卷轴，前几张来自破碎，和下面的1-17的密卷对应,consum_scroll_amulet_scroll/SCROLL_SIREN_LEGACY
consum/scroll_amulet/scroll.png,7,0,15,14,,几种卷轴，前几张来自破碎，和下面的1-18的密卷对应,consum_scroll_amulet_scroll/SCROLL_FORESIGHT_LEGACY
consum/scroll_amulet/scroll.png,8,0,15,14,,几种卷轴，前几张来自破碎，和下面的1-19的密卷对应,consum_scroll_amulet_scroll/SCROLL_CHALLENGE_LEGACY
consum/scroll_amulet/scroll.png,9,0,15,14,,几种卷轴，前几张来自破碎，和下面的1-20的密卷对应,consum_scroll_amulet_scroll/EXOTIC_BERKANAN_LEGACY
consum/scroll_amulet/scroll.png,10,0,15,14,,几种卷轴，前几张来自破碎，和下面的1-21的密卷对应,consum_scroll_amulet_scroll/SCROLL_DREAD_LEGACY
consum/scroll_amulet/scroll.png,11,0,15,14,,几种卷轴，前几张来自破碎，和下面的1-22的密卷对应,consum_scroll_amulet_scroll/SCROLL_METAMORPH_LEGACY
consum/scroll_amulet/scroll.png,12,0,15,14,,SPS 的新卷轴图案,consum_scroll_amulet_scroll/SPS_SCROLL_A
consum/scroll_amulet/scroll.png,13,0,15,14,,SPS 的新卷轴图案,consum_scroll_amulet_scroll/SPS_SCROLL_B
consum/scroll_amulet/scroll.png,14,0,15,14,,SPS 的新卷轴图案,consum_scroll_amulet_scroll/SPS_SCROLL_C
consum/scroll_amulet/scroll.png,0,1,15,14,documents/SCROLL_ENCHANT#0,,consum_scroll_amulet_scroll/SCROLL_ENCHANT#0
consum/scroll_amulet/scroll.png,1,1,15,14,misc/EXOTIC_SOWILO#0,,consum_scroll_amulet_scroll/EXOTIC_SOWILO#0
consum/scroll_amulet/scroll.png,2,1,15,14,misc/EXOTIC_LAGUZ#0,,consum_scroll_amulet_scroll/EXOTIC_LAGUZ#0
consum/scroll_amulet/scroll.png,3,1,15,14,misc/EXOTIC_YNGVI#0,,consum_scroll_amulet_scroll/EXOTIC_YNGVI#0
consum/scroll_amulet/scroll.png,4,1,15,14,documents/SCROLL_MYSTENRG#0,,consum_scroll_amulet_scroll/SCROLL_MYSTENRG#0
consum/scroll_amulet/scroll.png,5,1,15,14,misc/EXOTIC_RAIDO#0,,consum_scroll_amulet_scroll/EXOTIC_RAIDO#0
consum/scroll_amulet/scroll.png,6,1,15,14,documents/SCROLL_SIREN#0,,consum_scroll_amulet_scroll/SCROLL_SIREN#0
consum/scroll_amulet/scroll.png,7,1,15,14,documents/SCROLL_FORESIGHT#0,,consum_scroll_amulet_scroll/SCROLL_FORESIGHT#0
consum/scroll_amulet/scroll.png,8,1,15,14,documents/SCROLL_CHALLENGE#0,,consum_scroll_amulet_scroll/SCROLL_CHALLENGE#0
consum/scroll_amulet/scroll.png,9,1,15,14,misc/EXOTIC_BERKANAN#0,,consum_scroll_amulet_scroll/EXOTIC_BERKANAN#0
consum/scroll_amulet/scroll.png,10,1,15,14,documents/SCROLL_DREAD#0,,consum_scroll_amulet_scroll/SCROLL_DREAD#0
consum/scroll_amulet/scroll.png,11,1,15,14,documents/SCROLL_METAMORPH#0,,consum_scroll_amulet_scroll/SCROLL_METAMORPH#0
consum/scroll_amulet/scroll.png,12,1,15,14,,精准技巧卷轴,consum_scroll_amulet_scroll/SCROLL_OF_PRECISION
consum/scroll_amulet/scroll.png,13,1,15,14,,防护技巧卷轴,consum_scroll_amulet_scroll/SCROLL_OF_PROTECTION
consum/scroll_amulet/scroll.png,14,1,15,14,,法术技巧卷轴,consum_scroll_amulet_scroll/SCROLL_OF_MAGIC
consum/scroll_amulet/scroll.png,13,3,12,13,,附魔立方,consum_scroll_amulet_scroll/ENCHANT_CUBE
consum/scroll_amulet/scroll.png,14,3,12,11,misc/ARCANE_RESIN#0,奥术聚酯,consum_scroll_amulet_scroll/ARCANE_RESIN
consum/summor.png,0,0,11,12,,随机初始灵魂,consum_summor/RANDOM_INITIAL_SOUL
consum/summor.png,1,0,16,16,,随机灵魂,consum_summor/RANDOM_SOUL
consum/summor.png,2,0,16,16,,召唤模板1,consum_summor/SUMMON_TEMPLATE_1
consum/summor.png,3,0,16,16,,召唤模板2,consum_summor/SUMMON_TEMPLATE_2
consum/summor.png,0,1,16,16,foods/SCORPION_EGG#0,,consum_summor/SCORPION_EGG#0
consum/summor.png,1,1,16,16,foods/BLUE_GIRL_EGG#0,,consum_summor/BLUE_GIRL_EGG#0
consum/summor.png,2,1,16,16,foods/LERY_FIRE_EGG#0,,consum_summor/LERY_FIRE_EGG#0
consum/summor.png,3,1,16,16,foods/RED_DRAGON_EGG#0,,consum_summor/RED_DRAGON_EGG#0
consum/summor.png,4,1,16,16,foods/BLUE_DRAGON_EGG#0,,consum_summor/BLUE_DRAGON_EGG#0
consum/summor.png,5,1,16,16,foods/VIOLET_DRAGON_EGG#0,,consum_summor/VIOLET_DRAGON_EGG#0
consum/summor.png,6,1,16,16,foods/GREEN_DRAGON_EGG#0,,consum_summor/GREEN_DRAGON_EGG#0
consum/summor.png,7,1,16,16,,空白,-
consum/summor.png,8,1,16,16,foods/RABBIT_PET_EGG#0,,consum_summor/RABBIT_PET_EGG#0
consum/summor.png,9,1,16,16,foods/VELOCIROOSTER_EGG#0,,consum_summor/VELOCIROOSTER_EGG#0
consum/summor.png,10,1,16,16,foods/BUG_DRAGON_EGG#0,,consum_summor/BUG_DRAGON_EGG#0
consum/summor.png,11,1,16,16,foods/LIGHT_DRAGON_EGG#0,,consum_summor/LIGHT_DRAGON_EGG#0
consum/summor.png,12,1,16,16,foods/GOLD_DRAGON_EGG#0,,consum_summor/GOLD_DRAGON_EGG#0
consum/summor.png,13,1,16,16,foods/AFLY_EGG#0,,consum_summor/AFLY_EGG#0
consum/summor.png,14,1,16,16,foods/STAR_KID_EGG#0,,consum_summor/STAR_KID_EGG#0
consum/summor.png,15,1,16,16,stones/STONE_PET_EGG#0,,consum_summor/STONE_PET_EGG#0
consum/summor.png,0,2,16,16,foods/DATURA_EGG#0,,consum_summor/DATURA_EGG#0
consum/summor.png,1,2,16,16,foods/DOG_PET_EGG#0,,consum_summor/DOG_PET_EGG#0
consum/summor.png,2,2,16,16,foods/DWARF_BOY_EGG#0,,consum_summor/DWARF_BOY_EGG#0
consum/summor.png,3,2,16,16,foods/FLY_EGG#0,,consum_summor/FLY_EGG#0
consum/summor.png,4,2,16,16,foods/FOX_HELPER_EGG#0,,consum_summor/FOX_HELPER_EGG#0
consum/summor.png,5,2,16,16,foods/FROG_PET_EGG#0,,consum_summor/FROG_PET_EGG#0
consum/summor.png,6,2,16,16,foods/GENTLE_CRAB_EGG#0,,consum_summor/GENTLE_CRAB_EGG#0
consum/summor.png,7,2,16,16,foods/KODORA_EGG#0,,consum_summor/KODORA_EGG#0
consum/summor.png,8,2,16,16,foods/LIT_DEMON_EGG#0,,consum_summor/LIT_DEMON_EGG#0
consum/summor.png,9,2,16,16,foods/MONKEY_EGG#0,,consum_summor/MONKEY_EGG#0
consum/summor.png,10,2,16,16,foods/PIG_PET_EGG#0,,consum_summor/PIG_PET_EGG#0
consum/summor.png,11,2,16,16,foods/RIBBON_RAT_EGG#0,,consum_summor/RIBBON_RAT_EGG#0
consum/summor.png,12,2,16,16,foods/SNAKE_PET_EGG#0,,consum_summor/SNAKE_PET_EGG#0
consum/summor.png,13,2,16,16,foods/SPIDER_PET_EGG#0,,consum_summor/SPIDER_PET_EGG#0
consum/summor.png,14,2,16,16,foods/CHOCOBO_EGG#0,,consum_summor/CHOCOBO_EGG#0
consum/summor.png,0,3,12,16,,士兵召唤,consum_summor/SOLDIER_SUMMON
consum/summor.png,1,3,12,15,,仙子人偶,consum_summor/FAIRY_DOLL
consum/summor.png,2,3,16,16,misc/FAIRY_CARD#0,,consum_summor/FAIRY_CARD#0
consum/summor.png,3,3,15,16,,毁灭无人机,consum_summor/DESTRUCTION_DRONE
consum/summor.png,4,3,15,14,,激光炮塔,consum_summor/LASER_TURRET
consum/summor.png,5,3,11,9,,猫耳盒子,consum_summor/CAT_EAR_BOX
consum/throws.png,0,0,11,10,weapons/THROWING_SPIKE#0,,consum_throws/THROWING_SPIKE#0
consum/throws.png,1,0,12,13,weapons/THROWING_KNIFE#0,,consum_throws/THROWING_KNIFE#0
consum/throws.png,2,0,12,10,stones/THROWING_STONE#0,,consum_throws/THROWING_STONE#0
consum/throws.png,3,0,11,11,foods/FISHING_SPEAR#0,,consum_throws/FISHING_SPEAR#0
consum/throws.png,4,0,12,12,weapons/SHURIKEN#0,,consum_throws/SHURIKEN#0
consum/throws.png,5,0,12,12,weapons/THROWING_CLUB#0,,consum_throws/THROWING_CLUB#0
consum/throws.png,6,0,13,13,weapons/THROWING_SPEAR#0,,consum_throws/THROWING_SPEAR#0
consum/throws.png,7,0,15,14,misc/BOLAS#0,,consum_throws/BOLAS#0
consum/throws.png,8,0,15,15,misc/KUNAI#0,,consum_throws/KUNAI#0
consum/throws.png,9,0,16,16,,巨型手里剑,consum_throws/GIANT_SHURIKEN
consum/throws.png,10,0,16,16,misc/JAVELIN#0,,consum_throws/JAVELIN#0
consum/throws.png,11,0,13,13,misc/TOMAHAWK#0,,consum_throws/TOMAHAWK#0
consum/throws.png,12,0,14,14,misc/BOOMERANG#0,,consum_throws/BOOMERANG#0
consum/throws.png,13,0,16,16,misc/TRIDENT#0,,consum_throws/TRIDENT#0
consum/throws.png,14,0,12,12,weapons/THROWING_HAMMER#0,,consum_throws/THROWING_HAMMER#0
consum/throws.png,15,0,11,12,misc/FORCE_CUBE#0,,consum_throws/FORCE_CUBE#0
consum/throws.png,0,1,12,12,,逃脱小刀,consum_throws/ESCAPE_KNIFE
consum/throws.png,1,1,14,16,,声波诱饵,consum_throws/SONIC_BAIT
consum/throws.png,2,1,14,14,,魔术手,consum_throws/MAGIC_HAND
consum/throws.png,3,1,14,14,,圆刃,consum_throws/ROUND_BLADE
consum/throws.png,4,1,15,14,,砖头,consum_throws/BRICK
consum/throws.png,5,1,15,15,,金属标枪,consum_throws/METAL_JAVELIN
consum/throws.png,6,1,14,13,,捕兽网,consum_throws/TRAP_NET
consum/throws.png,7,1,8,8,,骷髅头,consum_throws/SKULL
consum/throws.png,8,1,13,9,,蝙蝠镖,consum_throws/BATARANG
consum/throws.png,9,1,14,15,,污秽团,consum_throws/FILTH_LUMP
consum/throws.png,10,1,12,11,misc/DUST#0,糯米团,consum_throws/RICE_BALL
consum/throws.png,0,2,12,12,,意念之箭头,consum_throws/PSYCHIC_ARROW
consum/throws.png,1,2,12,12,,蜂蜜之箭头,consum_throws/HONEY_ARROW
consum/throws.png,0,4,16,16,misc/DOOR_BLOCK#0,门块放置器,consum_throws/DOOR_BLOCK_PLACER
consum/throws.png,1,4,16,16,,砖块放置器,consum_throws/BRICK_BLOCK_PLACER
consum/throws.png,2,4,16,16,misc/SPS_WATER_BLOCK#0,水块放置器,consum_throws/WATER_BLOCK_PLACER
consum/throws.png,3,4,16,16,,雕像放置器,consum_throws/STATUE_PLACER
consum/throws.png,4,4,16,16,,木板放置器,consum_throws/PLANK_PLACER
consum/throws.png,5,4,16,16,,书架放置器,consum_throws/BOOKSHELF_PLACER
consum/throws.png,6,4,12,12,,花盆放置器,consum_throws/FLOWER_POT_PLACER
consum/throws.png,0,5,14,14,,小毒镖,consum_throws/SMALL_POISON_DART
consum/throws.png,1,5,15,15,,普通飞镖,consum_throws/NORMAL_DART
consum/throws.png,2,5,15,15,weapons/ROT_DART#0,,consum_throws/ROT_DART#0
consum/throws.png,3,5,15,15,weapons/INCENDIARY_DART#0,,consum_throws/INCENDIARY_DART#0
consum/throws.png,4,5,15,15,weapons/ADRENALINE_DART#0,,consum_throws/ADRENALINE_DART#0
consum/throws.png,5,5,15,15,weapons/HEALING_DART#0,,consum_throws/HEALING_DART#0
consum/throws.png,6,5,15,15,weapons/CHILLING_DART#0,,consum_throws/CHILLING_DART#0
consum/throws.png,7,5,15,15,weapons/SHOCKING_DART#0,,consum_throws/SHOCKING_DART#0
consum/throws.png,8,5,15,15,weapons/POISON_DART#0,,consum_throws/POISON_DART#0
consum/throws.png,9,5,15,15,weapons/CLEANSING_DART#0,,consum_throws/CLEANSING_DART#0
consum/throws.png,10,5,15,15,weapons/PARALYTIC_DART#0,,consum_throws/PARALYTIC_DART#0
consum/throws.png,11,5,15,15,weapons/HOLY_DART#0,,consum_throws/HOLY_DART#0
consum/throws.png,12,5,15,15,weapons/DISPLACING_DART#0,,consum_throws/DISPLACING_DART#0
consum/throws.png,13,5,15,15,weapons/BLINDING_DART#0,,consum_throws/BLINDING_DART#0
consum/useful/corpse_relics.png,0,0,12,12,stones/SEAL_SHARD#0,破碎的几种消耗品道具，来自英雄死亡后，下一局开启黄色英雄遗骸获取的英雄残破遗物,consum_useful_corpse_relics/SEAL_SHARD#0
consum/useful/corpse_relics.png,1,0,14,10,weapons/BROKEN_STAFF#0,破碎的几种消耗品道具，来自英雄死亡后，下一局开启黄色英雄遗骸获取的英雄残破遗物,consum_useful_corpse_relics/BROKEN_STAFF#0
consum/useful/corpse_relics.png,2,0,9,9,misc/CLOAK_SCRAP#0,破碎的几种消耗品道具，来自英雄死亡后，下一局开启黄色英雄遗骸获取的英雄残破遗物,consum_useful_corpse_relics/CLOAK_SCRAP#0
consum/useful/corpse_relics.png,3,0,12,9,weapons/BOW_FRAGMENT#0,破碎的几种消耗品道具，来自英雄死亡后，下一局开启黄色英雄遗骸获取的英雄残破遗物,consum_useful_corpse_relics/BOW_FRAGMENT#0
consum/useful/corpse_relics.png,4,0,9,9,misc/BROKEN_HILT#0,破碎的几种消耗品道具，来自英雄死亡后，下一局开启黄色英雄遗骸获取的英雄残破遗物,consum_useful_corpse_relics/BROKEN_HILT#0
consum/useful/corpse_relics.png,5,0,11,13,documents/TORN_PAGE#0,破碎的几种消耗品道具，来自英雄死亡后，下一局开启黄色英雄遗骸获取的英雄残破遗物,consum_useful_corpse_relics/TORN_PAGE#0
consum/useful/corpse_relics.png,6,0,12,11,misc/TRINKET_CATA#0,破碎的几种消耗品道具，来自英雄死亡后，下一局开启黄色英雄遗骸获取的英雄残破遗物,consum_useful_corpse_relics/TRINKET_CATA#0
consum/useful/corpse_relics.png,14,0,16,2,(skip),,-
consum/useful/corpse_relics.png,15,0,13,1,(skip),,-
consum/useful/process_enhance.png,0,0,11,9,misc/MASK#0,,consum_useful_process_enhance/MASK#0
consum/useful/process_enhance.png,1,0,13,16,misc/MASTERY#0,,consum_useful_process_enhance/MASTERY#0
consum/useful/process_enhance.png,2,0,16,15,misc/KIT#0,,consum_useful_process_enhance/KIT#0
consum/useful/process_enhance.png,0,1,13,7,misc/CROWN#0,,consum_useful_process_enhance/CROWN#0
consum/useful/process_enhance.png,1,1,13,16,documents/ARTIFACT_SPELLBOOK,,consum_useful_process_enhance/ARTIFACT_SPELLBOOK
consum/useful/process_enhance.png,2,1,12,12,misc/ARMORKIT,,consum_useful_process_enhance/ARMORKIT
consum/useful/useful.png,0,0,10,16,(skip),,-
consum/useful/useful.png,1,0,12,13,misc/STYLUS,,consum_useful_useful/STYLUS
consum/useful/useful.png,2,0,12,15,misc/TORCH#0,,consum_useful_useful/TORCH#0
consum/useful/useful.png,3,0,16,15,misc/BEACON#0,,consum_useful_useful/BEACON#0
consum/useful/useful.png,4,0,14,12,foods/HONEYPOT#0,,consum_useful_useful/HONEYPOT#0
consum/useful/useful.png,5,0,14,12,misc/SHATTPOT,,consum_useful_useful/SHATTPOT
consum/useful/useful.png,0,1,10,16,misc/ANKH,,consum_useful_useful/ANKH
consum/useful/useful.png,4,1,13,14,foods/PET_FOOD,,consum_useful_useful/PET_FOOD
consum/useful/useful.png,5,1,6,13,weapons/SP_AMMO,,consum_useful_useful/SP_AMMO
equipment/bags.png,0,0,14,15,bags/POUCH,,equipment_bags/POUCH
equipment/bags.png,1,0,16,16,bags/HOLDER,,equipment_bags/HOLDER
equipment/bags.png,2,0,15,16,bags/BANDOLIER,,equipment_bags/BANDOLIER
equipment/bags.png,3,0,15,16,bags/HOLSTER,,equipment_bags/HOLSTER
equipment/bags.png,4,0,11,14,bags/SPS_KEY_RING,,equipment_bags/SPS_KEY_RING
equipment/bags.png,5,0,16,16,bags/SHOPPING_CART#0,,equipment_bags/SHOPPING_CART#0
equipment/bags.png,6,0,14,14,bags/SPS_ARROW_COLLECTER,,equipment_bags/SPS_ARROW_COLLECTER
equipment/bags.png,7,0,16,16,bags/HEART_OF_SCARECROW#0,,equipment_bags/HEART_OF_SCARECROW#0
equipment/bags.png,15,0,16,16,misc/BACKPACK#0,,equipment_bags/BACKPACK#0
equipment/equip/armor/basic_armor.png,0,0,15,12,armor/ARMOR_CLOTH#0,,equipment_equip_armor_basic_armor/ARMOR_CLOTH#0
equipment/equip/armor/basic_armor.png,1,0,14,13,armor/ARMOR_LEATHER#0,,equipment_equip_armor_basic_armor/ARMOR_LEATHER#0
equipment/equip/armor/basic_armor.png,2,0,14,12,armor/ARMOR_MAIL#0,,equipment_equip_armor_basic_armor/ARMOR_MAIL#0
equipment/equip/armor/basic_armor.png,3,0,14,11,armor/ARMOR_SCALE#0,,equipment_equip_armor_basic_armor/ARMOR_SCALE#0
equipment/equip/armor/basic_armor.png,4,0,12,12,armor/ARMOR_PLATE#0,,equipment_equip_armor_basic_armor/ARMOR_PLATE#0
equipment/equip/armor/basic_armor.png,7,0,16,13,,战士英雄护甲,equipment_equip_armor_basic_armor/HERO_ARMOR_WARRIOR
equipment/equip/armor/basic_armor.png,8,0,15,16,,法师英雄护甲,equipment_equip_armor_basic_armor/HERO_ARMOR_MAGE
equipment/equip/armor/basic_armor.png,9,0,14,13,,盗贼英雄护甲,equipment_equip_armor_basic_armor/HERO_ARMOR_ROGUE
equipment/equip/armor/basic_armor.png,10,0,13,15,,女猎手英雄护甲,equipment_equip_armor_basic_armor/HERO_ARMOR_HUNTRESS
equipment/equip/armor/basic_armor.png,11,0,12,13,armor/ARMOR_DUELIST#0,,equipment_equip_armor_basic_armor/ARMOR_DUELIST#0
equipment/equip/armor/basic_armor.png,12,0,14,13,,演员英雄护甲,equipment_equip_armor_basic_armor/HERO_ARMOR_PERFORMER
equipment/equip/armor/basic_armor.png,13,0,10,12,,星兵英雄护甲,equipment_equip_armor_basic_armor/HERO_ARMOR_STAR_SOLDIER
equipment/equip/armor/basic_armor.png,14,0,15,13,,信徒英雄护甲,equipment_equip_armor_basic_armor/HERO_ARMOR_CLERIC
equipment/equip/armor/basic_armor.png,15,0,13,14,,苦修士英雄护甲,equipment_equip_armor_basic_armor/HERO_ARMOR_ASCETIC
equipment/equip/armor/basic_armor.png,0,1,16,16,,隔断符，无意义,-
equipment/equip/armor/basic_armor.png,1,1,16,16,,隔断符，无意义,-
equipment/equip/armor/basic_armor.png,2,1,16,16,,隔断符，无意义,-
equipment/equip/armor/basic_armor.png,3,1,16,16,,隔断符，无意义,-
equipment/equip/armor/basic_armor.png,4,1,16,16,,隔断符，无意义,-
equipment/equip/armor/basic_armor.png,5,1,16,16,,隔断符，无意义,-
equipment/equip/armor/basic_armor.png,6,1,16,16,,隔断符，无意义,-
equipment/equip/armor/basic_armor.png,7,1,16,16,,隔断符，无意义,-
equipment/equip/armor/basic_armor.png,8,1,16,16,,隔断符，无意义,-
equipment/equip/armor/basic_armor.png,9,1,16,16,,隔断符，无意义,-
equipment/equip/armor/basic_armor.png,10,1,16,16,,隔断符，无意义,-
equipment/equip/armor/basic_armor.png,11,1,16,16,,隔断符，无意义,-
equipment/equip/armor/basic_armor.png,12,1,16,16,,隔断符，无意义,-
equipment/equip/armor/basic_armor.png,13,1,16,16,,隔断符，无意义,-
equipment/equip/armor/basic_armor.png,14,1,16,16,,隔断符，无意义,-
equipment/equip/armor/basic_armor.png,15,1,16,16,,隔断符，无意义,-
equipment/equip/armor/basic_armor.png,0,2,11,12,,背心,equipment_equip_armor_basic_armor/VEST
equipment/equip/armor/basic_armor.png,1,2,14,13,,橡胶衣,equipment_equip_armor_basic_armor/RUBBER_SUIT
equipment/equip/armor/basic_armor.png,2,2,14,13,,光碟甲,equipment_equip_armor_basic_armor/CD_ARMOR
equipment/equip/armor/basic_armor.png,3,2,14,12,,泡沫衣,equipment_equip_armor_basic_armor/STYROFOAM_ARMOR
equipment/equip/armor/basic_armor.png,4,2,14,11,,厚胶衣,equipment_equip_armor_basic_armor/THICK_RUBBER_SUIT
equipment/equip/armor/basic_armor.png,5,2,8,12,,幻影护甲,equipment_equip_armor_basic_armor/PHANTOM_ARMOR
equipment/equip/armor/basic_armor.png,0,3,15,12,,木甲,equipment_equip_armor_basic_armor/WOODEN_ARMOR
equipment/equip/armor/basic_armor.png,1,3,14,13,,陶瓷甲,equipment_equip_armor_basic_armor/CERAMICS_ARMOR
equipment/equip/armor/basic_armor.png,2,3,14,13,,石甲,equipment_equip_armor_basic_armor/STONE_ARMOR
equipment/equip/armor/basic_armor.png,3,3,14,12,,厚锁链甲,equipment_equip_armor_basic_armor/HEAVY_CHAIN_ARMOR
equipment/equip/armor/basic_armor.png,4,3,14,11,,厚麟甲,equipment_equip_armor_basic_armor/HEAVY_SCALE_ARMOR
equipment/equip/armor/basic_armor.png,5,3,16,13,,外骨骼机甲,equipment_equip_armor_basic_armor/EXOSKELETON_ARMOR
equipment/equip/armor/basic_armor.png,0,4,15,13,,法衣,equipment_equip_armor_basic_armor/ROBE
equipment/equip/armor/basic_armor.png,1,4,14,13,,兽皮法袍,equipment_equip_armor_basic_armor/HIDE_ROBE
equipment/equip/armor/basic_armor.png,2,4,14,13,,魔核法袍,equipment_equip_armor_basic_armor/MAGIC_CORE_ROBE
equipment/equip/armor/basic_armor.png,3,4,14,13,,锁链法袍,equipment_equip_armor_basic_armor/CHAIN_ROBE
equipment/equip/armor/basic_armor.png,4,4,14,13,,龙皮法袍,equipment_equip_armor_basic_armor/DRAGON_HIDE_ROBE
equipment/equip/armor/basic_armor.png,5,4,14,12,,翼装甲,equipment_equip_armor_basic_armor/WING_ARMOR
equipment/equip/armor/unique_armor.png,0,0,14,16,,毛巾,equipment_equip_armor_unique_armor/TOWEL
equipment/equip/armor/unique_armor.png,1,0,15,8,,眼镜,equipment_equip_armor_unique_armor/SPECTACLES
equipment/equip/armor/unique_armor.png,2,0,10,14,,鲨鱼睡衣,equipment_equip_armor_unique_armor/SHARK_PAJAMAS
equipment/equip/armor/unique_armor.png,3,0,14,13,,活性护甲,equipment_equip_armor_unique_armor/LIVING_ARMOR
equipment/equip/armor/unique_armor.png,4,0,16,16,armor/SPS_BUNNY_ARMOR#0,,equipment_equip_armor_unique_armor/SPS_BUNNY_ARMOR#0
equipment/equip/weapon/basic_weapon.png,0,0,13,13,weapons/WORN_SHORTSWORD#0,,equipment_equip_weapon_basic_weapon/WORN_SHORTSWORD#0
equipment/equip/weapon/basic_weapon.png,1,0,13,14,foods/RAPIER#0,,equipment_equip_weapon_basic_weapon/RAPIER#0
equipment/equip/weapon/basic_weapon.png,2,0,12,13,weapons/DAGGER#0,,equipment_equip_weapon_basic_weapon/DAGGER#0
equipment/equip/weapon/basic_weapon.png,3,0,15,14,,老法杖,equipment_equip_weapon_basic_weapon/OLD_STAFF
equipment/equip/weapon/basic_weapon.png,4,0,12,15,,镶钉手套,equipment_equip_weapon_basic_weapon/GLOVES
equipment/equip/weapon/basic_weapon.png,5,0,15,10,,指虎,equipment_equip_weapon_basic_weapon/KNUCKLES
equipment/equip/weapon/basic_weapon.png,6,0,16,16,,隔断符，无意义,-
equipment/equip/weapon/basic_weapon.png,7,0,14,16,,魔纹词典,equipment_equip_weapon_basic_weapon/RUNE_DICTIONARY
equipment/equip/weapon/basic_weapon.png,8,0,14,13,,对剑,equipment_equip_weapon_basic_weapon/DUAL_SWORDS
equipment/equip/weapon/basic_weapon.png,9,0,14,14,,爪套,equipment_equip_weapon_basic_weapon/CLAW_SHEATH
equipment/equip/weapon/basic_weapon.png,10,0,14,15,,双截棍,equipment_equip_weapon_basic_weapon/NUNCHAKU
equipment/equip/weapon/basic_weapon.png,11,0,16,16,weapons/QUARTERSTAFF#0,,equipment_equip_weapon_basic_weapon/QUARTERSTAFF#0
equipment/equip/weapon/basic_weapon.png,12,0,16,16,weapons/SPS_WEP_CLUB#0,,equipment_equip_weapon_basic_weapon/SPS_WEP_CLUB#0
equipment/equip/weapon/basic_weapon.png,13,0,16,16,,迅捷剑,equipment_equip_weapon_basic_weapon/SWIFT_SWORD
equipment/equip/weapon/basic_weapon.png,14,0,16,16,misc/SPS_TEKKO_KAGI#0,,equipment_equip_weapon_basic_weapon/SPS_TEKKO_KAGI#0
equipment/equip/weapon/basic_weapon.png,0,1,13,13,weapons/SHORTSWORD#0,,equipment_equip_weapon_basic_weapon/SHORTSWORD#0
equipment/equip/weapon/basic_weapon.png,1,1,12,14,weapons/HAND_AXE#0,,equipment_equip_weapon_basic_weapon/HAND_AXE#0
equipment/equip/weapon/basic_weapon.png,2,1,16,16,weapons/SPEAR#0,,equipment_equip_weapon_basic_weapon/SPEAR#0
equipment/equip/weapon/basic_weapon.png,3,1,16,16,weapons/SPS_WEP_SPEAR#0,,equipment_equip_weapon_basic_weapon/SPS_WEP_SPEAR#0
equipment/equip/weapon/basic_weapon.png,4,1,13,14,misc/DIRK#0,,equipment_equip_weapon_basic_weapon/DIRK#0
equipment/equip/weapon/basic_weapon.png,5,1,15,15,misc/SICKLE#0,,equipment_equip_weapon_basic_weapon/SICKLE#0
equipment/equip/weapon/basic_weapon.png,6,1,16,16,,隔断符，无意义,-
equipment/equip/weapon/basic_weapon.png,7,1,16,13,,三角铁,equipment_equip_weapon_basic_weapon/TRIANGLE
equipment/equip/weapon/basic_weapon.png,8,1,6,16,,笛子,equipment_equip_weapon_basic_weapon/FLUTE
equipment/equip/weapon/basic_weapon.png,9,1,14,13,,战鼓,equipment_equip_weapon_basic_weapon/WAR_DRUM
equipment/equip/weapon/basic_weapon.png,10,1,12,14,,号角,equipment_equip_weapon_basic_weapon/HORN
equipment/equip/weapon/basic_weapon.png,11,1,15,14,,竖琴,equipment_equip_weapon_basic_weapon/HARP
equipment/equip/weapon/basic_weapon.png,12,1,16,16,weapons/LEGACY_WOODEN_STAFF#0,,equipment_equip_weapon_basic_weapon/LEGACY_WOODEN_STAFF#0
equipment/equip/weapon/basic_weapon.png,13,1,14,14,,魔力粉尘,equipment_equip_weapon_basic_weapon/MAGIC_DUST
equipment/equip/weapon/basic_weapon.png,14,1,15,15,,转经轮,equipment_equip_weapon_basic_weapon/PRAYER_WHEEL
equipment/equip/weapon/basic_weapon.png,15,1,11,16,,圣水,equipment_equip_weapon_basic_weapon/HOLY_WATER
equipment/equip/weapon/basic_weapon.png,16,1,14,16,,持镜人偶,equipment_equip_weapon_basic_weapon/MIRROR_DOLL
equipment/equip/weapon/basic_weapon.png,17,1,11,15,,风之葫芦,equipment_equip_weapon_basic_weapon/WIND_GOURD
equipment/equip/weapon/basic_weapon.png,18,1,15,16,,神灯拳,equipment_equip_weapon_basic_weapon/LAMP_PUNCH
equipment/equip/weapon/basic_weapon.png,19,1,15,16,,血刃,equipment_equip_weapon_basic_weapon/BLOOD_BLADE
equipment/equip/weapon/basic_weapon.png,20,1,14,14,,附魔斧刃,equipment_equip_weapon_basic_weapon/ENCHANTED_AXE_BLADE
equipment/equip/weapon/basic_weapon.png,21,1,16,16,misc/SPS_NINJA_FAN#0,,equipment_equip_weapon_basic_weapon/SPS_NINJA_FAN#0
equipment/equip/weapon/basic_weapon.png,22,1,13,15,,导师套装,equipment_equip_weapon_basic_weapon/MENTOR_SET
equipment/equip/weapon/basic_weapon.png,23,1,16,15,,扇子,equipment_equip_weapon_basic_weapon/FAN
equipment/equip/weapon/basic_weapon.png,24,1,14,16,,篮球,equipment_equip_weapon_basic_weapon/BASKETBALL
equipment/equip/weapon/basic_weapon.png,0,2,14,14,weapons/SWORD#0,,equipment_equip_weapon_basic_weapon/SWORD#0
equipment/equip/weapon/basic_weapon.png,1,2,15,15,weapons/MACE#0,,equipment_equip_weapon_basic_weapon/MACE#0
equipment/equip/weapon/basic_weapon.png,2,2,13,16,,弯刀,equipment_equip_weapon_basic_weapon/SCIMITAR
equipment/equip/weapon/basic_weapon.png,3,2,16,16,misc/ROUND_SHIELD#0,,equipment_equip_weapon_basic_weapon/ROUND_SHIELD#0
equipment/equip/weapon/basic_weapon.png,4,2,16,16,misc/SAI#0,,equipment_equip_weapon_basic_weapon/SAI#0
equipment/equip/weapon/basic_weapon.png,5,2,14,14,weapons/WHIP#0,,equipment_equip_weapon_basic_weapon/WHIP#0
equipment/equip/weapon/basic_weapon.png,6,2,16,16,,隔断符，无意义,-
equipment/equip/weapon/basic_weapon.png,7,2,15,16,,战戟,equipment_equip_weapon_basic_weapon/HALBERD
equipment/equip/weapon/basic_weapon.png,8,2,16,16,,骑士枪,equipment_equip_weapon_basic_weapon/LANCE
equipment/equip/weapon/basic_weapon.png,9,2,16,16,,十字架,equipment_equip_weapon_basic_weapon/CROSS
equipment/equip/weapon/basic_weapon.png,10,2,16,16,,拟态宝箱,equipment_equip_weapon_basic_weapon/MIMIC_CHEST
equipment/equip/weapon/basic_weapon.png,11,2,16,15,,火腿与钩子,equipment_equip_weapon_basic_weapon/HAM_AND_HOOK
equipment/equip/weapon/basic_weapon.png,12,2,15,15,,棒棒糖,equipment_equip_weapon_basic_weapon/LOLLIPOP
equipment/equip/weapon/basic_weapon.png,13,2,13,15,,灌篮套装,equipment_equip_weapon_basic_weapon/SLAM_DUNK_SET
equipment/equip/weapon/basic_weapon.png,14,2,10,13,,红包,equipment_equip_weapon_basic_weapon/MONEY_PACK
equipment/equip/weapon/basic_weapon.png,15,2,14,14,,火箭,equipment_equip_weapon_basic_weapon/ROCKET
equipment/equip/weapon/basic_weapon.png,16,2,11,16,,圣诞树,equipment_equip_weapon_basic_weapon/CHRISTMAS_TREE
equipment/equip/weapon/basic_weapon.png,17,2,15,15,,破魔之锤,equipment_equip_weapon_basic_weapon/DWARF_HAMMER
equipment/equip/weapon/basic_weapon.png,18,2,8,14,,锈蚀钥匙,equipment_equip_weapon_basic_weapon/RUSTY_KEY
equipment/equip/weapon/basic_weapon.png,19,2,9,16,,复活节雕像,equipment_equip_weapon_basic_weapon/EASTER_STATUE
equipment/equip/weapon/basic_weapon.png,20,2,15,10,,高能指虎,equipment_equip_weapon_basic_weapon/POWER_KNUCKLES
equipment/equip/weapon/basic_weapon.png,21,2,14,14,,万圣节南瓜,equipment_equip_weapon_basic_weapon/HALLOWEEN_PUMPKIN
equipment/equip/weapon/basic_weapon.png,22,2,15,10,,龙舟,equipment_equip_weapon_basic_weapon/DRAGON_BOAT
equipment/equip/weapon/basic_weapon.png,23,2,16,16,misc/FIRE_CRACKER#0,,equipment_equip_weapon_basic_weapon/FIRE_CRACKER#0
equipment/equip/weapon/basic_weapon.png,24,2,14,14,,铜钱剑,equipment_equip_weapon_basic_weapon/COIN_SWORD
equipment/equip/weapon/basic_weapon.png,0,3,15,15,weapons/LONGSWORD#0,,equipment_equip_weapon_basic_weapon/LONGSWORD#0
equipment/equip/weapon/basic_weapon.png,1,3,16,16,weapons/BATTLE_AXE#0,,equipment_equip_weapon_basic_weapon/BATTLE_AXE#0
equipment/equip/weapon/basic_weapon.png,2,3,14,14,weapons/FLAIL#0,,equipment_equip_weapon_basic_weapon/FLAIL#0
equipment/equip/weapon/basic_weapon.png,3,3,16,16,,符文之剑,equipment_equip_weapon_basic_weapon/RUNE_SWORD
equipment/equip/weapon/basic_weapon.png,4,3,14,15,weapons/ASSASSINS_BLADE#0,,equipment_equip_weapon_basic_weapon/ASSASSINS_BLADE#0
equipment/equip/weapon/basic_weapon.png,5,3,15,16,,大太刀,equipment_equip_weapon_basic_weapon/ODACHI
equipment/equip/weapon/basic_weapon.png,6,3,16,16,,隔断符，无意义,-
equipment/equip/weapon/basic_weapon.png,0,4,16,16,weapons/GREATSWORD#0,,equipment_equip_weapon_basic_weapon/GREATSWORD#0
equipment/equip/weapon/basic_weapon.png,1,4,16,16,weapons/WAR_HAMMER#0,,equipment_equip_weapon_basic_weapon/WAR_HAMMER#0
equipment/equip/weapon/basic_weapon.png,2,4,16,16,weapons/GLAIVE#0,,equipment_equip_weapon_basic_weapon/GLAIVE#0
equipment/equip/weapon/basic_weapon.png,3,4,13,15,misc/GAUNTLETS#0,,equipment_equip_weapon_basic_weapon/GAUNTLETS#0
equipment/equip/weapon/basic_weapon.png,4,4,12,16,misc/GREATSHIELD#0,,equipment_equip_weapon_basic_weapon/GREATSHIELD#0
equipment/equip/weapon/basic_weapon.png,6,4,16,16,,隔断符，无意义,-
equipment/equip/weapon/basic_weapon.png,7,4,15,16,,巫女的御币,equipment_equip_weapon_basic_weapon/GOHEI
equipment/equip/weapon/basic_weapon.png,8,4,14,14,,皇家餐叉,equipment_equip_weapon_basic_weapon/ROYAL_FORK
equipment/equip/weapon/basic_weapon.png,0,5,14,15,weapons/WAR_SCYTHE#0,,equipment_equip_weapon_basic_weapon/WAR_SCYTHE#0
equipment/equip/weapon/basic_weapon.png,1,5,12,16,weapons/GREATAXE#0,,equipment_equip_weapon_basic_weapon/GREATAXE#0
equipment/equip/weapon/basic_weapon.png,6,5,16,16,,隔断符，无意义,-
equipment/equip/weapon/basic_weapon.png,7,5,16,16,misc/NEPTUNUS_TRIDENT#0,休克三叉水戟,equipment_equip_weapon_basic_weapon/SHOCK_TRIDENT
equipment/equip/weapon/basic_weapon.png,8,5,14,14,,抽灵萃取长剑,equipment_equip_weapon_basic_weapon/SOUL_DRAIN_LONGSWORD
equipment/equip/weapon/basic_weapon.png,9,5,15,14,,威慑落岩圆刃,equipment_equip_weapon_basic_weapon/DETERRENT_ROCK_BLADE
equipment/equip/weapon/basic_weapon.png,10,5,14,16,,碎骨锯肉巨斧,equipment_equip_weapon_basic_weapon/BONE_SAW_GREATAXE
equipment/equip/weapon/basic_weapon.png,11,5,16,14,,猛毒重型连枷,equipment_equip_weapon_basic_weapon/VENOMOUS_HEAVY_FLAIL
equipment/equip/weapon/basic_weapon.png,0,6,15,15,weapons/CROSSBOW#0,,equipment_equip_weapon_basic_weapon/CROSSBOW#0
equipment/equip/weapon/basic_weapon.png,6,6,16,16,,隔断符，无意义,-
equipment/equip/weapon/basic_weapon.png,7,6,14,14,,木弓,equipment_equip_weapon_basic_weapon/WOODEN_BOW
equipment/equip/weapon/basic_weapon.png,8,6,14,14,,破损的木弓,equipment_equip_weapon_basic_weapon/DAMAGED_WOODEN_BOW
equipment/equip/weapon/basic_weapon.png,9,6,15,15,,复合弓,equipment_equip_weapon_basic_weapon/COMPOSITE_BOW
equipment/equip/weapon/basic_weapon.png,10,6,15,15,,满配复合弓,equipment_equip_weapon_basic_weapon/FULL_COMPOSITE_BOW
equipment/equip/weapon/basic_weapon.png,11,6,14,14,,弩,equipment_equip_weapon_basic_weapon/CROSSBOW
equipment/equip/weapon/basic_weapon.png,6,7,16,16,,隔断符，无意义,-
equipment/equip/weapon/basic_weapon.png,7,7,10,13,,手枪,equipment_equip_weapon_basic_weapon/PISTOL
equipment/equip/weapon/basic_weapon.png,8,7,12,16,,燧发枪,equipment_equip_weapon_basic_weapon/FLINTLOCK
equipment/equip/weapon/basic_weapon.png,9,7,13,16,,机关枪,equipment_equip_weapon_basic_weapon/MACHINE_GUN
equipment/equip/weapon/basic_weapon.png,10,7,13,16,,霰弹枪,equipment_equip_weapon_basic_weapon/SHOTGUN
equipment/equip/weapon/basic_weapon.png,11,7,16,16,weapons/gun#4,,equipment_equip_weapon_basic_weapon/gun#4
equipment/equip/weapon/basic_weapon.png,12,7,12,16,,药水枪,equipment_equip_weapon_basic_weapon/POTION_GUN
equipment/equip/weapon/basic_weapon.png,13,7,10,11,,投石索,equipment_equip_weapon_basic_weapon/SLING
equipment/equip/weapon/bomb.png,0,0,10,13,weapons/BOMB#0,,equipment_equip_weapon_bomb/BOMB#0
equipment/equip/weapon/bomb.png,1,0,14,13,weapons/DBL_BOMB#0,,equipment_equip_weapon_bomb/DBL_BOMB#0
equipment/equip/weapon/bomb.png,2,0,10,13,,弃用的炸弹贴图,-
equipment/equip/weapon/bomb.png,3,0,10,13,,弃用的炸弹贴图,-
equipment/equip/weapon/bomb.png,4,0,10,13,,弃用的炸弹贴图,-
equipment/equip/weapon/bomb.png,5,0,10,13,,弃用的炸弹贴图,-
equipment/equip/weapon/bomb.png,6,0,10,13,,弃用的炸弹贴图,-
equipment/equip/weapon/bomb.png,0,1,10,13,misc/FLASHBANG#0,,equipment_equip_weapon_bomb/FLASHBANG#0
equipment/equip/weapon/bomb.png,1,1,10,13,weapons/HOLY_BOMB#0,,equipment_equip_weapon_bomb/HOLY_BOMB#0
equipment/equip/weapon/bomb.png,2,1,10,13,weapons/WOOLY_BOMB#0,,equipment_equip_weapon_bomb/WOOLY_BOMB#0
equipment/equip/weapon/bomb.png,3,1,10,13,misc/NOISEMAKER#0,,equipment_equip_weapon_bomb/NOISEMAKER#0
equipment/equip/weapon/bomb.png,4,1,10,13,weapons/ARCANE_BOMB#0,,equipment_equip_weapon_bomb/ARCANE_BOMB#0
equipment/equip/weapon/bomb.png,5,1,10,13,weapons/SHRAPNEL_BOMB#0,,equipment_equip_weapon_bomb/SHRAPNEL_BOMB#0
equipment/equip/weapon/bomb.png,6,1,10,13,weapons/SPS_HOLY_BOMB,弃用的炸弹贴图,-
equipment/equip/weapon/bomb.png,7,1,15,13,foods/SPS_FISHING_BOMB,,equipment_equip_weapon_bomb/SPS_FISHING_BOMB
equipment/equip/weapon/bomb.png,0,2,10,9,weapons/SPS_MINI_BOMB,,equipment_equip_weapon_bomb/SPS_MINI_BOMB
equipment/equip/weapon/bomb.png,1,2,12,11,,哑火的地牢炸弹,equipment_equip_weapon_bomb/DUD_DUNGEON_BOMB
equipment/equip/weapon/bomb.png,2,2,12,11,,地牢炸弹,equipment_equip_weapon_bomb/DUNGEON_BOMB
equipment/equip/weapon/bomb.png,3,2,15,14,,一捆地牢炸弹,equipment_equip_weapon_bomb/DUNGEON_BOMB_BUNDLE
equipment/equip/weapon/bomb.png,4,2,13,12,weapons/FIRE_BOMB#0,,equipment_equip_weapon_bomb/FIRE_BOMB#0
equipment/equip/weapon/bomb.png,5,2,13,12,weapons/FROST_BOMB#0,,equipment_equip_weapon_bomb/FROST_BOMB#0
equipment/equip/weapon/bomb.png,6,2,13,12,weapons/REGROWTH_BOMB#0,,equipment_equip_weapon_bomb/REGROWTH_BOMB#0
equipment/equip/weapon/bomb.png,7,2,13,12,weapons/SMOKE_BOMB#0,,equipment_equip_weapon_bomb/SMOKE_BOMB#0
equipment/equip/weapon/unique_weapon.png,0,0,15,15,,海拉鲁传奇,equipment_equip_weapon_unique_weapon/HYRULE_LEGEND
equipment/equip/weapon/unique_weapon.png,1,0,15,16,,能量剑,equipment_equip_weapon_unique_weapon/ENERGY_SWORD
equipment/equip/weapon/unique_weapon.png,2,0,15,16,,村正,equipment_equip_weapon_unique_weapon/MURAMASA
equipment/equip/weapon/unique_weapon.png,3,0,14,13,,兔兔剑,equipment_equip_weapon_unique_weapon/RABBIT_SWORD
equipment/equip/weapon/unique_weapon.png,4,0,16,16,,兔兔扳手,equipment_equip_weapon_unique_weapon/RABBIT_WRENCH
equipment/equip/weapon/unique_weapon.png,5,0,16,15,,雷切,equipment_equip_weapon_unique_weapon/RAIKIRI
equipment/equip/weapon/unique_weapon.png,6,0,16,16,,链锯剑,equipment_equip_weapon_unique_weapon/CHAINSAW_SWORD
equipment/equip/weapon/unique_weapon.png,7,0,16,16,,光之法杖,equipment_equip_weapon_unique_weapon/LIGHT_WAND
equipment/equip/weapon/unique_weapon.png,0,1,16,16,weapons/LEGACY_HOLY_MACE#0,圣锤,equipment_equip_weapon_unique_weapon/HOLY_HAMMER
equipment/equip/weapon/unique_weapon.png,1,1,13,16,,圣经,equipment_equip_weapon_unique_weapon/BIBLE
equipment/equip/weapon/unique_weapon.png,2,1,15,15,,史蒂夫的钻石镐,equipment_equip_weapon_unique_weapon/STEVE_DIAMOND_PICKAXE
equipment/equip/weapon/unique_weapon.png,3,1,12,15,misc/TORCH#0,史蒂夫的火把,equipment_equip_weapon_unique_weapon/STEVE_TORCH
equipment/equip/weapon/unique_weapon.png,0,5,14,14,,女猎手的回旋镖,equipment_equip_weapon_unique_weapon/HUNTRESS_BOOMERANG
equipment/equip/weapon/unique_weapon.png,1,5,16,16,weapons/SPIRIT_BOW#0,,equipment_equip_weapon_unique_weapon/SPIRIT_BOW#0
equipment/equip/weapon/unique_weapon.png,2,5,16,16,weapons/SPS_TAURCEN_BOW#0,,equipment_equip_weapon_unique_weapon/SPS_TAURCEN_BOW#0
equipment/equip/weapon/unique_weapon.png,3,5,16,16,misc/MANY_KNIVE#0,,equipment_equip_weapon_unique_weapon/MANY_KNIVE#0
equipment/equip/weapon/unique_weapon.png,4,5,16,16,weapons/SPS_ELF_BOW#0,,equipment_equip_weapon_unique_weapon/SPS_ELF_BOW#0
equipment/equip/weapon/unique_weapon.png,5,5,14,13,,恶魔刀锋,equipment_equip_weapon_unique_weapon/DEMON_BLADE
equipment/equip/weapon/unique_weapon.png,6,5,13,7,,洛克大炮,equipment_equip_weapon_unique_weapon/ROCK_CANNON
equipment/equip/weapon/unique_weapon.png,7,5,6,6,,洛克子弹#0,equipment_equip_weapon_unique_weapon/ROCK_BULLET#0
equipment/equip/weapon/unique_weapon.png,8,5,10,7,,洛克子弹#1,equipment_equip_weapon_unique_weapon/ROCK_BULLET#1
equipment/equip/weapon/unique_weapon.png,9,5,15,14,,洛克子弹#2,equipment_equip_weapon_unique_weapon/ROCK_BULLET#2
equipment/equip/weapon/unique_weapon.png,10,5,14,16,,电磁霰弹枪,equipment_equip_weapon_unique_weapon/ELECTROMAGNETIC_SHOTGUN
equipment/equip/weapon/unique_weapon.png,11,5,14,11,,彩弹枪,equipment_equip_weapon_unique_weapon/PAINTBALL_GUN
equipment/equip/weapon/unique_weapon.png,12,5,16,16,,强弓,equipment_equip_weapon_unique_weapon/STRONG_BOW
equipment/equip/weapon/unique_weapon.png,13,5,16,16,,加特林,equipment_equip_weapon_unique_weapon/GATLING
equipment/equip/weapon/unique_weapon.png,14,5,15,10,,露珠枪,equipment_equip_weapon_unique_weapon/DEWDROP_GUN
equipment/jewellery/artifact.png,0,0,9,15,,暗影斗篷,equipment_jewellery_artifact/CLOAK_OF_SHADOWS
equipment/jewellery/artifact.png,1,0,16,13,,盗贼袖章,equipment_jewellery_artifact/MASTER_THIEVES_ARMBAND
equipment/jewellery/artifact.png,2,0,16,14,,荆棘斗篷,equipment_jewellery_artifact/CAPE_OF_THORNS
equipment/jewellery/artifact.png,3,0,15,13,,先见护符,equipment_jewellery_artifact/TALISMAN_OF_FORESIGHT
equipment/jewellery/artifact.png,4,0,13,16,,时之沙漏,equipment_jewellery_artifact/TIMEKEEPERS_HOURGLASS
equipment/jewellery/artifact.png,5,0,15,13,,炼药工作台,equipment_jewellery_artifact/ALCHEMISTS_TOOLKIT
equipment/jewellery/artifact.png,6,0,13,16,,无序法典,equipment_jewellery_artifact/UNSTABLE_SPELLBOOK
equipment/jewellery/artifact.png,7,0,15,16,,虚空锁链,equipment_jewellery_artifact/ETHEREAL_CHAINS
equipment/jewellery/artifact.png,8,0,15,15,,丰饶号角#0,equipment_jewellery_artifact/HORN_OF_PLENTY#0
equipment/jewellery/artifact.png,9,0,15,15,,丰饶号角#1,equipment_jewellery_artifact/HORN_OF_PLENTY#1
equipment/jewellery/artifact.png,10,0,15,15,,丰饶号角#2,equipment_jewellery_artifact/HORN_OF_PLENTY#2
equipment/jewellery/artifact.png,11,0,16,16,,丰饶号角#3,equipment_jewellery_artifact/HORN_OF_PLENTY#3
equipment/jewellery/artifact.png,12,0,12,15,,鲜血圣杯#0,equipment_jewellery_artifact/CHALICE_OF_BLOOD#0
equipment/jewellery/artifact.png,13,0,12,15,,鲜血圣杯#1,equipment_jewellery_artifact/CHALICE_OF_BLOOD#1
equipment/jewellery/artifact.png,14,0,12,15,,鲜血圣杯#2,equipment_jewellery_artifact/CHALICE_OF_BLOOD#2
equipment/jewellery/artifact.png,15,0,16,5,,生长之靴#0,equipment_jewellery_artifact/SANDALS_OF_NATURE#0
equipment/jewellery/artifact.png,16,0,16,6,,生长之靴#1,equipment_jewellery_artifact/SANDALS_OF_NATURE#1
equipment/jewellery/artifact.png,17,0,16,9,,生长之靴#2,equipment_jewellery_artifact/SANDALS_OF_NATURE#2
equipment/jewellery/artifact.png,18,0,16,14,,生长之靴#3,equipment_jewellery_artifact/SANDALS_OF_NATURE#3
equipment/jewellery/artifact.png,19,0,8,16,artifacts/ARTIFACT_KEY#0,,equipment_jewellery_artifact/ARTIFACT_KEY#0
equipment/jewellery/artifact.png,0,1,13,15,,幽灵玫瑰#0,equipment_jewellery_artifact/DRIED_ROSE#0
equipment/jewellery/artifact.png,1,1,14,14,,幽灵玫瑰#1,equipment_jewellery_artifact/DRIED_ROSE#1
equipment/jewellery/artifact.png,2,1,14,14,,幽灵玫瑰#2,equipment_jewellery_artifact/DRIED_ROSE#2
equipment/jewellery/artifact.png,3,1,16,16,artifacts/ARTIFACT_BEACON#0,,equipment_jewellery_artifact/ARTIFACT_BEACON#0
equipment/jewellery/artifact.png,4,1,15,14,,便携水晶塔,equipment_jewellery_artifact/PYLON
equipment/jewellery/artifact.png,5,1,13,13,,机械心脏,equipment_jewellery_artifact/MECHANICAL_HEART
equipment/jewellery/artifact.png,6,1,16,16,artifacts/ARTIFACT_ICE_EYE#0,,equipment_jewellery_artifact/ARTIFACT_ICE_EYE#0
equipment/jewellery/artifact.png,7,1,12,14,,玻璃图腾,equipment_jewellery_artifact/GLASS_TOTEM
equipment/jewellery/artifact.png,8,1,16,16,misc/LEGACY_ALIEN_BAG#0,,equipment_jewellery_artifact/LEGACY_ALIEN_BAG#0
equipment/jewellery/artifact.png,9,1,16,16,,小丑盒子,equipment_jewellery_artifact/JESTER_BOX
equipment/jewellery/artifact.png,10,1,16,16,,翔虫,equipment_jewellery_artifact/WIREBUG
equipment/jewellery/artifact.png,11,1,13,16,,十六夜的怀表,equipment_jewellery_artifact/IZAYOI_WATCH
equipment/jewellery/artifact.png,11,2,5,1,,噪点,-
equipment/jewellery/artifact.png,0,3,16,15,,诅咒电话,equipment_jewellery_artifact/CURSED_PHONE
equipment/jewellery/artifact.png,1,3,16,16,misc/LING_HEART#0,,equipment_jewellery_artifact/LING_HEART#0
equipment/jewellery/artifact.png,2,3,15,15,,月之钗,equipment_jewellery_artifact/MOON_HAIRPIN
equipment/jewellery/artifact.png,3,3,12,12,,幸运徽章,equipment_jewellery_artifact/LUCKY_BADGE
equipment/jewellery/artifact.png,4,3,15,16,,四叶草徽章,equipment_jewellery_artifact/CLOVER_BADGE
equipment/jewellery/artifact.png,5,3,15,13,,药水认证徽章,equipment_jewellery_artifact/POTION_BADGE
equipment/jewellery/artifact.png,6,3,16,15,,齐姆林王冠,equipment_jewellery_artifact/KINGS_CROWN
equipment/jewellery/artifact.png,17,3,16,14,,坚硬米饼,equipment_jewellery_artifact/HARD_RICE_CRACKER
equipment/jewellery/artifact.png,18,3,14,15,,勇者的铁盾,equipment_jewellery_artifact/HERO_IRON_SHIELD
equipment/jewellery/artifact.png,19,3,14,10,,不朽鱼干,equipment_jewellery_artifact/IMMORTAL_DRIED_FISH
equipment/jewellery/ring.png,0,0,8,10,rings/RING_HOLDER,,equipment_jewellery_ring/RING_HOLDER
equipment/jewellery/ring.png,1,0,8,10,rings/RING_RUBY#0,,equipment_jewellery_ring/RING_RUBY#0
equipment/jewellery/ring.png,2,0,8,10,rings/RING_ELEMENTS#0,,equipment_jewellery_ring/RING_ELEMENTS#0
equipment/jewellery/ring.png,3,0,8,10,rings/RING_ENERGY#0,,equipment_jewellery_ring/RING_ENERGY#0
equipment/jewellery/ring.png,4,0,8,10,rings/RING_ONYX#0,,equipment_jewellery_ring/RING_ONYX#0
equipment/jewellery/ring.png,5,0,8,10,rings/RING_FORCE#0,,equipment_jewellery_ring/RING_FORCE#0
equipment/jewellery/ring.png,6,0,8,10,rings/RING_FUROR#0,,equipment_jewellery_ring/RING_FUROR#0
equipment/jewellery/ring.png,7,0,8,10,rings/RING_SAPPHIRE#0,,equipment_jewellery_ring/RING_SAPPHIRE#0
equipment/jewellery/ring.png,8,0,8,10,rings/RING_MIGHT#0,,equipment_jewellery_ring/RING_MIGHT#0
equipment/jewellery/ring.png,9,0,8,10,rings/RING_SHARPSHOOT#0,,equipment_jewellery_ring/RING_SHARPSHOOT#0
equipment/jewellery/ring.png,10,0,8,10,rings/RING_TENACITY#0,,equipment_jewellery_ring/RING_TENACITY#0
equipment/jewellery/ring.png,11,0,8,10,rings/RING_DIAMOND#0,,equipment_jewellery_ring/RING_DIAMOND#0
equipment/jewellery/ring.png,0,2,14,10,rings/SPS_WING_RING,,equipment_jewellery_ring/SPS_WING_RING
equipment/non_equip.png,0,0,16,16,artifacts/LEGACY_ATTACK_SHOES#0,跳跃靴子,equipment_non_equip/JUMP_BOOTS
equipment/non_equip.png,1,0,10,14,,神圣护盾,equipment_non_equip/HOLY_SHIELD
equipment/non_equip.png,2,0,13,14,,露珠蘑菇,equipment_non_equip/DEWDROP_MUSHROOM
equipment/non_equip.png,3,0,12,12,,露珠瓶,equipment_non_equip/WATERSKIN
equipment/non_equip.png,4,0,10,10,,普通露珠,equipment_non_equip/DEWDROP
equipment/non_equip.png,5,0,10,10,,黄色露珠,equipment_non_equip/YELLOW_DEWDROP
equipment/non_equip.png,6,0,10,13,,红色露珠,equipment_non_equip/RED_DEWDROP
equipment/non_equip.png,7,0,10,10,,紫色露珠,equipment_non_equip/VIOLET_DEWDROP
equipment/non_equip.png,8,0,10,10,,绿色露珠,equipment_non_equip/GREEN_DEWDROP
equipment/non_equip.png,9,0,14,11,,黄色强化精华,equipment_non_equip/YELLOW_UPGRADE_BLOB
equipment/non_equip.png,10,0,14,11,,红色强化精华,equipment_non_equip/RED_UPGRADE_BLOB
equipment/non_equip.png,11,0,14,11,,紫色强化精华,equipment_non_equip/VIOLET_UPGRADE_BLOB
equipment/non_equip.png,12,0,6,12,,纯净露珠水,equipment_non_equip/PURE_DEWDROP_WATER
equipment/non_equip.png,13,0,10,14,,空的精灵球,equipment_non_equip/EMPTY_POCKET_BALL
equipment/non_equip.png,14,0,10,14,,满的精灵球,equipment_non_equip/FULL_POCKET_BALL
equipment/non_equip.png,15,0,16,16,,紧急离线装置,equipment_non_equip/SAVE_YOUR_LIFE
equipment/non_equip.png,0,1,10,10,,神木圆盾,equipment_non_equip/DIVINE_WOOD_SHIELD
equipment/non_equip.png,1,1,12,14,,奇迹烧瓶,equipment_non_equip/MIRACLE_FLASK
equipment/non_equip.png,2,1,16,16,misc/LEGACY_SHOVEL#0,,equipment_non_equip/LEGACY_SHOVEL#0
equipment/non_equip.png,3,1,16,12,,电磁手枪,equipment_non_equip/ELECTROMAGNETIC_PISTOL
equipment/non_equip.png,4,1,10,7,,电磁手枪子弹,equipment_non_equip/ELECTROMAGNETIC_BULLET
equipment/non_equip.png,5,1,12,12,,隆的波动拳,equipment_non_equip/RYU_HADOKEN
equipment/non_equip.png,6,1,14,14,,信仰盒,equipment_non_equip/FAITH_BOX
equipment/non_equip.png,7,1,15,11,,蓄电池,equipment_non_equip/BATTERY
equipment/non_equip.png,8,1,13,15,,金手指,equipment_non_equip/CHEAT_CODE
equipment/non_equip.png,9,1,11,11,,蘑菇问号盒,equipment_non_equip/MUSHROOM_QUESTION_BOX
equipment/non_equip.png,10,1,11,11,,小锤子,equipment_non_equip/SMALL_HAMMER
equipment/non_equip.png,11,1,11,14,,卡片盒,equipment_non_equip/CARD_BOX
equipment/non_equip.png,12,1,13,16,,恶魔契约,equipment_non_equip/DEMON_CONTRACT
equipment/non_equip.png,13,1,13,16,,混沌之契,equipment_non_equip/CHAOS_PACK
equipment/non_equip.png,14,1,11,14,,混沌之血,equipment_non_equip/CHAOS_BLOOD
equipment/non_equip.png,15,1,15,15,,仪式面具,equipment_non_equip/RITUAL_MASK
equipment/non_equip.png,0,2,12,13,,符文骰子,equipment_non_equip/RUNE_DICE
equipment/non_equip.png,1,2,12,16,,堡垒旗帜,equipment_non_equip/FORTRESS_BANNER
equipment/non_equip.png,2,2,16,16,misc/SPS_DICE_TOWER#0,,equipment_non_equip/SPS_DICE_TOWER#0
equipment/non_equip.png,3,2,16,11,,哆啦A梦的口袋,equipment_non_equip/DORAEMON_POCKET
equipment/non_equip.png,4,2,14,16,,侦探套装,equipment_non_equip/DETECTIVE_SUIT
equipment/non_equip.png,5,2,14,16,,领主旗帜,equipment_non_equip/LORD_BANNER
equipment/non_equip.png,6,2,11,11,,医疗包,equipment_non_equip/MEDKIT
equipment/non_equip.png,7,2,13,12,,箭袋,equipment_non_equip/QUIVER
equipment/non_equip.png,8,2,16,16,misc/SPS_SERIOUS_PUNCH#0,,equipment_non_equip/SPS_SERIOUS_PUNCH#0
equipment/non_equip.png,9,2,15,16,,通缉名单,equipment_non_equip/WANTED_LIST
equipment/non_equip.png,10,2,16,15,,侦测仪器,equipment_non_equip/DETECTOR
equipment/non_equip.png,11,2,13,13,,侵蚀核心,equipment_non_equip/EROSION_CORE
equipment/non_equip.png,12,2,14,14,,蛮族头盔,equipment_non_equip/BARBARIAN_HELMET
equipment/non_equip.png,13,2,16,15,,恶魔头盔,equipment_non_equip/DEMON_HELMET
equipment/non_equip.png,14,2,14,15,,赤兔图腾,equipment_non_equip/RED_HARE_TOTEM
equipment/non_equip.png,15,2,12,14,,仿制露珠瓶,equipment_non_equip/FAKE_DEWDROP_VIAL
equipment/non_equip.png,0,5,10,12,,恶魔宝典,equipment_non_equip/DEMON_BOOK
equipment/non_equip.png,1,5,13,16,,亡灵圣经,equipment_non_equip/UNDEAD_BIBLE
equipment/non_equip.png,2,5,13,16,,收集图鉴,equipment_non_equip/COLLECTION_BOOK
equipment/non_equip.png,3,5,12,12,,报酬清单,equipment_non_equip/REWARD_LIST
equipment/non_equip.png,4,5,13,16,,森林养护指南,equipment_non_equip/FOREST_GUIDE
equipment/non_equip.png,5,5,14,16,,动物养护指南,equipment_non_equip/ANIMAL_GUIDE
equipment/non_equip.png,15,5,15,14,,社会升降器,equipment_non_equip/ELEVATOR
equipment/non_equip.png,0,6,16,16,,战士英雄技能,equipment_non_equip/HERO_SKILL_WARRIOR
equipment/non_equip.png,1,6,16,16,,法师英雄技能,equipment_non_equip/HERO_SKILL_MAGE
equipment/non_equip.png,2,6,16,16,,盗贼英雄技能,equipment_non_equip/HERO_SKILL_ROGUE
equipment/non_equip.png,3,6,16,16,,女猎英雄技能,equipment_non_equip/HERO_SKILL_HUNTRESS
equipment/non_equip.png,4,6,16,16,,演员英雄技能,equipment_non_equip/HERO_SKILL_PERFORMER
equipment/non_equip.png,5,6,16,16,,星兵英雄技能,equipment_non_equip/HERO_SKILL_STAR_SOLDIER
equipment/non_equip.png,6,6,16,16,,信徒英雄技能,equipment_non_equip/HERO_SKILL_CLERIC
equipment/non_equip.png,7,6,16,16,armor/SPS_LIFE_ARMOR#0,,equipment_non_equip/SPS_LIFE_ARMOR#0
equipment/non_equip.png,14,6,14,13,,美味布丁,equipment_non_equip/TASTY_PUDDING
equipment/non_equip.png,15,6,15,15,misc/SPYGLASS#0,,equipment_non_equip/SPYGLASS#0
equipment/non_equip.png,0,7,16,11,misc/RAT_SKULL#0,,equipment_non_equip/RAT_SKULL#0
equipment/non_equip.png,1,7,10,14,misc/PARCHMENT_SCRAP#0,,equipment_non_equip/PARCHMENT_SCRAP#0
equipment/non_equip.png,2,7,9,9,seeds/PETRIFIED_SEED#0,,equipment_non_equip/PETRIFIED_SEED#0
equipment/non_equip.png,3,7,15,13,stones/EXOTIC_CRYSTALS#0,,equipment_non_equip/EXOTIC_CRYSTALS#0
equipment/non_equip.png,4,7,12,11,misc/MOSSY_CLUMP#0,,equipment_non_equip/MOSSY_CLUMP#0
equipment/non_equip.png,5,7,16,12,misc/SUNDIAL#0,,equipment_non_equip/SUNDIAL#0
equipment/non_equip.png,6,7,11,15,misc/CLOVER#0,,equipment_non_equip/CLOVER#0
equipment/non_equip.png,7,7,13,15,misc/TRAP_MECHANISM#0,,equipment_non_equip/TRAP_MECHANISM#0
equipment/non_equip.png,8,7,8,15,misc/MIMIC_TOOTH#0,,equipment_non_equip/MIMIC_TOOTH#0
equipment/non_equip.png,9,7,12,11,misc/WONDROUS_RESIN#0,,equipment_non_equip/WONDROUS_RESIN#0
equipment/non_equip.png,10,7,12,12,misc/EYE_OF_NEWT#0,,equipment_non_equip/EYE_OF_NEWT#0
equipment/non_equip.png,11,7,12,13,misc/SALT_CUBE#0,,equipment_non_equip/SALT_CUBE#0
equipment/non_equip.png,12,7,6,15,misc/BLOOD_VIAL#0,,equipment_non_equip/BLOOD_VIAL#0
equipment/non_equip.png,13,7,7,14,stones/OBLIVION_SHARD#0,,equipment_non_equip/OBLIVION_SHARD#0
equipment/non_equip.png,14,7,13,15,misc/CHAOTIC_CENSER#0,,equipment_non_equip/CHAOTIC_CENSER#0
equipment/non_equip.png,15,7,16,15,misc/FERRET_TUFT#0,,equipment_non_equip/FERRET_TUFT#0
equipment/wand/basic_wand.png,0,0,14,14,wands/WAND_SPS_MAGIC_MISSILE,,equipment_wand_basic_wand/WAND_SPS_MAGIC_MISSILE
equipment/wand/basic_wand.png,1,0,14,14,wands/WAND_FIREBOLT#0,,equipment_wand_basic_wand/WAND_FIREBOLT#0
equipment/wand/basic_wand.png,2,0,14,14,wands/WAND_FROST,,equipment_wand_basic_wand/WAND_FROST
equipment/wand/basic_wand.png,3,0,14,14,wands/WAND_LIGHTNING,,equipment_wand_basic_wand/WAND_LIGHTNING
equipment/wand/basic_wand.png,4,0,14,14,wands/WAND_DISINTEGRATION#0,,equipment_wand_basic_wand/WAND_DISINTEGRATION#0
equipment/wand/basic_wand.png,5,0,16,15,wands/WAND_LIGHT,,equipment_wand_basic_wand/WAND_LIGHT
equipment/wand/basic_wand.png,6,0,14,14,wands/WAND_WARDING#0,,equipment_wand_basic_wand/WAND_WARDING#0
equipment/wand/basic_wand.png,7,0,16,14,wands/WAND_REGROWTH,,equipment_wand_basic_wand/WAND_REGROWTH
equipment/wand/basic_wand.png,12,0,14,14,wands/WAND_SPS_ENERGY,,equipment_wand_basic_wand/WAND_SPS_ENERGY
equipment/wand/basic_wand.png,13,0,14,14,wands/WAND_SPS_FIREBOLT,,equipment_wand_basic_wand/WAND_SPS_FIREBOLT
equipment/wand/basic_wand.png,14,0,14,14,wands/WAND_SPS_FREEZE,,equipment_wand_basic_wand/WAND_SPS_FREEZE
equipment/wand/basic_wand.png,15,0,14,14,wands/WAND_SPS_LIGHTNING,,equipment_wand_basic_wand/WAND_SPS_LIGHTNING
equipment/wand/basic_wand.png,0,1,14,14,wands/WAND_POISON,,equipment_wand_basic_wand/WAND_POISON
equipment/wand/basic_wand.png,1,1,14,14,wands/WAND_TRANSFUSION#0,,equipment_wand_basic_wand/WAND_TRANSFUSION#0
equipment/wand/basic_wand.png,2,1,14,14,wands/WAND_ACID,,equipment_wand_basic_wand/WAND_ACID
equipment/wand/basic_wand.png,3,1,14,14,wands/WAND_LIVING_EARTH#0,,equipment_wand_basic_wand/WAND_LIVING_EARTH#0
equipment/wand/basic_wand.png,4,1,14,14,wands/WAND_BLAST_WAVE#0,,equipment_wand_basic_wand/WAND_BLAST_WAVE#0
equipment/wand/basic_wand.png,5,1,14,14,wands/WAND_CORRUPTION#0,,equipment_wand_basic_wand/WAND_CORRUPTION#0
equipment/wand/basic_wand.png,6,1,14,14,wands/WAND_FLOW,,equipment_wand_basic_wand/WAND_FLOW
equipment/wand/basic_wand.png,7,1,14,14,wands/WAND_TCLOUD,,equipment_wand_basic_wand/WAND_TCLOUD
equipment/wand/basic_wand.png,12,1,6,1,(skip),,-
equipment/wand/basic_wand.png,13,1,14,14,wands/WAND_SPS_ACID,,equipment_wand_basic_wand/WAND_SPS_ACID
equipment/wand/basic_wand.png,14,1,14,14,wands/WAND_SPS_LIGHT,,equipment_wand_basic_wand/WAND_SPS_LIGHT
equipment/wand/basic_wand.png,15,1,14,14,wands/WAND_SPS_DARK,,equipment_wand_basic_wand/WAND_SPS_DARK
equipment/wand/unique_wand.png,0,0,15,15,misc/LEGACY_CANNON_OF_MAGE,,equipment_wand_unique_wand/LEGACY_CANNON_OF_MAGE
ground/functional_falling.png,0,0,10,10,materials/dewdrop#0,,ground_functional_falling/dewdrop#0
ground/functional_falling.png,1,0,10,10,materials/dewdrop#1,,ground_functional_falling/dewdrop#1
ground/functional_falling.png,2,0,10,13,materials/dewdrop#2,,ground_functional_falling/dewdrop#2
ground/functional_falling.png,3,0,10,10,materials/dewdrop#3,,ground_functional_falling/dewdrop#3
ground/functional_falling.png,4,0,10,10,materials/dewdrop#4,,ground_functional_falling/dewdrop#4
ground/functional_falling.png,0,1,8,8,misc/PETAL#0,,ground_functional_falling/PETAL#0
ground/functional_falling.png,1,1,10,10,misc/SANDBAG#0,,ground_functional_falling/SANDBAG#0
ground/functional_falling.png,2,1,11,11,weapons/SPIRIT_ARROW#0,,ground_functional_falling/SPIRIT_ARROW#0
ground/functional_falling.png,3,1,10,10,weapons/TENGU_BOMB#0,,ground_functional_falling/TENGU_BOMB#0
ground/functional_falling.png,4,1,10,10,misc/TENGU_SHOCKER#0,,ground_functional_falling/TENGU_SHOCKER#0
ground/grounding_items.png,0,0,15,14,,普通遗骸,ground_grounding_items/NORMAL_REMAINS
ground/grounding_items.png,1,0,15,14,,英雄骸骨,ground_grounding_items/HERO_BONES
ground/grounding_items.png,3,0,16,15,misc/CHEST#0,,ground_grounding_items/CHEST#0
ground/grounding_items.png,4,0,16,15,misc/LOCKED_CHEST#0,,ground_grounding_items/LOCKED_CHEST#0
ground/grounding_items.png,5,0,16,15,stones/CRYSTAL_CHEST#0,,ground_grounding_items/CRYSTAL_CHEST#0
ground/grounding_items.png,6,0,16,14,,弃用的贴图,-
ground/grounding_items.png,7,0,16,14,,弃用的贴图,-
ground/grounding_items.png,8,0,16,14,,弃用的贴图,-
ground/grounding_items.png,9,0,16,14,misc/EBONY_CHEST#0,,ground_grounding_items/EBONY_CHEST#0
ground/grounding_items.png,0,1,14,15,,普通墓碑,ground_grounding_items/NORMAL_GRAVESTONE
ground/grounding_items.png,1,1,14,15,,大理石墓碑,ground_grounding_items/MARBLE_GRAVESTONE
ground/grounding_items.png,0,2,14,15,misc/E_DUST#0,藏宝地,ground_grounding_items/TREASURE_SPOT
ground/grounding_items.png,1,2,14,15,,藏宝地,ground_grounding_items/TREASURE_SPOT
ground/grounding_items.png,0,3,16,16,,弃用的贴图,-
ground/grounding_items.png,1,3,16,15,,弃用的贴图,-
ground/grounding_items.png,2,3,14,15,,花盆,ground_grounding_items/FLOWER_POT
ground/grounding_items.png,3,3,16,15,,炼药釜,ground_grounding_items/ALCHEMY_CAULDRON
ground/grounding_items.png,4,3,16,14,,铁砧,ground_grounding_items/ANVIL
ground/rock.png,0,0,16,15,misc/GEO_BOULDER#0,,ground_rock/GEO_BOULDER#0
specific/currency.png,0,0,15,13,misc/GOLD#0,,specific_currency/GOLD#0
specific/currency.png,1,0,16,16,misc/ENERGY#0,,specific_currency/ENERGY#0
specific/currency.png,0,1,12,15,(skip),,-
specific/currency.png,1,1,15,15,(skip),,-
specific/key.png,0,0,8,14,keys/IRON_KEY,,specific_key/IRON_KEY
specific/key.png,1,0,8,14,keys/GOLDEN_KEY,,specific_key/GOLDEN_KEY
specific/key.png,2,0,8,14,keys/WORN_KEY,,specific_key/WORN_KEY
specific/key.png,3,0,8,14,stones/CRYSTAL_KEY,,specific_key/CRYSTAL_KEY
specific/key.png,0,1,8,14,(skip),,-
specific/key.png,1,1,8,14,(skip),,-
specific/key.png,2,1,8,14,(skip),,-
specific/key.png,3,1,8,14,(skip),,-
specific/pages.png,0,0,10,11,documents/GUIDE_PAGE#0,,specific_pages/GUIDE_PAGE#0
specific/pages.png,1,0,10,11,documents/ALCH_PAGE#0,,specific_pages/ALCH_PAGE#0
specific/pages.png,2,0,10,11,documents/SEWER_PAGE#0,,specific_pages/SEWER_PAGE#0
specific/pages.png,3,0,10,11,documents/PRISON_PAGE#0,,specific_pages/PRISON_PAGE#0
specific/pages.png,4,0,10,11,documents/CAVES_PAGE#0,,specific_pages/CAVES_PAGE#0
specific/pages.png,5,0,10,11,documents/CITY_PAGE#0,,specific_pages/CITY_PAGE#0
specific/pages.png,6,0,10,11,documents/HALLS_PAGE#0,,specific_pages/HALLS_PAGE#0
specific/place_holder.png,0,0,16,7,misc/SPS_PH_ERROR,,specific_place_holder/SPS_PH_ERROR
specific/place_holder.png,1,0,14,14,misc/SPS_PH_WEAPON,,specific_place_holder/SPS_PH_WEAPON
specific/place_holder.png,2,0,14,12,misc/SPS_PH_ARMOR,,specific_place_holder/SPS_PH_ARMOR
specific/place_holder.png,3,0,14,14,wands/WAND_HOLDER#0,,specific_place_holder/WAND_HOLDER#0
specific/place_holder.png,4,0,15,15,artifacts/ARTIFACT_HOLDER#0,,specific_place_holder/ARTIFACT_HOLDER#0
specific/place_holder.png,5,0,16,11,misc/TRINKET_HOLDER#0,,specific_place_holder/TRINKET_HOLDER#0
specific/place_holder.png,6,0,14,11,misc/SPS_PH_FOOD,,specific_place_holder/SPS_PH_FOOD
specific/place_holder.png,7,0,14,14,misc/SPS_UI_ICON_CATALOG,,specific_place_holder/SPS_UI_ICON_CATALOG
specific/place_holder.png,8,0,15,14,documents/SCROLL_HOLDER#0,,specific_place_holder/SCROLL_HOLDER#0
specific/place_holder.png,9,0,12,14,potions/POTION_HOLDER#0,,specific_place_holder/POTION_HOLDER#0
specific/place_holder.png,13,0,15,14,misc/MOB_HOLDER#0,,specific_place_holder/MOB_HOLDER#0
specific/place_holder.png,14,0,11,12,misc/SPS_UI_ICON_A,,specific_place_holder/SPS_UI_ICON_A
specific/place_holder.png,15,0,13,10,misc/SPS_UI_ICON_B,,specific_place_holder/SPS_UI_ICON_B
specific/place_holder.png,0,1,8,13,misc/SOMETHING#0,,specific_place_holder/SOMETHING#0
specific/place_holder.png,1,1,14,14,misc/SPS_PH_WEAPON_BAD,,specific_place_holder/SPS_PH_WEAPON_BAD
specific/place_holder.png,2,1,14,12,misc/SPS_PH_ARMOR_BAD,,specific_place_holder/SPS_PH_ARMOR_BAD
specific/place_holder.png,3,1,14,14,misc/SPS_PH_WAND_BAD,,specific_place_holder/SPS_PH_WAND_BAD
specific/place_holder.png,4,1,8,10,rings/RING_HOLDER#0,,specific_place_holder/RING_HOLDER#0
specific/place_holder.png,6,1,15,11,foods/FOOD_HOLDER#0,,specific_place_holder/FOOD_HOLDER#0
specific/place_holder.png,8,1,14,12,stones/STONE_HOLDER#0,,specific_place_holder/STONE_HOLDER#0
specific/place_holder.png,9,1,10,10,seeds/SEED_HOLDER#0,,specific_place_holder/SEED_HOLDER#0
specific/place_holder.png,13,1,14,11,misc/SPS_UI_ICON_C,,specific_place_holder/SPS_UI_ICON_C
specific/place_holder.png,14,1,12,14,misc/SPS_UI_ICON_D,,specific_place_holder/SPS_UI_ICON_D
specific/place_holder.png,15,1,13,14,misc/SPS_UI_ICON_E,,specific_place_holder/SPS_UI_ICON_E
specific/place_holder.png,0,2,8,9,misc/SPS_PH_LOG,,specific_place_holder/SPS_PH_LOG
specific/place_holder.png,1,2,14,14,misc/SPS_PH_WEAPON_TEST,,specific_place_holder/SPS_PH_WEAPON_TEST
specific/place_holder.png,2,2,14,12,misc/SPS_PH_ARMOR_TEST,,specific_place_holder/SPS_PH_ARMOR_TEST
specific/place_holder.png,3,2,14,14,misc/SPS_PH_WAND_TEST,,specific_place_holder/SPS_PH_WAND_TEST
specific/place_holder.png,4,2,14,11,misc/SPS_PH_TRINKET,,specific_place_holder/SPS_PH_TRINKET
specific/place_holder.png,6,2,10,10,misc/SPS_PH_ALCHEMY,,specific_place_holder/SPS_PH_ALCHEMY
specific/place_holder.png,8,2,12,14,potions/ELIXIR_HOLDER#0,,specific_place_holder/ELIXIR_HOLDER#0
specific/place_holder.png,9,2,8,16,misc/SPELL_HOLDER#0,,specific_place_holder/SPELL_HOLDER#0
specific/place_holder.png,0,3,10,11,documents/DOCUMENT_HOLDER#0,,specific_place_holder/DOCUMENT_HOLDER#0
specific/place_holder.png,1,3,14,14,misc/SPS_PH_WEAPON_SPARE,,specific_place_holder/SPS_PH_WEAPON_SPARE
specific/place_holder.png,2,3,14,12,misc/SPS_PH_ARMOR_SPARE,,specific_place_holder/SPS_PH_ARMOR_SPARE
specific/place_holder.png,3,3,14,14,misc/SPS_PH_WAND_SPARE,,specific_place_holder/SPS_PH_WAND_SPARE
specific/place_holder.png,4,3,14,14,misc/SPS_PH_BADGE,,specific_place_holder/SPS_PH_BADGE
specific/place_holder.png,13,3,14,11,misc/SPS_GOLD_TO_SCOIN,,specific_place_holder/SPS_GOLD_TO_SCOIN
specific/place_holder.png,14,3,16,14,(skip),,-
specific/place_holder.png,15,3,10,9,misc/SPS_PH_BADGE_ALT,,specific_place_holder/SPS_PH_BADGE_ALT
specific/task.png,0,0,12,11,misc/TRINKET_CATA#0,,specific_task/TRINKET_CATA#0
specific/task.png,1,0,13,14,,露珠蘑菇,specific_task/DEWDROP_MUSHROOM
specific/task.png,2,0,12,12,misc/CANDLE#0,,specific_task/CANDLE#0
specific/task.png,3,0,12,11,misc/DUST#0,,specific_task/DUST#0
specific/task.png,4,0,13,12,,豺狼风衣,specific_task/GNOLL_CLOTHES
specific/task.png,10,0,13,16,,全能之书,specific_task/BOOK_OF_ALL
specific/task.png,11,0,13,16,,力量试炼,specific_task/POWER_CHALLENGE
specific/task.png,12,0,13,16,,生命试炼,specific_task/TRIAL_OF_LIFE
specific/task.png,13,0,12,11,,美味布丁,specific_task/TASTY_PUDDING
specific/task.png,14,0,14,14,,灵魂囚禁石,specific_task/SOUL_COLLECT
specific/task.png,15,0,13,15,,力量之手,specific_task/POWER_HAND
specific/task.png,0,1,14,14,weapons/PICKAXE#0,,specific_task/PICKAXE#0
specific/task.png,1,1,15,15,misc/ORE#0,,specific_task/ORE#0
specific/task.png,2,1,12,12,misc/TOKEN#0,,specific_task/TOKEN#0
specific/task.png,3,1,12,11,misc/EMBER#0,,specific_task/EMBER#0
specific/task.png,10,1,13,16,,智慧试炼,specific_task/WISDOM_CHALLENGE
specific/task.png,11,1,16,10,,全能三角,specific_task/TRIFORCE
specific/task.png,12,1,15,15,,最终试炼,specific_task/FINAL_TRIAL
specific/task.png,13,1,16,16,misc/AMULET#0,,specific_task/AMULET#0
specific/task.png,14,1,14,14,,能量核心,specific_task/ENERGY_CORE
specific/task.png,15,1,16,16,,最终奖杯,specific_task/FINAL_TROPHY
specific/task.png,0,2,14,15,,多利亚石板,specific_task/DOLYA_SLATE
specific/task.png,1,2,14,15,,灵魂之书,specific_task/SOUL_BOOK
specific/task.png,2,2,12,15,,试炼之书,specific_task/TRIAL_BOOK
specific/task.png,3,2,16,16,misc/SEWER_CHALLENGE#0,,specific_task/SEWER_CHALLENGE#0
specific/task.png,4,2,16,16,,骷髅挑战,specific_task/SKELETON_CHALLENGE
specific/task.png,5,2,16,16,misc/CAVE_CHALLENGE#0,,specific_task/CAVE_CHALLENGE#0
specific/task.png,6,2,16,16,,监狱挑战,specific_task/PRISON_CHALLENGE
specific/task.png,7,2,16,16,keys/POT_KEY#0,,specific_task/POT_KEY#0
specific/task.png,8,2,16,16,weapons/TENGU_SWORD#0,盗贼挑战,specific_task/ROGUE_CHALLENGE
specific/task.png,0,3,10,11,,传送坐标,specific_task/TELEPORT_COORDINATE
specific/task.png,3,3,12,16,,秘密藏宝地,specific_task/SECRET_TREASURE_SPOT
specific/task.png,4,3,11,11,,魔法骷髅,specific_task/MAGIC_SKULL
specific/task.png,5,3,9,14,,带电海螺,specific_task/CHARGED_CONCH
specific/task.png,6,3,12,15,,朝廷秘奏,specific_task/COURT_MEMORIAL
