row,cellIndexStart,atlas
0,0,amulet.png
1,28,amulet.png
2,56,consum/food/food.png
3,84,consum/food/food.png
4,112,consum/food/food.png
5,140,consum/food/food.png
6,168,consum/food/food.png
7,196,consum/food/food.png
8,224,consum/food/food.png
9,252,consum/food/food.png
10,280,consum/food/food.png
11,308,consum/food/food.png
12,336,consum/food/food.png
13,364,consum/functional/useful.png
14,392,consum/functional/useful.png
15,420,consum/goods_materials/goods.png
16,448,consum/goods_materials/goods.png
17,476,consum/goods_materials/goods.png
18,504,consum/goods_materials/goods.png
19,532,consum/goods_materials/goods.png
20,560,consum/goods_materials/goods.png
21,588,consum/goods_materials/materials.png
22,616,consum/goods_materials/materials.png
23,644,consum/goods_materials/materials.png
24,672,consum/goods_materials/materials.png
25,700,consum/goods_materials/materials.png
26,728,consum/goods_materials/materials.png
27,756,consum/potion_seed/basic_potion.png
28,784,consum/potion_seed/basic_potion.png
29,812,consum/potion_seed/basic_potion.png
30,840,consum/potion_seed/basic_potion.png
31,868,consum/potion_seed/seed.png
32,896,consum/potion_seed/seed.png
33,924,consum/potion_seed/seed.png
34,952,consum/potion_seed/seed.png
35,980,consum/scroll_amulet/amulet.png
36,1008,consum/scroll_amulet/crystal.png
37,1036,consum/scroll_amulet/crystal.png
38,1064,consum/scroll_amulet/scroll.png
39,1092,consum/scroll_amulet/scroll.png
40,1120,consum/scroll_amulet/scroll.png
41,1148,consum/scroll_amulet/scroll.png
42,1176,consum/summor.png
43,1204,consum/summor.png
44,1232,consum/summor.png
45,1260,consum/summor.png
46,1288,consum/throws.png
47,1316,consum/throws.png
48,1344,consum/throws.png
49,1372,consum/throws.png
50,1400,consum/throws.png
51,1428,consum/throws.png
52,1456,consum/useful/corpse_relics.png
53,1484,consum/useful/process_enhance.png
54,1512,consum/useful/process_enhance.png
55,1540,consum/useful/useful.png
56,1568,consum/useful/useful.png
57,1596,equipment/bags.png
58,1624,equipment/equip/armor/basic_armor.png
59,1652,equipment/equip/armor/basic_armor.png
60,1680,equipment/equip/armor/basic_armor.png
61,1708,equipment/equip/armor/basic_armor.png
62,1736,equipment/equip/armor/basic_armor.png
63,1764,equipment/equip/armor/basic_armor.png
64,1792,equipment/equip/armor/basic_armor.png
65,1820,equipment/equip/armor/basic_armor.png
66,1848,equipment/equip/armor/unique_armor.png
67,1876,equipment/equip/armor/unique_armor.png
68,1904,equipment/equip/armor/unique_armor.png
69,1932,equipment/equip/armor/unique_armor.png
70,1960,equipment/equip/armor/unique_armor.png
71,1988,equipment/equip/armor/unique_armor.png
72,2016,equipment/equip/armor/unique_armor.png
73,2044,equipment/equip/armor/unique_armor.png
74,2072,equipment/equip/weapon/basic_weapon.png
75,2100,equipment/equip/weapon/basic_weapon.png
76,2128,equipment/equip/weapon/basic_weapon.png
77,2156,equipment/equip/weapon/basic_weapon.png
78,2184,equipment/equip/weapon/basic_weapon.png
79,2212,equipment/equip/weapon/basic_weapon.png
80,2240,equipment/equip/weapon/basic_weapon.png
81,2268,equipment/equip/weapon/basic_weapon.png
82,2296,equipment/equip/weapon/bomb.png
83,2324,equipment/equip/weapon/bomb.png
84,2352,equipment/equip/weapon/bomb.png
85,2380,equipment/equip/weapon/unique_weapon.png
86,2408,equipment/equip/weapon/unique_weapon.png
87,2436,equipment/equip/weapon/unique_weapon.png
88,2464,equipment/equip/weapon/unique_weapon.png
89,2492,equipment/equip/weapon/unique_weapon.png
90,2520,equipment/equip/weapon/unique_weapon.png
91,2548,equipment/jewellery/artifact.png
92,2576,equipment/jewellery/artifact.png
93,2604,equipment/jewellery/artifact.png
94,2632,equipment/jewellery/artifact.png
95,2660,equipment/jewellery/ring.png
96,2688,equipment/jewellery/ring.png
97,2716,equipment/jewellery/ring.png
98,2744,equipment/non_equip.png
99,2772,equipment/non_equip.png
100,2800,equipment/non_equip.png
101,2828,equipment/non_equip.png
102,2856,equipment/non_equip.png
103,2884,equipment/non_equip.png
104,2912,equipment/non_equip.png
105,2940,equipment/non_equip.png
106,2968,equipment/wand/basic_wand.png
107,2996,equipment/wand/basic_wand.png
108,3024,equipment/wand/unique_wand.png
109,3052,equipment/wand/unique_wand.png
110,3080,ground/functional_falling.png
111,3108,ground/functional_falling.png
112,3136,ground/grounding_items.png
113,3164,ground/grounding_items.png
114,3192,ground/grounding_items.png
115,3220,ground/grounding_items.png
116,3248,ground/rock.png
117,3276,item_icons.png
118,3304,item_icons.png
119,3332,item_icons.png
120,3360,item_icons.png
121,3388,specific/amulet.png
122,3416,specific/amulet.png
123,3444,specific/currency.png
124,3472,specific/currency.png
125,3500,specific/key.png
126,3528,specific/key.png
127,3556,specific/pages.png
128,3584,specific/pages.png
129,3612,specific/pages.png
130,3640,specific/place_holde_extrar.png
131,3668,specific/place_holde_extrar.png
132,3696,specific/place_holde_extrar.png
133,3724,specific/place_holder.png
134,3752,specific/place_holder.png
135,3780,specific/place_holder.png
136,3808,specific/place_holder.png
137,3836,specific/task.png
138,3864,specific/task.png
139,3892,specific/task.png
140,3920,specific/task.png
